"E:/Unreal Projects/NoNeedToBrain/NoNeedToBrain.uproject" 1
"../../../../Unreal Projects/NoNeedToBrain/Binaries/Win64/UnrealEditor.modules" 2
"../../../Engine/Plugins/AudioGameplayVolume/AudioGameplayVolume.uplugin" 3
"../../../Engine/Plugins/BlueprintFileUtils/BlueprintFileUtils.uplugin" 4
"../../../Engine/Plugins/ChaosClothAssetEditor/ChaosClothAssetEditor.uplugin" 5
"../../../Engine/Plugins/Chooser/Chooser.uplugin" 6
"../../../Engine/Plugins/AudioInsights/AudioInsights.uplugin" 7
"../../../Engine/Plugins/ChaosCloth/ChaosCloth.uplugin" 8
"../../../Engine/Plugins/ChaosClothAsset/ChaosClothAsset.uplugin" 9
"../../../Engine/Plugins/EnhancedInput/EnhancedInput.uplugin" 10
"../../../Engine/Plugins/ChaosInsights/ChaosInsights.uplugin" 11
"../../../Engine/Plugins/ChaosVD/ChaosVD.uplugin" 12
"../../../Engine/Plugins/Bridge/Bridge.uplugin" 13
"../../../Engine/Plugins/CmdLinkServer/CmdLinkServer.uplugin" 14
"../../../Engine/Plugins/DiscoveryBeaconReceiver/DiscoveryBeaconReceiver.uplugin" 15
"../../../Engine/Plugins/AudioGameplay/AudioGameplay.uplugin" 16
"../../../Engine/Plugins/Fab/Fab.uplugin" 17
"../../../Engine/Plugins/MeshPainting/MeshPainting.uplugin" 18
"../../../Engine/Plugins/MassInsights/MassInsights.uplugin" 19
"../../../Engine/Plugins/IoStoreInsights/IoStoreInsights.uplugin" 20
"../../../Engine/Plugins/LightWeightInstancesEditor/LightWeightInstancesEditor.uplugin" 21
"../../../Engine/Plugins/RenderGraphInsights/RenderGraphInsights.uplugin" 22
"../../../Engine/Plugins/JsonBlueprintUtilities/JsonBlueprintUtilities.uplugin" 23
"../../../Engine/Plugins/FastBuildController/FastBuildController.uplugin" 24
"../../../Engine/Plugins/TraceUtilities/TraceUtilities.uplugin" 25
"../../../Engine/Plugins/XGEController/XGEController.uplugin" 26
"../../../Engine/Plugins/Experimental/AbilitySystemGameFeatureActions/AbilitySystemGameFeatureActions.uplugin" 27
"../../../Engine/Plugins/WorldMetrics/WorldMetrics.uplugin" 28
"../../../Engine/Plugins/Mutable/Mutable.uplugin" 29
"../../../Engine/Plugins/TextureGraph/TextureGraph.uplugin" 30
"../../../Engine/Plugins/Experimental/ActorPalette/ActorPalette.uplugin" 31
"../../../Engine/Plugins/Experimental/AdvancedRenamer/AdvancedRenamer.uplugin" 32
"../../../Engine/Plugins/Experimental/AnimNext/AnimNext.uplugin" 33
"../../../Engine/Plugins/Experimental/AnimNextAnimGraph/AnimNextAnimGraph.uplugin" 34
"../../../Engine/Plugins/ScriptPlugin/ScriptPlugin.uplugin" 35
"../../../Engine/Plugins/Experimental/AnimNextChooser/AnimNextChooser.uplugin" 36
"../../../Engine/Plugins/Experimental/AnimNextControlRig/AnimNextControlRig.uplugin" 37
"../../../Engine/Plugins/Experimental/AnimNextStateTree/AnimNextStateTree.uplugin" 38
"../../../Engine/Plugins/Experimental/AnimNextPoseSearch/AnimNextPoseSearch.uplugin" 39
"../../../Engine/Plugins/Experimental/AnimNextWarping/AnimNextWarping.uplugin" 40
"../../../Engine/Plugins/Experimental/AsyncMessageSystem/AsyncMessageSystem.uplugin" 41
"../../../Engine/Plugins/Experimental/AutomationUtils/AutomationUtils.uplugin" 42
"../../../Engine/Plugins/Experimental/AvalancheDataLink/AvalancheDataLink.uplugin" 43
"../../../Engine/Plugins/MemoryUsageQueries/MemoryUsageQueries.uplugin" 44
"../../../Engine/Plugins/PCG/PCG.uplugin" 45
"../../../Engine/Plugins/Experimental/AvalancheDisplayCluster/AvalancheDisplayCluster.uplugin" 46
"../../../Engine/Plugins/Experimental/AsyncMessageSystemTests/AsyncMessageSystemTests.uplugin" 47
"../../../Engine/Plugins/Experimental/AvalancheSequenceNavigator/AvalancheSequenceNavigator.uplugin" 48
"../../../Engine/Plugins/UbaController/UbaController.uplugin" 49
"../../../Engine/Plugins/Experimental/BlueprintSnapNodes/BlueprintSnapNodes.uplugin" 50
"../../../Engine/Plugins/Experimental/BlueprintStats/BlueprintStats.uplugin" 51
"../../../Engine/Plugins/Experimental/Buoyancy/Buoyancy.uplugin" 52
"../../../Engine/Plugins/Experimental/CelestialVault/CelestialVault.uplugin" 53
"../../../Engine/Plugins/Experimental/ChaosCachingUSD/ChaosCachingUSD.uplugin" 54
"../../../Engine/Plugins/Experimental/ChaosClothEditor/ChaosClothEditor.uplugin" 55
"../../../Engine/Plugins/Experimental/ChaosEditor/ChaosEditor.uplugin" 56
"../../../Engine/Plugins/Experimental/ChaosFlesh/ChaosFlesh.uplugin" 57
"../../../Engine/Plugins/Experimental/ChaosModularVehicle/ChaosModularVehicle.uplugin" 58
"../../../Engine/Plugins/Experimental/ChaosModularVehicleExamples/ChaosModularVehicleExamples.uplugin" 59
"../../../Engine/Plugins/Experimental/BackChannel/BackChannel.uplugin" 60
"../../../Engine/Plugins/Experimental/ChaosMover/ChaosMover.uplugin" 61
"../../../Engine/Plugins/Experimental/ChaosNiagara/ChaosNiagara.uplugin" 62
"../../../Engine/Plugins/Experimental/ChaosOutfitAsset/ChaosOutfitAsset.uplugin" 63
"../../../Engine/Plugins/Experimental/ChaosSolverPlugin/ChaosSolverPlugin.uplugin" 64
"../../../Engine/Plugins/Experimental/ChaosUserDataPT/ChaosUserDataPT.uplugin" 65
"../../../Engine/Plugins/Experimental/ChaosVehiclesPlugin/ChaosVehiclesPlugin.uplugin" 66
"../../../Engine/Plugins/Experimental/CharacterAI/CharacterAI.uplugin" 67
"../../../Engine/Plugins/Experimental/AnimToTexture/AnimToTexture.uplugin" 68
"../../../Engine/Plugins/Experimental/CineCameraRigs/CineCameraRigs.uplugin" 69
"../../../Engine/Plugins/Experimental/CineCameraSceneCapture/CineCameraSceneCapture.uplugin" 70
"../../../Engine/Plugins/Experimental/CinematicPrestreaming/CinematicPrestreaming.uplugin" 71
"../../../Engine/Plugins/Experimental/CodeEditor/CodeEditor.uplugin" 72
"../../../Engine/Plugins/Experimental/CodeView/CodeView.uplugin" 73
"../../../Engine/Plugins/Experimental/ColorCorrectRegions/ColorCorrectRegions.uplugin" 74
"../../../Engine/Plugins/Experimental/ControlFlows/ControlFlows.uplugin" 75
"../../../Engine/Plugins/Experimental/CommonConversation/CommonConversation.uplugin" 76
"../../../Engine/Plugins/Experimental/DataLink/DataLink.uplugin" 77
"../../../Engine/Plugins/Experimental/Dataflow/Dataflow.uplugin" 78
"../../../Engine/Plugins/Experimental/DataLinkOAuth/DataLinkOAuth.uplugin" 79
"../../../Engine/Plugins/Experimental/DaySequence/DaySequence.uplugin" 80
"../../../Engine/Plugins/Experimental/DefaultInstallBundleManager/DefaultInstallBundleManager.uplugin" 81
"../../../Engine/Plugins/Experimental/DynamicMaterialMediaStreamBridge/DynamicMaterialMediaStreamBridge.uplugin" 82
"../../../Engine/Plugins/Experimental/EditorDataStorage/EditorDataStorage.uplugin" 83
"../../../Engine/Plugins/Experimental/EditorDataStorageFeatures/EditorDataStorageFeatures.uplugin" 84
"../../../Engine/Plugins/Experimental/EditorPerformance/EditorPerformance.uplugin" 85
"../../../Engine/Plugins/Experimental/EditorTelemetry/EditorTelemetry.uplugin" 86
"../../../Engine/Plugins/Experimental/EvaluationNotifies/EvaluationNotifies.uplugin" 87
"../../../Engine/Plugins/Experimental/FastGeoStreaming/FastGeoStreaming.uplugin" 88
"../../../Engine/Plugins/Experimental/FloatingProperties/FloatingProperties.uplugin" 89
"../../../Engine/Plugins/Experimental/FieldSystemPlugin/FieldSystemPlugin.uplugin" 90
"../../../Engine/Plugins/Experimental/Fracture/Fracture.uplugin" 91
"../../../Engine/Plugins/Experimental/GameInputWindows/GameInputWindows.uplugin" 92
"../../../Engine/Plugins/Experimental/FullBodyIK/FullBodyIK.uplugin" 93
"../../../Engine/Plugins/Experimental/GameplayTargetingSystem/TargetingSystem.uplugin" 94
"../../../Engine/Plugins/Experimental/GameplayBehaviors/GameplayBehaviors.uplugin" 95
"../../../Engine/Plugins/Experimental/Gauntlet/Gauntlet.uplugin" 96
"../../../Engine/Plugins/Experimental/GeometryCacheLevelSequenceBaker/GeometryCacheLevelSequenceBaker.uplugin" 97
"../../../Engine/Plugins/Experimental/GeometryCollectionPlugin/GeometryCollectionPlugin.uplugin" 98
"../../../Engine/Plugins/Experimental/ChaosCaching/ChaosCaching.uplugin" 99
"../../../Engine/Plugins/Experimental/GeometryCacheAbcFile/GeometryCacheAbcFile.uplugin" 100
"../../../Engine/Plugins/Experimental/GeometryFlow/GeometryFlow.uplugin" 101
"../../../Engine/Plugins/Experimental/GizmoFramework/GizmoFramework.uplugin" 102
"../../../Engine/Plugins/Experimental/AvalancheSceneState/AvalancheSceneState.uplugin" 103
"../../../Engine/Plugins/Experimental/GPULightmass/GPULightmass.uplugin" 104
"../../../Engine/Plugins/Experimental/HairCardGenerator/HairCardGenerator.uplugin" 105
"../../../Engine/Plugins/Experimental/HairModelingToolset/HairModelingToolset.uplugin" 106
"../../../Engine/Plugins/Experimental/HairStrandsMutable/HairStrandsMutable.uplugin" 107
"../../../Engine/Plugins/Experimental/ImagePlate/ImagePlate.uplugin" 108
"../../../Engine/Plugins/Experimental/ImageWidgets/ImageWidgets.uplugin" 109
"../../../Engine/Plugins/Experimental/ImpostorBaker/ImpostorBaker.uplugin" 110
"../../../Engine/Plugins/Experimental/InlineMaterialInstance/InlineMaterialInstance.uplugin" 111
"../../../Engine/Plugins/Experimental/InstanceDataObjectFixupTool/InstanceDataObjectFixupTool.uplugin" 112
"../../../Engine/Plugins/Experimental/InteractionInterface/InteractionInterface.uplugin" 113
"../../../Engine/Plugins/Experimental/Landmass/Landmass.uplugin" 114
"../../../Engine/Plugins/Experimental/LearningAgents/LearningAgents.uplugin" 115
"../../../Engine/Plugins/Experimental/GizmoEdMode/GizmoEdMode.uplugin" 116
"../../../Engine/Plugins/Experimental/LiveLinkOpenVR/LiveLinkOpenVR.uplugin" 117
"../../../Engine/Plugins/Experimental/Iris/Iris.uplugin" 118
"../../../Engine/Plugins/Experimental/JWT/JWT.uplugin" 119
"../../../Engine/Plugins/Experimental/LocalizableMessage/LocalizableMessage.uplugin" 120
"../../../Engine/Plugins/Experimental/GameplayGraph/GameplayGraph.uplugin" 121
"../../../Engine/Plugins/Experimental/LandscapePatch/LandscapePatch.uplugin" 122
"../../../Engine/Plugins/Experimental/GeometryDataflow/GeometryDataflow.uplugin" 123
"../../../Engine/Plugins/Experimental/LevelSequenceNavigatorBridge/LevelSequenceNavigatorBridge.uplugin" 124
"../../../Engine/Plugins/Experimental/LowLevelNetTrace/LowLevelNetTrace.uplugin" 125
"../../../Engine/Plugins/Experimental/MediaViewer/MediaViewer.uplugin" 126
"../../../Engine/Plugins/Experimental/MeshResizing/MeshResizing.uplugin" 127
"../../../Engine/Plugins/Experimental/MediaStream/MediaStream.uplugin" 128
"../../../Engine/Plugins/Experimental/MotorSimOutputMotoSynth/MotorSimOutputMotoSynth.uplugin" 129
"../../../Engine/Plugins/Experimental/MeshModelingToolsetExp/MeshModelingToolsetExp.uplugin" 130
"../../../Engine/Plugins/Experimental/LiveLinkControlRig/LiveLinkControlRig.uplugin" 131
"../../../Engine/Plugins/Experimental/MetasoundExperimental/MetasoundExperimental.uplugin" 132
"../../../Engine/Plugins/Experimental/MoverAnimNext/MoverAnimNext.uplugin" 133
"../../../Engine/Plugins/Experimental/LiveLinkFaceImporter/LiveLinkFaceImporter.uplugin" 134
"../../../Engine/Plugins/Experimental/MLflow/MLflow.uplugin" 135
"../../../Engine/Plugins/Experimental/Mover/Mover.uplugin" 136
"../../../Engine/Plugins/Experimental/MoverExamples/MoverExamples.uplugin" 137
"../../../Engine/Plugins/Experimental/MotoSynth/MotoSynth.uplugin" 138
"../../../Engine/Plugins/Experimental/MoverIntegrations/MoverIntegrations.uplugin" 139
"../../../Engine/Plugins/Experimental/MovieSceneAnimMixer/MovieSceneAnimMixer.uplugin" 140
"../../../Engine/Plugins/Experimental/MutableClothing/MutableClothing.uplugin" 141
"../../../Engine/Plugins/Experimental/MovieScenePoseSearchTracks/MovieScenePoseSearchTracks.uplugin" 142
"../../../Engine/Plugins/Experimental/MutablePopulation/MutablePopulation.uplugin" 143
"../../../Engine/Plugins/Experimental/NaniteDisplacedMesh/NaniteDisplacedMesh.uplugin" 144
"../../../Engine/Plugins/Experimental/MoverTests/MoverTests.uplugin" 145
"../../../Engine/Plugins/Experimental/NeuralRendering/NeuralRendering.uplugin" 146
"../../../Engine/Plugins/Experimental/NNERuntimeBasicCpu/NNERuntimeBasicCpu.uplugin" 147
"../../../Engine/Plugins/Experimental/NFORDenoise/NFORDenoise.uplugin" 148
"../../../Engine/Plugins/Experimental/NNERuntimeCoreML/NNERuntimeCoreML.uplugin" 149
"../../../Engine/Plugins/Experimental/NNERuntimeIREE/NNERuntimeIREE.uplugin" 150
"../../../Engine/Plugins/Experimental/OpenImageDenoise/OpenImageDenoise.uplugin" 151
"../../../Engine/Plugins/Experimental/NNERuntimeRDG/NNERuntimeRDG.uplugin" 152
"../../../Engine/Plugins/Experimental/OptiXDenoise/OptiXDenoise.uplugin" 153
"../../../Engine/Plugins/Experimental/PCGBiomeCore/PCGBiomeCore.uplugin" 154
"../../../Engine/Plugins/Experimental/PCGBiomeSample/PCGBiomeSample.uplugin" 155
"../../../Engine/Plugins/Experimental/PanoramicCapture/PanoramicCapture.uplugin" 156
"../../../Engine/Plugins/Experimental/PhysicsControl/PhysicsControl.uplugin" 157
"../../../Engine/Plugins/Experimental/PixelStreamingPlayer/PixelStreamingPlayer.uplugin" 158
"../../../Engine/Plugins/Experimental/PlainProps/PlainProps.uplugin" 159
"../../../Engine/Plugins/Experimental/PlainPropsUObject/PlainPropsUObject.uplugin" 160
"../../../Engine/Plugins/Experimental/PlanarCutPlugin/PlanarCut.uplugin" 161
"../../../Engine/Plugins/Experimental/PlatformCrypto/PlatformCrypto.uplugin" 162
"../../../Engine/Plugins/Experimental/PluginAudit/PluginAudit.uplugin" 163
"../../../Engine/Plugins/Experimental/PostProcessMaterialChainGraph/PostProcessMaterialChainGraph.uplugin" 164
"../../../Engine/Plugins/Experimental/PluginReferenceViewer/PluginReferenceViewer.uplugin" 165
"../../../Engine/Plugins/Experimental/PSDImporter/PSDImporter.uplugin" 166
"../../../Engine/Plugins/Experimental/PluginTemplateTool/PluginTemplateTool.uplugin" 167
"../../../Engine/Plugins/Experimental/PSDImporterMaterialDesignerBridge/PSDImporterMaterialDesignerBridge.uplugin" 168
"../../../Engine/Plugins/Experimental/PythonScriptPlugin/PythonScriptPlugin.uplugin" 169
"../../../Engine/Plugins/Experimental/RawInput/RawInput.uplugin" 170
"../../../Engine/Plugins/Experimental/QuicMessaging/QuicMessaging.uplugin" 171
"../../../Engine/Plugins/Experimental/PythonFoundationPackages/PythonFoundationPackages.uplugin" 172
"../../../Engine/Plugins/Experimental/RemoteSession/RemoteSession.uplugin" 173
"../../../Engine/Plugins/Experimental/RazerChromaDevices/RazerChromaDevices.uplugin" 174
"../../../Engine/Plugins/Experimental/RemoteControlComponents/RemoteControlComponents.uplugin" 175
"../../../Engine/Plugins/Experimental/RigLogicAnimNext/RigLogicAnimNext.uplugin" 176
"../../../Engine/Plugins/Experimental/RenderGrid/RenderGrid.uplugin" 177
"../../../Engine/Plugins/Experimental/RuntimeTelemetry/RuntimeTelemetry.uplugin" 178
"../../../Engine/Plugins/Experimental/SceneState/SceneState.uplugin" 179
"../../../Engine/Plugins/Experimental/RigLogicMutable/RigLogicMutable.uplugin" 180
"../../../Engine/Plugins/Experimental/ScreenReader/ScreenReader.uplugin" 181
"../../../Engine/Plugins/Experimental/SequenceNavigator/SequenceNavigator.uplugin" 182
"../../../Engine/Plugins/Experimental/SecuritySandbox/SecuritySandbox.uplugin" 183
"../../../Engine/Plugins/Experimental/SerializationUtils/SerializationUtils.uplugin" 184
"../../../Engine/Plugins/Experimental/SimpleHMD/SimpleHMD.uplugin" 185
"../../../Engine/Plugins/Experimental/Shotgrid/Shotgrid.uplugin" 186
"../../../Engine/Plugins/Experimental/SlateIM/SlateIM.uplugin" 187
"../../../Engine/Plugins/Experimental/SlateScreenReader/SlateScreenReader.uplugin" 188
"../../../Engine/Plugins/Experimental/SkeletalReduction/SkeletalReduction.uplugin" 189
"../../../Engine/Plugins/Experimental/SlateModelViewViewModel/SlateModelViewViewModel.uplugin" 190
"../../../Engine/Plugins/Experimental/StateGraph/StateGraph.uplugin" 191
"../../../Engine/Plugins/Experimental/SpatialReadiness/SpatialReadiness.uplugin" 192
"../../../Engine/Plugins/Experimental/StructUtils/StructUtils.uplugin" 193
"../../../Engine/Plugins/Experimental/SubtitlesAndClosedCaptions/SubtitlesAndClosedCaptions.uplugin" 194
"../../../Engine/Plugins/Experimental/SubmitToolEditor/SubmitToolEditor.uplugin" 195
"../../../Engine/Plugins/Experimental/SVGImporter/SVGImporter.uplugin" 196
"../../../Engine/Plugins/Experimental/TargetDeviceServicesScripting/TargetDeviceServicesScripting.uplugin" 197
"../../../Engine/Plugins/Experimental/TetMeshing/TetMeshing.uplugin" 198
"../../../Engine/Plugins/Experimental/TechAudioTools/TechAudioTools.uplugin" 199
"../../../Engine/Plugins/Experimental/SurfaceEffects/SurfaceEffects.uplugin" 200
"../../../Engine/Plugins/Experimental/Tensorboard/Tensorboard.uplugin" 201
"../../../Engine/Plugins/Experimental/TextToSpeech/TextToSpeech.uplugin" 202
"../../../Engine/Plugins/Experimental/TextureMediaPlayer/TextureMediaPlayer.uplugin" 203
"../../../Engine/Plugins/Experimental/UIFramework/UIFramework.uplugin" 204
"../../../Engine/Plugins/Experimental/VirtualHeightfieldMesh/VirtualHeightfieldMesh.uplugin" 205
"../../../Engine/Plugins/Experimental/Text3D/Text3D.uplugin" 206
"../../../Engine/Plugins/Experimental/ToolPresets/ToolPresets.uplugin" 207
"../../../Engine/Plugins/Experimental/Volumetrics/Volumetrics.uplugin" 208
"../../../Engine/Plugins/Experimental/VirtualProductionUtilities/VirtualProductionUtilities.uplugin" 209
"../../../Engine/Plugins/Experimental/UserToolBoxCore/UserToolBoxCore.uplugin" 210
"../../../Engine/Plugins/Experimental/UserToolBoxBasicCommand/UserToolBoxBasicCommand.uplugin" 211
"../../../Engine/Plugins/Experimental/WaterExtras/WaterExtras.uplugin" 212
"../../../Engine/Plugins/Experimental/Water/Water.uplugin" 213
"../../../Engine/Plugins/Experimental/WaveFunctionCollapse/WaveFunctionCollapse.uplugin" 214
"../../../Engine/Plugins/Experimental/WebSocketMessaging/WebSocketMessaging.uplugin" 215
"../../../Engine/Plugins/Experimental/WidgetEditorToolPalette/WidgetEditorToolPalette.uplugin" 216
"../../../Engine/Plugins/Experimental/WebSocketNetworking/WebSocketNetworking.uplugin" 217
"../../../Engine/Plugins/Experimental/XRCreativeFramework/XRCreativeFramework.uplugin" 218
"../../../Engine/Plugins/Experimental/Workspace/Workspace.uplugin" 219
"../../../Engine/Plugins/Interchange/Assets/InterchangeAssets.uplugin" 220
"../../../Engine/Plugins/Interchange/Editor/InterchangeEditor.uplugin" 221
"../../../Engine/Plugins/Experimental/WaterAdvanced/WaterAdvanced.uplugin" 222
"../../../Engine/Plugins/Media/AndroidCamera/AndroidCamera.uplugin" 223
"../../../Engine/Plugins/Media/AjaMedia/AjaMedia.uplugin" 224
"../../../Engine/Plugins/Interchange/Runtime/Interchange.uplugin" 225
"../../../Engine/Plugins/Media/AndroidMedia/AndroidMedia.uplugin" 226
"../../../Engine/Plugins/Media/AppleProResMedia/AppleProResMedia.uplugin" 227
"../../../Engine/Plugins/Media/AudioCaptureTimecodeProvider/AudioCaptureTimecodeProvider.uplugin" 228
"../../../Engine/Plugins/Media/BinkMedia/BinkMedia.uplugin" 229
"../../../Engine/Plugins/Media/AppleProResDecoderElectra/AppleProResDecoderElectra.uplugin" 230
"../../../Engine/Plugins/Media/BlackmagicMedia/BlackmagicMedia.uplugin" 231
"../../../Engine/Plugins/Media/AvidDNxMedia/AvidDNxMedia.uplugin" 232
"../../../Engine/Plugins/Media/AvfMedia/AvfMedia.uplugin" 233
"../../../Engine/Plugins/Media/AvidDNxHDDecoderElectra/AvidDNxHDDecoderElectra.uplugin" 234
"../../../Engine/Plugins/Media/D3D12VideoDecodersElectra/D3D12VideoDecodersElectra.uplugin" 235
"../../../Engine/Plugins/Media/ElectraCDM/ElectraCDM.uplugin" 236
"../../../Engine/Plugins/Media/ElectraCodecs/ElectraCodecs.uplugin" 237
"../../../Engine/Plugins/Media/HAPDecoderElectra/HAPDecoderElectra.uplugin" 238
"../../../Engine/Plugins/Media/ElectraPlayer/ElectraPlayer.uplugin" 239
"../../../Engine/Plugins/Media/HAPMedia/HAPMedia.uplugin" 240
"../../../Engine/Plugins/Media/ElectraSubtitles/ElectraSubtitles.uplugin" 241
"../../../Engine/Plugins/Media/HardwareEncoders/HardwareEncoders.uplugin" 242
"../../../Engine/Plugins/Media/MediaFrameworkUtilities/MediaFrameworkUtilities.uplugin" 243
"../../../Engine/Plugins/Media/MediaPlayerEditor/MediaPlayerEditor.uplugin" 244
"../../../Engine/Plugins/Media/MediaMovieStreamer/MediaMovieStreamer.uplugin" 245
"../../../Engine/Plugins/Media/ImgMedia/ImgMedia.uplugin" 246
"../../../Engine/Plugins/Media/FlacDecoderElectra/FlacDecoderElectra.uplugin" 247
"../../../Engine/Plugins/Media/MediaCompositing/MediaCompositing.uplugin" 248
"../../../Engine/Plugins/Media/ElectraUtil/ElectraUtil.uplugin" 249
"../../../Engine/Plugins/Media/MediaIOFramework/MediaIOFramework.uplugin" 250
"../../../Engine/Plugins/Media/MediaPlate/MediaPlate.uplugin" 251
"../../../Engine/Plugins/Media/MfMedia/MfMedia.uplugin" 252
"../../../Engine/Plugins/Media/OpusDecoderElectra/OpusDecoderElectra.uplugin" 253
"../../../Engine/Plugins/Media/LinearTimecode/LinearTimecode.uplugin" 254
"../../../Engine/Plugins/Media/PixelCapture/PixelCapture.uplugin" 255
"../../../Engine/Plugins/Media/NDIMedia/NDIMedia.uplugin" 256
"../../../Engine/Plugins/Media/WebMMedia/WebMMedia.uplugin" 257
"../../../Engine/Plugins/Media/VPxDecoderElectra/VPxDecoderElectra.uplugin" 258
"../../../Engine/Plugins/Media/PixelStreaming/PixelStreaming.uplugin" 259
"../../../Engine/Plugins/Media/PixelStreaming2/PixelStreaming2.uplugin" 260
"../../../Engine/Plugins/Messaging/TcpMessaging/TcpMessaging.uplugin" 261
"../../../Engine/Plugins/Messaging/UdpMessaging/UdpMessaging.uplugin" 262
"../../../Engine/Plugins/Media/WmfMedia/WmfMedia.uplugin" 263
"../../../Engine/Plugins/Messaging/MessagingDebugger/MessagingDebugger.uplugin" 264
"../../../Engine/Plugins/NNE/NNEDenoiser/NNEDenoiser.uplugin" 265
"../../../Engine/Plugins/Media/TimecodeSynchronizer/TimecodeSynchronizer.uplugin" 266
"../../../Engine/Plugins/NNE/NNERuntimeORT/NNERuntimeORT.uplugin" 267
"../../../Engine/Plugins/PCGInterops/PCGExternalDataInterop/PCGExternalDataInterop.uplugin" 268
"../../../Engine/Plugins/PCGInterops/PCGGeometryScriptInterop/PCGGeometryScriptInterop.uplugin" 269
"../../../Engine/Plugins/Performance/AutomatedPerfTesting/AutomatedPerfTesting.uplugin" 270
"../../../Engine/Plugins/Protocols/MQTT/MQTT.uplugin" 271
"../../../Engine/Plugins/Web/HttpBlueprint/HttpBlueprint.uplugin" 272
"../../../Engine/Plugins/Performance/PerformanceMonitor/PerformanceMonitor.uplugin" 273
"../../../Engine/Plugins/Slate/SlateInsights/SlateInsights.uplugin" 274
"../../../Engine/Plugins/Slate/SlateScripting/SlateScripting.uplugin" 275
"../../../Engine/Plugins/Tests/AutomationDriverTests/AutomationDriverTests.uplugin" 276
"../../../Engine/Plugins/Tests/CQTestEnhancedInput/CQTestEnhancedInput.uplugin" 277
"../../../Engine/Plugins/Tests/FbxAutomationTestBuilder/FbxAutomationTestBuilder.uplugin" 278
"../../../Engine/Plugins/Tests/CQTest/CQTest.uplugin" 279
"../../../Engine/Plugins/Tests/EditorTests/EditorTests.uplugin" 280
"../../../Engine/Plugins/Tests/FunctionalTestingEditor/FunctionalTestingEditor.uplugin" 281
"../../../Engine/Plugins/Tests/PythonAutomationTest/PythonAutomationTest.uplugin" 282
"../../../Engine/Plugins/Tests/InterchangeTests/InterchangeTests.uplugin" 283
"../../../Engine/Plugins/Tests/TestSamples/TestSamples.uplugin" 284
"../../../Engine/Plugins/Tests/RHITests/RHITests.uplugin" 285
"../../../Engine/Plugins/Tests/TestFramework/TestFramework.uplugin" 286
"../../../Engine/Plugins/Tests/WidgetAutomationTests/WidgetAutomationTests.uplugin" 287
"../../../Engine/Plugins/Tests/RuntimeTests/RuntimeTests.uplugin" 288
"../../../Engine/Plugins/VirtualProduction/ActorModifier/ActorModifier.uplugin" 289
"../../../Engine/Plugins/VirtualProduction/Avalanche/Avalanche.uplugin" 290
"../../../Engine/Plugins/VirtualProduction/ActorModifierCore/ActorModifierCore.uplugin" 291
"../../../Engine/Plugins/VirtualProduction/CameraCalibration/CameraCalibration.uplugin" 292
"../../../Engine/Plugins/VirtualProduction/CaptureData/CaptureData.uplugin" 293
"../../../Engine/Plugins/VirtualProduction/CameraCalibrationCore/CameraCalibrationCore.uplugin" 294
"../../../Engine/Plugins/VirtualProduction/CinematicAssemblyTools/CinematicAssemblyTools.uplugin" 295
"../../../Engine/Plugins/VirtualProduction/ClonerEffector/ClonerEffector.uplugin" 296
"../../../Engine/Plugins/VirtualProduction/CompositePlane/CompositePlane.uplugin" 297
"../../../Engine/Plugins/VirtualProduction/DataCharts/DataCharts.uplugin" 298
"../../../Engine/Plugins/VirtualProduction/DynamicMaterial/DynamicMaterial.uplugin" 299
"../../../Engine/Plugins/VirtualProduction/CustomDetailsView/CustomDetailsView.uplugin" 300
"../../../Engine/Plugins/VirtualProduction/CameraCalibrationML/CameraCalibrationML.uplugin" 301
"../../../Engine/Plugins/VirtualProduction/ICVFXTesting/ICVFXTesting.uplugin" 302
"../../../Engine/Plugins/VirtualProduction/ICVFX/ICVFX.uplugin" 303
"../../../Engine/Plugins/VirtualProduction/EpicStageApp/EpicStageApp.uplugin" 304
"../../../Engine/Plugins/VirtualProduction/GeometryMask/GeometryMask.uplugin" 305
"../../../Engine/Plugins/VirtualProduction/LensComponent/LensComponent.uplugin" 306
"../../../Engine/Plugins/VirtualProduction/LevelSnapshots/LevelSnapshots.uplugin" 307
"../../../Engine/Plugins/VirtualProduction/LiveLinkLens/LiveLinkLens.uplugin" 308
"../../../Engine/Plugins/VirtualProduction/LiveLinkFreeD/LiveLinkFreeD.uplugin" 309
"../../../Engine/Plugins/VirtualProduction/LiveLinkPrestonMDR/LiveLinkPrestonMDR.uplugin" 310
"../../../Engine/Plugins/VirtualProduction/LiveLinkCamera/LiveLinkCamera.uplugin" 311
"../../../Engine/Plugins/VirtualProduction/LiveLinkMasterLockit/LiveLinkMasterLockit.uplugin" 312
"../../../Engine/Plugins/VirtualProduction/LiveLinkInputDevice/LiveLinkInputDevice.uplugin" 313
"../../../Engine/Plugins/VirtualProduction/LiveLinkVRPN/LiveLinkVRPN.uplugin" 314
"../../../Engine/Plugins/VirtualProduction/LiveLinkOpenTrackIO/LiveLinkOpenTrackIO.uplugin" 315
"../../../Engine/Plugins/VirtualProduction/MultiUserTakes/MultiUserTakes.uplugin" 316
"../../../Engine/Plugins/VirtualProduction/LiveLinkXR/LiveLinkXR.uplugin" 317
"../../../Engine/Plugins/VirtualProduction/PropertyAnimator/PropertyAnimator.uplugin" 318
"../../../Engine/Plugins/VirtualProduction/OperatorStack/OperatorStack.uplugin" 319
"../../../Engine/Plugins/VirtualProduction/PerformanceCaptureWorkflow/PerformanceCaptureWorkflow.uplugin" 320
"../../../Engine/Plugins/VirtualProduction/RemoteControlInterception/RemoteControlInterception.uplugin" 321
"../../../Engine/Plugins/VirtualProduction/PropertyAnimatorCore/PropertyAnimatorCore.uplugin" 322
"../../../Engine/Plugins/VirtualProduction/RemoteControlProtocolDMX/RemoteControlProtocolDMX.uplugin" 323
"../../../Engine/Plugins/VirtualProduction/RemoteControlProtocolMIDI/RemoteControlProtocolMIDI.uplugin" 324
"../../../Engine/Plugins/VirtualProduction/RemoteControl/RemoteControl.uplugin" 325
"../../../Engine/Plugins/VirtualProduction/RemoteControlWebInterface/RemoteControlWebInterface.uplugin" 326
"../../../Engine/Plugins/VirtualProduction/SequencerPlaylists/SequencerPlaylists.uplugin" 327
"../../../Engine/Plugins/VirtualProduction/RemoteControlProtocolOSC/RemoteControlProtocolOSC.uplugin" 328
"../../../Engine/Plugins/VirtualProduction/TextureShare/TextureShare.uplugin" 329
"../../../Engine/Plugins/VirtualProduction/StageMonitoring/StageMonitoring.uplugin" 330
"../../../Engine/Plugins/VirtualProduction/StormSyncAvalancheBridge/StormSyncAvalancheBridge.uplugin" 331
"../../../Engine/Plugins/VirtualProduction/Switchboard/Switchboard.uplugin" 332
"../../../Engine/Plugins/VirtualProduction/StormSync/StormSync.uplugin" 333
"../../../Engine/Plugins/VirtualProduction/TimedDataMonitor/TimedDataMonitor.uplugin" 334
"../../../Engine/Plugins/VirtualProduction/VirtualScouting/VirtualScouting.uplugin" 335
"../../../Engine/Plugins/VirtualProduction/Takes/Takes.uplugin" 336
"../../../Engine/Plugins/VirtualProduction/VirtualCameraCore/VirtualCameraCore.uplugin" 337
"../../../Engine/Plugins/VirtualProduction/VirtualCamera/VirtualCamera.uplugin" 338
"../../../Engine/Plugins/AI/HTNPlanner/HTNPlanner.uplugin" 339
"../../../Engine/Plugins/AI/AISupport/AISupport.uplugin" 340
"../../../Engine/Plugins/2D/Paper2D/Paper2D.uplugin" 341
"../../../Engine/Plugins/AI/MassCrowd/MassCrowd.uplugin" 342
"../../../Engine/Plugins/AI/EnvironmentQueryEditor/EnvironmentQueryEditor.uplugin" 343
"../../../Engine/Plugins/AI/MassAI/MassAI.uplugin" 344
"../../../Engine/Plugins/AI/MLAdapter/MLAdapter.uplugin" 345
"../../../Engine/Plugins/Animation/AnimationLocomotionLibrary/AnimationLocomotionLibrary.uplugin" 346
"../../../Engine/Plugins/Animation/AnimationData/AnimationData.uplugin" 347
"../../../Engine/Plugins/Animation/ACLPlugin/ACLPlugin.uplugin" 348
"../../../Engine/Plugins/Animation/AnimationWarping/AnimationWarping.uplugin" 349
"../../../Engine/Plugins/Animation/AnimationModifierLibrary/AnimationModifierLibrary.uplugin" 350
"../../../Engine/Plugins/Animation/BlendSpaceMotionAnalysis/BlendSpaceMotionAnalysis.uplugin" 351
"../../../Engine/Plugins/Animation/AnimatorKit/AnimatorKit.uplugin" 352
"../../../Engine/Plugins/Animation/BlendStack/BlendStack.uplugin" 353
"../../../Engine/Plugins/Animation/ControlRig/ControlRig.uplugin" 354
"../../../Engine/Plugins/Animation/ControlRigSpline/ControlRigSpline.uplugin" 355
"../../../Engine/Plugins/Animation/DNACalib/DNACalib.uplugin" 356
"../../../Engine/Plugins/Animation/LiveLink/LiveLink.uplugin" 357
"../../../Engine/Plugins/Animation/GameplayInsights/GameplayInsights.uplugin" 358
"../../../Engine/Plugins/Animation/IKRig/IKRig.uplugin" 359
"../../../Engine/Plugins/Animation/GeneSplicer/GeneSplicer.uplugin" 360
"../../../Engine/Plugins/Animation/DeformerGraph/DeformerGraph.uplugin" 361
"../../../Engine/Plugins/Animation/LiveLinkCurveDebugUI/LiveLinkCurveDebugUI.uplugin" 362
"../../../Engine/Plugins/Animation/ControlRigModules/ControlRigModules.uplugin" 363
"../../../Engine/Plugins/Animation/LiveLinkDevice/LiveLinkDevice.uplugin" 364
"../../../Engine/Plugins/Animation/LiveLinkExampleDevice/LiveLinkExampleDevice.uplugin" 365
"../../../Engine/Plugins/Animation/LiveLinkHub/LiveLinkHub.uplugin" 366
"../../../Engine/Plugins/Animation/RigLogic/RigLogic.uplugin" 367
"../../../Engine/Plugins/Animation/MotionWarping/MotionWarping.uplugin" 368
"../../../Engine/Plugins/Animation/PerformanceCaptureCore/PerformanceCaptureCore.uplugin" 369
"../../../Engine/Plugins/Animation/PoseSearch/PoseSearch.uplugin" 370
"../../../Engine/Plugins/Animation/SkeletalMeshModelingTools/SkeletalMeshModelingTools.uplugin" 371
"../../../Engine/Plugins/Cameras/GameplayCameras/GameplayCameras.uplugin" 372
"../../../Engine/Plugins/Cameras/CameraShakePreviewer/CameraShakePreviewer.uplugin" 373
"../../../Engine/Plugins/Compositing/Composure/Composure.uplugin" 374
"../../../Engine/Plugins/Cameras/EngineCameras/EngineCameras.uplugin" 375
"../../../Engine/Plugins/Compositing/OpenColorIO/OpenColorIO.uplugin" 376
"../../../Engine/Plugins/Compositing/LensDistortion/LensDistortion.uplugin" 377
"../../../Engine/Plugins/Developer/BlankPlugin/BlankPlugin.uplugin" 378
"../../../Engine/Plugins/Compositing/OpenCVLensDistortion/OpenCVLensDistortion.uplugin" 379
"../../../Engine/Plugins/Compression/OodleNetwork/OodleNetwork.uplugin" 380
"../../../Engine/Plugins/Developer/AnimationSharing/AnimationSharing.uplugin" 381
"../../../Engine/Plugins/Developer/CLionSourceCodeAccess/CLionSourceCodeAccess.uplugin" 382
"../../../Engine/Plugins/Developer/CodeLiteSourceCodeAccess/CodeLiteSourceCodeAccess.uplugin" 383
"../../../Engine/Plugins/Developer/DirectoryPlaceholder/DirectoryPlaceholder.uplugin" 384
"../../../Engine/Plugins/Developer/DumpGPUServices/DumpGPUServices.uplugin" 385
"../../../Engine/Plugins/Animation/TweeningUtils/TweeningUtils.uplugin" 386
"../../../Engine/Plugins/Developer/GitSourceControl/GitSourceControl.uplugin" 387
"../../../Engine/Plugins/Developer/KDevelopSourceCodeAccess/KDevelopSourceCodeAccess.uplugin" 388
"../../../Engine/Plugins/Developer/OneSkyLocalizationService/OneSkyLocalizationService.uplugin" 389
"../../../Engine/Plugins/Developer/N10XSourceCodeAccess/N10XSourceCodeAccess.uplugin" 390
"../../../Engine/Plugins/Developer/NamingTokens/NamingTokens.uplugin" 391
"../../../Engine/Plugins/Developer/NullSourceCodeAccess/NullSourceCodeAccess.uplugin" 392
"../../../Engine/Plugins/Developer/PerforceSourceControl/PerforceSourceControl.uplugin" 393
"../../../Engine/Plugins/Developer/PixWinPlugin/PixWinPlugin.uplugin" 394
"../../../Engine/Plugins/Developer/PropertyAccessNode/PropertyAccessNode.uplugin" 395
"../../../Engine/Plugins/Developer/PluginUtils/PluginUtils.uplugin" 396
"../../../Engine/Plugins/Developer/ProjectLauncher/ProjectLauncher.uplugin" 397
"../../../Engine/Plugins/Developer/PlasticSourceControl/PlasticSourceControl.uplugin" 398
"../../../Engine/Plugins/Developer/SubversionSourceControl/SubversionSourceControl.uplugin" 399
"../../../Engine/Plugins/Developer/RenderDocPlugin/RenderDocPlugin.uplugin" 400
"../../../Engine/Plugins/Developer/RiderSourceCodeAccess/RiderSourceCodeAccess.uplugin" 401
"../../../Engine/Plugins/Developer/TraceSourceFiltering/TraceSourceFilters.uplugin" 402
"../../../Engine/Plugins/Developer/TraceDataFiltering/TraceDataFilters.uplugin" 403
"../../../Engine/Plugins/Developer/TextureFormatOodle/TextureFormatOodle.uplugin" 404
"../../../Engine/Plugins/Developer/VisualStudioSourceCodeAccess/VisualStudioSourceCodeAccess.uplugin" 405
"../../../Engine/Plugins/Developer/XcodeGPUDebuggerPlugin/XcodeGPUDebuggerPlugin.uplugin" 406
"../../../Engine/Plugins/Developer/VisualStudioCodeSourceCodeAccess/VisualStudioCodeSourceCodeAccess.uplugin" 407
"../../../Engine/Plugins/Developer/XCodeSourceCodeAccess/XCodeSourceCodeAccess.uplugin" 408
"../../../Engine/Plugins/Editor/AssetManagerEditor/AssetManagerEditor.uplugin" 409
"../../../Engine/Plugins/Editor/BlueprintHeaderView/BlueprintHeaderView.uplugin" 410
"../../../Engine/Plugins/Editor/AssetReferenceRestrictions/AssetReferenceRestrictions.uplugin" 411
"../../../Engine/Plugins/Editor/AssetSearch/AssetSearch.uplugin" 412
"../../../Engine/Plugins/Editor/CurveEditorTools/CurveEditorTools.uplugin" 413
"../../../Engine/Plugins/Editor/BlueprintMaterialTextureNodes/BlueprintMaterialTextureNodes.uplugin" 414
"../../../Engine/Plugins/Developer/FieldNotificationTrace/FieldNotificationTrace.uplugin" 415
"../../../Engine/Plugins/Editor/AssetRegistryExport/AssetRegistryExport.uplugin" 416
"../../../Engine/Plugins/Editor/DataValidation/DataValidation.uplugin" 417
"../../../Engine/Plugins/Editor/CryptoKeys/CryptoKeys.uplugin" 418
"../../../Engine/Plugins/Developer/UObjectPlugin/UObjectPlugin.uplugin" 419
"../../../Engine/Plugins/Editor/EditorScriptingUtilities/EditorScriptingUtilities.uplugin" 420
"../../../Engine/Plugins/Editor/EditorDebugTools/EditorDebugTools.uplugin" 421
"../../../Engine/Plugins/Editor/ColorGrading/ColorGrading.uplugin" 422
"../../../Engine/Plugins/Editor/ChangelistReview/ChangelistReview.uplugin" 423
"../../../Engine/Plugins/Editor/ConsoleVariablesEditor/ConsoleVariables.uplugin" 424
"../../../Engine/Plugins/Editor/FacialAnimation/FacialAnimation.uplugin" 425
"../../../Engine/Plugins/Editor/GameplayTagsEditor/GameplayTagsEditor.uplugin" 426
"../../../Engine/Plugins/Editor/GuidedTutorials/GuidedTutorials.uplugin" 427
"../../../Engine/Plugins/Editor/LiveUpdateForSlate/LiveUpdateForSlate.uplugin" 428
"../../../Engine/Plugins/Editor/GeometryMode/GeometryMode.uplugin" 429
"../../../Engine/Plugins/Editor/DisplayClusterLaunch/DisplayClusterLaunch.uplugin" 430
"../../../Engine/Plugins/Editor/EditorSysConfigAssistant/EditorSysConfigAssistant.uplugin" 431
"../../../Engine/Plugins/Editor/MacGraphicsSwitching/MacGraphicsSwitching.uplugin" 432
"../../../Engine/Plugins/Editor/MaterialAnalyzer/MaterialAnalyzer.uplugin" 433
"../../../Engine/Plugins/Editor/MakeCookedEditorAsDLC/MakeCookedEditorAsDLC.uplugin" 434
"../../../Engine/Plugins/Editor/MeshLODToolset/MeshLODToolset.uplugin" 435
"../../../Engine/Plugins/Editor/MobileLauncherProfileWizard/MobileLauncherProfileWizard.uplugin" 436
"../../../Engine/Plugins/Editor/ModelingToolsEditorMode/ModelingToolsEditorMode.uplugin" 437
"../../../Engine/Plugins/Editor/ModelViewViewModelPreview/ModelViewViewModelPreview.uplugin" 438
"../../../Engine/Plugins/Editor/PluginBrowser/PluginBrowser.uplugin" 439
"../../../Engine/Plugins/Editor/ProxyLODPlugin/ProxyLODPlugin.uplugin" 440
"../../../Engine/Plugins/Editor/SampleToolsEditorMode/SampleToolsEditorMode.uplugin" 441
"../../../Engine/Plugins/Editor/ScriptableToolsEditorMode/ScriptableToolsEditorMode.uplugin" 442
"../../../Engine/Plugins/Editor/SequencerAnimTools/SequencerAnimTools.uplugin" 443
"../../../Engine/Plugins/Editor/StaticMeshEditorModeling/StaticMeshEditorModeling.uplugin" 444
"../../../Engine/Plugins/Editor/StylusInput/StylusInput.uplugin" 445
"../../../Engine/Plugins/Editor/SpeedTreeImporter/SpeedTreeImporter.uplugin" 446
"../../../Engine/Plugins/Editor/UMGWidgetPreview/UMGWidgetPreview.uplugin" 447
"../../../Engine/Plugins/Editor/WorldPartitionHLODUtilities/WorldPartitionHLODUtilities.uplugin" 448
"../../../Engine/Plugins/Editor/WaveformEditor/WaveformEditor.uplugin" 449
"../../../Engine/Plugins/Enterprise/AxFImporter/AxFImporter.uplugin" 450
"../../../Engine/Plugins/Editor/EngineAssetDefinitions/EngineAssetDefinitions.uplugin" 451
"../../../Engine/Plugins/Enterprise/DataprepEditor/DataprepEditor.uplugin" 452
"../../../Engine/Plugins/Enterprise/DatasmithFBXImporter/DatasmithFBXImporter.uplugin" 453
"../../../Engine/Plugins/Enterprise/DatasmithImporter/DatasmithImporter.uplugin" 454
"../../../Engine/Plugins/Editor/UVEditor/UVEditor.uplugin" 455
"../../../Engine/Plugins/Enterprise/LidarPointCloud/LidarPointCloud.uplugin" 456
"../../../Engine/Plugins/Enterprise/DatasmithC4DImporter/DatasmithC4DImporter.uplugin" 457
"../../../Engine/Plugins/Enterprise/VariantManager/VariantManager.uplugin" 458
"../../../Engine/Plugins/Enterprise/GLTFExporter/GLTFExporter.uplugin" 459
"../../../Engine/Plugins/Enterprise/MDLImporter/MDLImporter.uplugin" 460
"../../../Engine/Plugins/Enterprise/VariantManagerContent/VariantManagerContent.uplugin" 461
"../../../Engine/Plugins/FX/CascadeToNiagaraConverter/CascadeToNiagaraConverter.uplugin" 462
"../../../Engine/Plugins/FX/ExampleCustomDataInterface/ExampleCustomDataInterface.uplugin" 463
"../../../Engine/Plugins/FX/Niagara/Niagara.uplugin" 464
"../../../Engine/Plugins/Enterprise/DatasmithCADImporter/DatasmithCADImporter.uplugin" 465
"../../../Engine/Plugins/FX/NiagaraMRQ/NiagaraMRQ.uplugin" 466
"../../../Engine/Plugins/FX/Cascade/Cascade.uplugin" 467
"../../../Engine/Plugins/Importers/AlembicImporter/AlembicImporter.uplugin" 468
"../../../Engine/Plugins/Importers/USDImporter/USDImporter.uplugin" 469
"../../../Engine/Plugins/FX/NiagaraSimCaching/NiagaraSimCaching.uplugin" 470
"../../../Engine/Plugins/Importers/AlembicHairImporter/AlembicHairImporter.uplugin" 471
"../../../Engine/Plugins/Importers/USDMultiUser/USDMultiUser.uplugin" 472
"../../../Engine/Plugins/MetaHuman/MetaHumanAnimator/MetaHuman.uplugin" 473
"../../../Engine/Plugins/MetaHuman/MetaHumanLiveLink/MetaHumanLiveLink.uplugin" 474
"../../../Engine/Plugins/MetaHuman/MetaHumanCalibrationProcessing/MetaHumanCalibrationProcessing.uplugin" 475
"../../../Engine/Plugins/Importers/USDImporterMDL/USDImporterMDL.uplugin" 476
"../../../Engine/Plugins/MetaHuman/MetaHumanCharacter/MetaHumanCharacter.uplugin" 477
"../../../Engine/Plugins/MetaHuman/MetaHumanCoreTechLib/MetaHumanCoreTech.uplugin" 478
"../../../Engine/Plugins/MovieScene/ActorSequence/ActorSequence.uplugin" 479
"../../../Engine/Plugins/MetaHuman/MetaHumanSDK/MetaHumanSDK.uplugin" 480
"../../../Engine/Plugins/MovieScene/LevelSequenceEditor/LevelSequenceEditor.uplugin" 481
"../../../Engine/Plugins/MovieScene/CustomizableSequencerTracks/CustomizableSequencerTracks.uplugin" 482
"../../../Engine/Plugins/MovieScene/MovieRenderPipeline/MovieRenderPipeline.uplugin" 483
"../../../Engine/Plugins/MovieScene/MovieSceneTextTrack/MovieSceneTextTrack.uplugin" 484
"../../../Engine/Plugins/MovieScene/MoviePipelineMaskRenderPass/MoviePipelineMaskRenderPass.uplugin" 485
"../../../Engine/Plugins/MovieScene/ReplayTracks/ReplayTracks.uplugin" 486
"../../../Engine/Plugins/MovieScene/SequencerScripting/SequencerScripting.uplugin" 487
"../../../Engine/Plugins/MovieScene/TemplateSequence/TemplateSequence.uplugin" 488
"../../../Engine/Plugins/NetcodeUnitTest/NUTUnrealEngine/NUTUnrealEngine.uplugin" 489
"../../../Engine/Plugins/Online/EOSShared/EOSShared.uplugin" 490
"../../../Engine/Plugins/Online/OnlineBase/OnlineBase.uplugin" 491
"../../../Engine/Plugins/Online/OnlineServicesEOS/OnlineServicesEOS.uplugin" 492
"../../../Engine/Plugins/Online/OnlineFramework/OnlineFramework.uplugin" 493
"../../../Engine/Plugins/NetcodeUnitTest/NetcodeUnitTest/NetcodeUnitTest.uplugin" 494
"../../../Engine/Plugins/Online/OnlineServices/OnlineServices.uplugin" 495
"../../../Engine/Plugins/Online/OnlineServicesEpicCommon/OnlineServicesEpicCommon.uplugin" 496
"../../../Engine/Plugins/Online/OnlineServicesEOSGS/OnlineServicesEOSGS.uplugin" 497
"../../../Engine/Plugins/Online/OnlineServicesNull/OnlineServicesNull.uplugin" 498
"../../../Engine/Plugins/Online/OnlineSubsystem/OnlineSubsystem.uplugin" 499
"../../../Engine/Plugins/Online/EOSOverlayInputProvider/EOSOverlayInputProvider.uplugin" 500
"../../../Engine/Plugins/Enterprise/DatasmithContent/DatasmithContent.uplugin" 501
"../../../Engine/Plugins/Online/OnlineSubsystemAmazon/OnlineSubsystemAmazon.uplugin" 502
"../../../Engine/Plugins/Online/OnlineSubsystemGoogle/OnlineSubsystemGoogle.uplugin" 503
"../../../Engine/Plugins/FX/NiagaraFluids/NiagaraFluids.uplugin" 504
"../../../Engine/Plugins/Online/OnlineSubsystemEOS/OnlineSubsystemEOS.uplugin" 505
"../../../Engine/Plugins/Online/OnlineSubsystemApple/OnlineSubsystemApple.uplugin" 506
"../../../Engine/Plugins/Online/OnlineSubsystemUtils/OnlineSubsystemUtils.uplugin" 507
"../../../Engine/Plugins/Online/SocketSubsystemSteamIP/SocketSubsystemSteamIP.uplugin" 508
"../../../Engine/Plugins/Online/WebAuth/WebAuth.uplugin" 509
"../../../Engine/Plugins/Online/OnlineServicesOSSAdapter/OnlineServicesOSSAdapter.uplugin" 510
"../../../Engine/Plugins/Online/SocketSubsystemEOS/SocketSubsystemEOS.uplugin" 511
"../../../Engine/Plugins/Runtime/ActorLayerUtilities/ActorLayerUtilities.uplugin" 512
"../../../Engine/Plugins/Online/OnlineSubsystemTencent/OnlineSubsystemTencent.uplugin" 513
"../../../Engine/Plugins/Runtime/ADM/ADM.uplugin" 514
"../../../Engine/Plugins/Runtime/AndroidDeviceProfileSelector/AndroidDeviceProfileSelector.uplugin" 515
"../../../Engine/Plugins/Online/OnlineSubsystemFacebook/OnlineSubsystemFacebook.uplugin" 516
"../../../Engine/Plugins/Runtime/AndroidFileServer/AndroidFileServer.uplugin" 517
"../../../Engine/Plugins/Runtime/AndroidBackgroundService/AndroidBackgroundService.uplugin" 518
"../../../Engine/Plugins/Portal/LauncherChunkInstaller/LauncherChunkInstaller.uplugin" 519
"../../../Engine/Plugins/Runtime/AndroidPermission/AndroidPermission.uplugin" 520
"../../../Engine/Plugins/Online/OnlineSubsystemSteam/OnlineSubsystemSteam.uplugin" 521
"../../../Engine/Plugins/Runtime/AndroidMoviePlayer/AndroidMoviePlayer.uplugin" 522
"../../../Engine/Plugins/Runtime/AppleImageUtils/AppleImageUtils.uplugin" 523
"../../../Engine/Plugins/Runtime/AppleMoviePlayer/AppleMoviePlayer.uplugin" 524
"../../../Engine/Plugins/Runtime/ApexDestruction/ApexDestruction.uplugin" 525
"../../../Engine/Plugins/Runtime/ArchVisCharacter/ArchVisCharacter.uplugin" 526
"../../../Engine/Plugins/Runtime/AssetTags/AssetTags.uplugin" 527
"../../../Engine/Plugins/Runtime/AudioModulation/AudioModulation.uplugin" 528
"../../../Engine/Plugins/Runtime/AudioSynesthesia/AudioSynesthesia.uplugin" 529
"../../../Engine/Plugins/Runtime/AudioCapture/AudioCapture.uplugin" 530
"../../../Engine/Plugins/Runtime/AudioWidgets/AudioWidgets.uplugin" 531
"../../../Engine/Plugins/Runtime/CableComponent/CableComponent.uplugin" 532
"../../../Engine/Plugins/Runtime/ChunkDownloader/ChunkDownloader.uplugin" 533
"../../../Engine/Plugins/Runtime/CommonUI/CommonUI.uplugin" 534
"../../../Engine/Plugins/Runtime/ComputeFramework/ComputeFramework.uplugin" 535
"../../../Engine/Plugins/Runtime/CustomMeshComponent/CustomMeshComponent.uplugin" 536
"../../../Engine/Plugins/Runtime/DataRegistry/DataRegistry.uplugin" 537
"../../../Engine/Plugins/Runtime/ExampleDeviceProfileSelector/ExampleDeviceProfileSelector.uplugin" 538
"../../../Engine/Plugins/Runtime/Firebase/Firebase.uplugin" 539
"../../../Engine/Plugins/Runtime/AudioMotorSim/AudioMotorSim.uplugin" 540
"../../../Engine/Plugins/Online/OnlineSubsystemNull/OnlineSubsystemNull.uplugin" 541
"../../../Engine/Plugins/Runtime/GameplayAbilities/GameplayAbilities.uplugin" 542
"../../../Engine/Plugins/Runtime/GameplayBehaviorSmartObjects/GameplayBehaviorSmartObjects.uplugin" 543
"../../../Engine/Plugins/Runtime/GameInput/GameInput.uplugin" 544
"../../../Engine/Plugins/Runtime/GameplayStateTree/GameplayStateTree.uplugin" 545
"../../../Engine/Plugins/Runtime/GeometryScripting/GeometryScripting.uplugin" 546
"../../../Engine/Plugins/Runtime/GeometryProcessing/GeometryProcessing.uplugin" 547
"../../../Engine/Plugins/Runtime/GoogleCloudMessaging/GoogleCloudMessaging.uplugin" 548
"../../../Engine/Plugins/Runtime/GeoReferencing/GeoReferencing.uplugin" 549
"../../../Engine/Plugins/Runtime/HairStrands/HairStrands.uplugin" 550
"../../../Engine/Plugins/Runtime/Harmonix/Harmonix.uplugin" 551
"../../../Engine/Plugins/Runtime/HPMotionController/HPMotionController.uplugin" 552
"../../../Engine/Plugins/Runtime/AnimationBudgetAllocator/AnimationBudgetAllocator.uplugin" 553
"../../../Engine/Plugins/Runtime/InstancedActors/InstancedActors.uplugin" 554
"../../../Engine/Plugins/Runtime/GameplayInteractions/GameplayInteractions.uplugin" 555
"../../../Engine/Plugins/Runtime/HDRIBackdrop/HDRIBackdrop.uplugin" 556
"../../../Engine/Plugins/Runtime/IOSDeviceProfileSelector/IOSDeviceProfileSelector.uplugin" 557
"../../../Engine/Plugins/Runtime/GameFeatures/GameFeatures.uplugin" 558
"../../../Engine/Plugins/Runtime/IOSReplayKit/IOSReplayKit.uplugin" 559
"../../../Engine/Plugins/Runtime/LinuxDeviceProfileSelector/LinuxDeviceProfileSelector.uplugin" 560
"../../../Engine/Plugins/Runtime/LevelStreamingPersistence/LevelStreamingPersistence.uplugin" 561
"../../../Engine/Plugins/Runtime/LiveLinkOvernDisplay/LiveLinkOverNDisplay.uplugin" 562
"../../../Engine/Plugins/Runtime/GooglePAD/GooglePAD.uplugin" 563
"../../../Engine/Plugins/Runtime/LocationServicesBPLibrary/LocationServicesBPLibrary.uplugin" 564
"../../../Engine/Plugins/Runtime/MassEntity/MassEntity.uplugin" 565
"../../../Engine/Plugins/Runtime/LocationServicesAndroidImpl/LocationServicesAndroidImpl.uplugin" 566
"../../../Engine/Plugins/Runtime/LocationServicesIOSImpl/LocationServicesIOSImpl.uplugin" 567
"../../../Engine/Plugins/Runtime/MassGameplay/MassGameplay.uplugin" 568
"../../../Engine/Plugins/Runtime/MixedRealityCaptureFramework/MixedRealityCaptureFramework.uplugin" 569
"../../../Engine/Plugins/Runtime/HTTPChunkInstaller/HTTPChunkInstaller.uplugin" 570
"../../../Engine/Plugins/Runtime/MobileFSR/MobileFSR.uplugin" 571
"../../../Engine/Plugins/Runtime/MobilePatchingUtils/MobilePatchingUtils.uplugin" 572
"../../../Engine/Plugins/Runtime/MeshModelingToolset/MeshModelingToolset.uplugin" 573
"../../../Engine/Plugins/Runtime/ModularGameplay/ModularGameplay.uplugin" 574
"../../../Engine/Plugins/Runtime/ModelViewViewModel/ModelViewViewModel.uplugin" 575
"../../../Engine/Plugins/Runtime/MsQuic/MsQuic.uplugin" 576
"../../../Engine/Plugins/Runtime/MultiServerReplication/MultiServerReplication.uplugin" 577
"../../../Engine/Plugins/Runtime/NavCorridor/NavCorridor.uplugin" 578
"../../../Engine/Plugins/Runtime/nDisplay/nDisplay.uplugin" 579
"../../../Engine/Plugins/Runtime/MusicEnvironment/MusicEnvironment.uplugin" 580
"../../../Engine/Plugins/Runtime/NetworkPrediction/NetworkPrediction.uplugin" 581
"../../../Engine/Plugins/Runtime/NetworkPredictionInsights/NetworkPredictionInsights.uplugin" 582
"../../../Engine/Plugins/Runtime/MIDIDevice/MIDIDevice.uplugin" 583
"../../../Engine/Plugins/Runtime/nDisplayModularFeatures/nDisplayModularFeatures.uplugin" 584
"../../../Engine/Plugins/Runtime/OpenCV/OpenCV.uplugin" 585
"../../../Engine/Plugins/Runtime/Metasound/Metasound.uplugin" 586
"../../../Engine/Plugins/Runtime/OpenXREyeTracker/OpenXREyeTracker.uplugin" 587
"../../../Engine/Plugins/Runtime/OpenXRMsftHandInteraction/OpenXRMsftHandInteraction.uplugin" 588
"../../../Engine/Plugins/Runtime/OpenXRViveTracker/OpenXRViveTracker.uplugin" 589
"../../../Engine/Plugins/Runtime/OptionalMobileFeaturesBPLibrary/OptionalMobileFeaturesBPLibrary.uplugin" 590
"../../../Engine/Plugins/Runtime/OSC/OSC.uplugin" 591
"../../../Engine/Plugins/Runtime/OpenXRHandTracking/OpenXRHandTracking.uplugin" 592
"../../../Engine/Plugins/Runtime/PreLoadScreenMoviePlayer/PreLoadScreenMoviePlayer.uplugin" 593
"../../../Engine/Plugins/Runtime/PropertyAccess/PropertyAccessEditor.uplugin" 594
"../../../Engine/Plugins/Runtime/ProceduralMeshComponent/ProceduralMeshComponent.uplugin" 595
"../../../Engine/Plugins/Runtime/PropertyBindingUtils/PropertyBindingUtils.uplugin" 596
"../../../Engine/Plugins/Runtime/RenderTrace/RenderTrace.uplugin" 597
"../../../Engine/Plugins/Runtime/ReplicationGraph/ReplicationGraph.uplugin" 598
"../../../Engine/Plugins/Runtime/ReplicationSystemTestPlugin/ReplicationSystemTestPlugin.uplugin" 599
"../../../Engine/Plugins/Runtime/ResonanceAudio/ResonanceAudio.uplugin" 600
"../../../Engine/Plugins/Runtime/InputDebugging/InputDebugging.uplugin" 601
"../../../Engine/Plugins/Runtime/ScriptableToolsFramework/ScriptableToolsFramework.uplugin" 602
"../../../Engine/Plugins/Runtime/SkeletalMerging/SkeletalMerging.uplugin" 603
"../../../Engine/Plugins/Runtime/MicrosoftSpatialAudio/MicroSoftSpatialSound.uplugin" 604
"../../../Engine/Plugins/Runtime/SmartObjects/SmartObjects.uplugin" 605
"../../../Engine/Plugins/Runtime/NetworkPredictionExtras/NetworkPredictionExtras.uplugin" 606
"../../../Engine/Plugins/Runtime/SoundCueTemplates/SoundCueTemplates.uplugin" 607
"../../../Engine/Plugins/Runtime/SoundFields/SoundFields.uplugin" 608
"../../../Engine/Plugins/Runtime/SoundMod/SoundMod.uplugin" 609
"../../../Engine/Plugins/Runtime/OpenXR/OpenXR.uplugin" 610
"../../../Engine/Plugins/Runtime/SoundUtilities/SoundUtilities.uplugin" 611
"../../../Engine/Plugins/Runtime/StateTree/StateTree.uplugin" 612
"../../../Engine/Plugins/Runtime/Synthesis/Synthesis.uplugin" 613
"../../../Engine/Plugins/Runtime/SunPosition/SunPosition.uplugin" 614
"../../../Engine/Plugins/Runtime/Spatialization/Spatialization.uplugin" 615
"../../../Engine/Plugins/Runtime/USDCore/USDCore.uplugin" 616
"../../../Engine/Plugins/Runtime/WaveTable/WaveTable.uplugin" 617
"../../../Engine/Plugins/Runtime/Soundscape/Soundscape.uplugin" 618
"../../../Engine/Plugins/Runtime/WebBrowserNativeProxy/WebBrowserNativeProxy.uplugin" 619
"../../../Engine/Plugins/Runtime/WarpUtils/WarpUtils.uplugin" 620
"../../../Engine/Plugins/Runtime/WebBrowserWidget/WebBrowserWidget.uplugin" 621
"../../../Engine/Plugins/Runtime/WebMMoviePlayer/WebMMoviePlayer.uplugin" 622
"../../../Engine/Plugins/Runtime/WindowsMoviePlayer/WindowsMoviePlayer.uplugin" 623
"../../../Engine/Plugins/Runtime/WindowsDeviceProfileSelector/WindowsDeviceProfileSelector.uplugin" 624
"../../../Engine/Plugins/Runtime/WorldConditions/WorldConditions.uplugin" 625
"../../../Engine/Plugins/Runtime/ZoneGraph/ZoneGraph.uplugin" 626
"../../../Engine/Plugins/Runtime/XRBase/XRBase.uplugin" 627
"../../../Engine/Plugins/Runtime/SignificanceManager/SignificanceManager.uplugin" 628
"../../../Engine/Plugins/Runtime/ZoneGraphAnnotations/ZoneGraphAnnotations.uplugin" 629
"../../../Engine/Plugins/Runtime/GeometryCache/GeometryCache.uplugin" 630
"../../../Engine/Plugins/Experimental/Animation/ContextualAnimation/ContextualAnimation.uplugin" 631
"../../../Engine/Plugins/Experimental/Animation/CurveExpression/CurveExpression.uplugin" 632
"../../../Engine/Plugins/Experimental/Animation/HierarchyTable/HierarchyTable.uplugin" 633
"../../../Engine/Plugins/Experimental/Animation/HierarchyTableAnimation/HierarchyTableAnimation.uplugin" 634
"../../../Engine/Plugins/Experimental/Animation/Locomotor/Locomotor.uplugin" 635
"../../../Engine/Plugins/Experimental/Animation/MotionTrajectory/MotionTrajectory.uplugin" 636
"../../../Engine/Plugins/Experimental/Animation/PackedAttributes/PackedAttributes.uplugin" 637
"../../../Engine/Plugins/Experimental/Animation/Optimus/Optimus.uplugin" 638
"../../../Engine/Plugins/Experimental/Animation/RigMapper/RigMapper.uplugin" 639
"../../../Engine/Plugins/Experimental/Animation/SkeletalMeshMorphTargetEditingTools/SkeletalMeshMorphTargetEditingTools.uplugin" 640
"../../../Engine/Plugins/Experimental/Animation/TrajectoryTools/TrajectoryTools.uplugin" 641
"../../../Engine/Plugins/Experimental/AVCodecs/AMFCodecs/AMFCodecs.uplugin" 642
"../../../Engine/Plugins/Experimental/AVCodecs/AVCodecsCore/AVCodecsCore.uplugin" 643
"../../../Engine/Plugins/Experimental/AVCodecs/LibVpxCodecs/LibVpxCodecs.uplugin" 644
"../../../Engine/Plugins/Experimental/AVCodecs/VTCodecs/VTCodecs.uplugin" 645
"../../../Engine/Plugins/Experimental/AVCodecs/WMFCodecs/WMFCodecs.uplugin" 646
"../../../Engine/Plugins/Experimental/Compositing/HoldoutComposite/HoldoutComposite.uplugin" 647
"../../../Engine/Plugins/Experimental/Compositing/CompositeCore/CompositeCore.uplugin" 648
"../../../Engine/Plugins/Animation/MLDeformer/ChaosClothGenerator/ChaosClothGenerator.uplugin" 649
"../../../Engine/Plugins/Animation/MLDeformer/ChaosFleshGenerator/ChaosFleshGenerator.uplugin" 650
"../../../Engine/Plugins/Animation/MLDeformer/MLDeformerFramework/MLDeformerFramework.uplugin" 651
"../../../Engine/Plugins/Animation/MLDeformer/NearestNeighborModel/NearestNeighborModel.uplugin" 652
"../../../Engine/Plugins/Animation/MLDeformer/NeuralMorphModel/NeuralMorphModel.uplugin" 653
"../../../Engine/Plugins/Developer/Concert/ConcertMain/ConcertMain.uplugin" 654
"../../../Engine/Plugins/Runtime/Advertising/IOSTapJoy/IOSTapJoy.uplugin" 655
"../../../Engine/Plugins/Runtime/PacketHandlers/AESGCMHandlerComponent/AESGCMHandlerComponent.uplugin" 656
"../../../Engine/Plugins/Experimental/AVCodecs/NVCodecs/NVCodecs.uplugin" 657
"../../../Engine/Plugins/Runtime/PacketHandlers/AESHandlerComponent/AESHandlerComponent.uplugin" 658
"../../../Engine/Plugins/Runtime/PacketHandlers/DTLSHandlerComponent/DTLSHandlerComponent.uplugin" 659
"../../../Engine/Plugins/Runtime/Windows/WinDualShock/WinDualShock.uplugin" 660
"../../../Engine/Plugins/Runtime/Windows/XInputDevice/XInputDevice.uplugin" 661
"../../../Engine/Plugins/Experimental/PCGInterops/PCGInstancedActorsInterop/PCGInstancedActorsInterop.uplugin" 662
"../../../Engine/Plugins/Experimental/CharacterFXEditor/ExampleCharacterFXEditor/ExampleCharacterFXEditor.uplugin" 663
"../../../Engine/Plugins/Runtime/MeshReconstruction/DummyMeshReconstructor/DummyMeshReconstructor.uplugin" 664
"../../../Engine/Plugins/Runtime/Steam/SteamAudio/SteamAudio.uplugin" 665
"../../../Engine/Plugins/Experimental/PCGInterops/PCGWaterInterop/PCGWaterInterop.uplugin" 666
"../../../Engine/Plugins/Experimental/CharacterFXEditor/BaseCharacterFXEditor/BaseCharacterFXEditor.uplugin" 667
"../../../Engine/Plugins/Experimental/PCGInterops/PCGNiagaraInterop/PCGNiagaraInterop.uplugin" 668
"../../../Engine/Plugins/Runtime/Steam/SteamSockets/SteamSockets.uplugin" 669
"../../../Engine/Plugins/VirtualProduction/Rivermax/RivermaxCore/RivermaxCore.uplugin" 670
"../../../Engine/Plugins/Runtime/RigVM/RigVM.uplugin" 671
"../../../Engine/Plugins/Runtime/Steam/SteamController/SteamController.uplugin" 672
"../../../Engine/Plugins/VirtualProduction/Rivermax/RivermaxMedia/RivermaxMedia.uplugin" 673
"../../../Engine/Plugins/VirtualProduction/Rivermax/RivermaxSync/RivermaxSync.uplugin" 674
"../../../Engine/Plugins/Runtime/Analytics/Adjust/Adjust.uplugin" 675
"../../../Engine/Plugins/Runtime/Analytics/FileLogging/FileLogging.uplugin" 676
"../../../Engine/Plugins/Runtime/Analytics/AnalyticsMulticast/AnalyticsMulticast.uplugin" 677
"../../../Engine/Plugins/Runtime/AR/ARUtilities/ARUtilities.uplugin" 678
"../../../Engine/Plugins/Runtime/Database/ADOSupport/ADOSupport.uplugin" 679
"../../../Engine/Plugins/Runtime/Database/DatabaseSupport/DatabaseSupport.uplugin" 680
"../../../Engine/Plugins/Runtime/Analytics/AnalyticsBlueprintLibrary/AnalyticsBlueprintLibrary.uplugin" 681
"../../../Engine/Plugins/Runtime/Database/SQLiteCore/SQLiteCore.uplugin" 682
"../../../Engine/Plugins/Runtime/Database/SQLiteSupport/SQLiteSupport.uplugin" 683
"../../../Engine/Plugins/Experimental/VirtualProduction/VPRoles/VPRoles.uplugin" 684
"../../../Engine/Plugins/Experimental/VirtualProduction/LedWallCalibration/LedWallCalibration.uplugin" 685
"../../../Engine/Plugins/Experimental/VirtualProduction/VPSettings/VPSettings.uplugin" 686
"../../../Engine/Plugins/Interchange/Extensions/OpenUSD/InterchangeOpenUSD.uplugin" 687
"../../../Engine/Plugins/Interchange/Extensions/OpenVDB/InterchangeOpenVDB.uplugin" 688
"../../../Engine/Plugins/VirtualProduction/CaptureManager/CaptureManagerCore/CaptureManagerCore.uplugin" 689
"../../../Engine/Plugins/VirtualProduction/CaptureManager/CaptureManagerApp/CaptureManagerApp.uplugin" 690
"../../../Engine/Plugins/VirtualProduction/CaptureManager/CaptureManagerDevices/CaptureManagerDevices.uplugin" 691
"../../../Engine/Plugins/Animation/MLDeformer/VertexDeltaModel/VertexDeltaModel.uplugin" 692
"../../../Engine/Plugins/VirtualProduction/CaptureManager/CaptureManagerEditor/CaptureManagerEditor.uplugin" 693
"../../../Engine/Plugins/VirtualProduction/DMX/DMXFixtures/DMXFixtures.uplugin" 694
"../../../Engine/Plugins/Editor/Localization/PortableObjectFileDataSource/PortableObjectFileDataSource.uplugin" 695
"../../../Engine/Plugins/VirtualProduction/DMX/DMXGDTF/DMXGDTF.uplugin" 696
"../../../Engine/Plugins/VirtualProduction/DMX/DMXControlConsole/DMXControlConsole.uplugin" 697
"../../../Engine/Plugins/VirtualProduction/DMX/DMXEngine/DMXEngine.uplugin" 698
"../../../Engine/Plugins/VirtualProduction/DMX/DMXModularFeatures/DMXModularFeatures.uplugin" 699
"../../../Engine/Plugins/VirtualProduction/DMX/DMXPixelMapping/DMXPixelMapping.uplugin" 700
"../../../Engine/Plugins/VirtualProduction/DMX/DMXProtocol/DMXProtocol.uplugin" 701
"../../../Engine/Plugins/Editor/ContentBrowser/ContentBrowserAliasDataSource/ContentBrowserAliasDataSource.uplugin" 702
"../../../Engine/Plugins/Experimental/Animation/SkeletonTemplateFramework/SkeletonTemplateFramework.uplugin" 703
"../../../Engine/Plugins/Runtime/Steam/SteamShared/SteamShared.uplugin" 704
"../../../Engine/Plugins/Editor/ContentBrowser/ContentBrowserAssetDataSource/ContentBrowserAssetDataSource.uplugin" 705
"../../../Engine/Plugins/Editor/ContentBrowser/ContentBrowserClassDataSource/ContentBrowserClassDataSource.uplugin" 706
"../../../Engine/Plugins/VirtualProduction/DMX/DMXDisplayCluster/DMXDisplayCluster.uplugin" 707
"../../../Engine/Plugins/Editor/ObjectMixer/ObjectMixer/ObjectMixer.uplugin" 708
"../../../Engine/Plugins/Online/IOS/OnlineSubsystemIOS/OnlineSubsystemIOS.uplugin" 709
"../../../Engine/Plugins/Runtime/Database/RemoteDatabaseSupport/RemoteDatabaseSupport.uplugin" 710
"../../../Engine/Plugins/Runtime/XR/XRScribe/XRScribe.uplugin" 711
"../../../Engine/Plugins/Runtime/XR/XRVisualization/XRVisualization.uplugin" 712
"../../../Engine/Plugins/Online/Android/AndroidFetchBackgroundDownload/AndroidFetchBackgroundDownload.uplugin" 713
"../../../Engine/Plugins/Runtime/Nvidia/Reflex/Reflex.uplugin" 714
"../../../Engine/Plugins/Runtime/Nvidia/GeForceNOWWrapper/GeForceNOWWrapper.uplugin" 715
"../../../Engine/Plugins/Experimental/Enterprise/DataprepGeometryOperations/DataprepGeometryOperations.uplugin" 716
"../../../Engine/Plugins/Experimental/MetaHuman/MetaHumanRuntime/MetaHumanRuntime.uplugin" 717
"../../../Engine/Plugins/Experimental/Enterprise/DatasmithRuntime/DatasmithRuntime.uplugin" 718
"../../../Engine/Plugins/Online/VoiceChat/EOSVoiceChat/EOSVoiceChat.uplugin" 719
"../../../Engine/Plugins/Experimental/Web/WebAPI/WebAPI.uplugin" 720
"../../../Engine/Plugins/Online/VoiceChat/VoiceChat/VoiceChat.uplugin" 721
"../../../Engine/Plugins/Online/Android/OnlineSubsystemGooglePlay/OnlineSubsystemGooglePlay.uplugin" 722
"../../../Engine/Plugins/Editor/ContentBrowser/ContentBrowserFileDataSource/ContentBrowserFileDataSource.uplugin" 723
"../../../Engine/Plugins/Editor/ObjectMixer/LightMixer/LightMixer.uplugin" 724
"../../../Engine/Plugins/Developer/Concert/ConcertApp/DisasterRecoveryClient/DisasterRecoveryClient.uplugin" 725
"../../../Engine/Plugins/Developer/Concert/ConcertApp/MultiUserClient/MultiUserClient.uplugin" 726
"../../../Engine/Plugins/Developer/Concert/ConcertApp/MultiUserServer/MultiUserServer.uplugin" 727
"../../../Engine/Plugins/Developer/Concert/ConcertInsights/ConcertInsightsClient/ConcertInsightsClient.uplugin" 728
"../../../Engine/Plugins/Developer/Concert/ConcertInsights/ConcertInsightsCore/ConcertInsightsCore.uplugin" 729
"../../../Engine/Plugins/Developer/Concert/ConcertInsights/ConcertInsightsServer/ConcertInsightsServer.uplugin" 730
"../../../Engine/Plugins/Experimental/Animation/MLDeformer/DetailPoseModel/DetailPoseModel.uplugin" 731
"../../../Engine/Plugins/VirtualProduction/DMX/DatasmithMVR/DatasmithMVR.uplugin" 732
"../../../Engine/Plugins/Developer/Concert/ConcertUI/ConcertSharedSlate/ConcertSharedSlate.uplugin" 733
"../../../Engine/Plugins/Developer/Concert/ConcertUI/ConcertClientSharedSlate/ConcertClientSharedSlate.uplugin" 734
"../../../Engine/Plugins/Experimental/Enterprise/DatasmithInterchange/DatasmithInterchange.uplugin" 735
"../../../Engine/Plugins/Developer/Concert/ConcertScripting/ConcertReplicationScripting/ConcertReplicationScripting.uplugin" 736
"../../../Engine/Plugins/Developer/Concert/ConcertSync/ConcertSyncServer/ConcertSyncServer.uplugin" 737
"../../../Engine/Plugins/Developer/Concert/ConcertSync/ConcertSyncTest/ConcertSyncTest.uplugin" 738
"../../../Engine/Plugins/Developer/Concert/ConcertSync/ConcertSyncClient/ConcertSyncClient.uplugin" 739
"../../../Engine/Plugins/Runtime/AR/Google/GoogleARCore/GoogleARCore.uplugin" 740
"../../../Engine/Plugins/Runtime/AR/Google/GoogleARCoreServices/GoogleARCoreServices.uplugin" 741
"../../../Engine/Plugins/Developer/Concert/ConcertSync/ConcertSyncCore/ConcertSyncCore.uplugin" 742
"../../../Engine/Plugins/Runtime/AR/AppleAR/AppleARKit/AppleARKit.uplugin" 743
"../../../Engine/Plugins/Runtime/AR/AppleAR/AppleARKitFaceSupport/AppleARKitFaceSupport.uplugin" 744
"../../../Engine/Plugins/Developer/Concert/ConcertInsights/ConcertInsightsVisualizer/ConcertInsightsVisualizer.uplugin" 745
"../../../Engine/Platforms/Android/Plugins/RigLogic/RigLogic_Android.uplugin" 746
"../../../Engine/Platforms/Android/Plugins/Animation/ACLPlugin/ACLPlugin_Android.uplugin" 747
"../../../Engine/Platforms/IOS/Plugins/RigLogic/RigLogic_IOS.uplugin" 748
"E:/Unreal Projects/NoNeedToBrain/Plugins/Autonomix/Autonomix.uplugin" 749
"../../../Engine/Content/Internationalization/icudt64l/cnvalias.icu" 750
"../../../Engine/Content/Internationalization/icudt64l/res_index.res" 751
"../../../Engine/Content/Internationalization/icudt64l/plurals.res" 752
"../../../Engine/Content/Internationalization/icudt64l/lang/en.res" 753
"../../../Engine/Content/Internationalization/icudt64l/lang/pool.res" 754
"../../../Engine/Content/Internationalization/icudt64l/lang/root.res" 755
"../../../Engine/Content/Internationalization/icudt64l/region/en.res" 756
"../../../Engine/Content/Internationalization/icudt64l/region/pool.res" 757
"../../../Engine/Content/Internationalization/icudt64l/region/root.res" 758
"../../../Engine/Content/Internationalization/icudt64l/windowsZones.res" 759
"../../../Engine/Content/Internationalization/icudt64l/zoneinfo64.res" 760
"../../../Engine/Content/Internationalization/icudt64l/keyTypeData.res" 761
"../../../Engine/Content/Internationalization/icudt64l/timezoneTypes.res" 762
"../../../Engine/Content/Internationalization/icudt64l/likelySubtags.res" 763
"../../../Engine/Content/Internationalization/icudt64l/en_US.res" 764
"../../../Engine/Content/Internationalization/icudt64l/pool.res" 765
"../../../Engine/Content/Internationalization/icudt64l/en.res" 766
"../../../Engine/Content/Internationalization/icudt64l/root.res" 767
"../../../Engine/Content/Internationalization/icudt64l/supplementalData.res" 768
"../../../Engine/Config/ConfigRedirects.ini" 769
"C:/Users/Khoa/AppData/Local/UnrealEngine/5.6/Saved/Config/WindowsEditor/Manifest.ini" 770
"../../../Engine/Config/BaseEngine.ini" 771
"../../../Engine/Config/Windows/BaseWindowsEngine.ini" 772
"../../../../Unreal Projects/NoNeedToBrain/Config/DefaultEngine.ini" 773
"E:/Unreal Projects/NoNeedToBrain/Saved/Config/WindowsEditor/Engine.ini" 774
"../../../Engine/Config/BaseGame.ini" 775
"../../../../Unreal Projects/NoNeedToBrain/Config/DefaultGame.ini" 776
"../../../Engine/Config/Windows/WindowsGame.ini" 777
"E:/Unreal Projects/NoNeedToBrain/Saved/Config/WindowsEditor/Game.ini" 778
"../../../Engine/Config/BaseInput.ini" 779
"../../../Engine/Config/Windows/BaseWindowsInput.ini" 780
"../../../../Unreal Projects/NoNeedToBrain/Config/DefaultInput.ini" 781
"../../../Engine/Config/Windows/WindowsInput.ini" 782
"../../../Engine/Config/BaseDeviceProfiles.ini" 783
"../../../Engine/Config/BaseGameUserSettings.ini" 784
"E:/Unreal Projects/NoNeedToBrain/Saved/Config/WindowsEditor/GameUserSettings.ini" 785
"../../../Engine/Config/BaseScalability.ini" 786
"../../../Engine/Config/BaseRuntimeOptions.ini" 787
"../../../Engine/Config/BaseInstallBundle.ini" 788
"../../../Engine/Config/BaseHardware.ini" 789
"../../../Engine/Config/BaseCompat.ini" 790
"../../../Engine/Config/BaseLightmass.ini" 791
"../../../Engine/Config/BaseEditor.ini" 792
"../../../../Unreal Projects/NoNeedToBrain/Config/DefaultEditor.ini" 793
"E:/Unreal Projects/NoNeedToBrain/Saved/Config/WindowsEditor/Editor.ini" 794
"../../../Engine/Config/BaseMaterialExpressions.ini" 795
"../../../Engine/Config/BaseEditorPerProjectUserSettings.ini" 796
"../../../../Unreal Projects/NoNeedToBrain/Config/DefaultEditorPerProjectUserSettings.ini" 797
"../../../Engine/Config/Windows/WindowsEditorPerProjectUserSettings.ini" 798
"E:/Unreal Projects/NoNeedToBrain/Saved/Config/WindowsEditor/EditorPerProjectUserSettings.ini" 799
"../../../Engine/Config/BaseEditorSettings.ini" 800
"../../../Engine/Config/Windows/WindowsEditorSettings.ini" 801
"C:/Users/Khoa/AppData/Local/UnrealEngine/5.6/Saved/Config/WindowsEditor/EditorSettings.ini" 802
"../../../Engine/Config/BaseEditorKeyBindings.ini" 803
"C:/Users/Khoa/AppData/Local/UnrealEngine/5.6/Saved/Config/WindowsEditor/EditorKeyBindings.ini" 804
"C:/Users/Khoa/AppData/Local/UnrealEngine/5.6/Saved/Config/WindowsEditor/EditorLayout.ini" 805
"../../../Engine/Config/Mac/BaseMacEngine.ini" 806
"../../../Engine/Config/Linux/BaseLinuxEngine.ini" 807
"../../../Engine/Config/Android/BaseAndroidEngine.ini" 808
"../../../Engine/Config/IOS/BaseIOSEngine.ini" 809
"../../../Engine/Config/Unix/UnixEngine.ini" 810
"../../../Engine/Config/Android/AndroidEngine.ini" 811
"../../../Engine/Config/Linux/LinuxEngine.ini" 812
"../../../Engine/Config/TVOS/TVOSEngine.ini" 813
"../../../Engine/Config/Mac/MacGame.ini" 814
"../../../Engine/Config/Android/BaseAndroidGame.ini" 815
"../../../Engine/Config/IOS/BaseIOSGame.ini" 816
"../../../Engine/Config/IOS/IOSGame.ini" 817
"../../../Engine/Config/Linux/LinuxGame.ini" 818
"../../../Engine/Config/Mac/BaseMacInput.ini" 819
"../../../Engine/Config/Android/BaseAndroidInput.ini" 820
"../../../Engine/Config/IOS/BaseIOSInput.ini" 821
"../../../Engine/Platforms/VisionOS/Config/BaseVisionOSEngine.ini" 822
"../../../Engine/Platforms/VisionOS/Config/VisionOSEngine.ini" 823
"../../../Engine/Config/Android/AndroidScalability.ini" 824
"../../../Engine/Config/IOS/IOSScalability.ini" 825
"../../../Engine/Config/Android/BaseAndroidInstallBundle.ini" 826
"../../../Engine/Config/IOS/BaseIOSInstallBundle.ini" 827
"../../../../Unreal Projects/NoNeedToBrain/Binaries/Win64/NoNeedToBrain.target" 828
"../../../../Unreal Projects/NoNeedToBrain/Binaries/Win64/NoNeedToBrainEditor.target" 829
"../../../Engine/Config/PluginBase.ini" 830
"../../../Engine/Plugins/ChaosVD/Config/DefaultChaosVD.ini" 831
"../../../Engine/Plugins/EnhancedInput/Config/BaseEnhancedInput.ini" 832
"../../../Engine/Plugins/Fab/Config/BaseFab.ini" 833
"../../../Engine/Plugins/TraceUtilities/Config/BaseTraceUtilities.ini" 834
"../../../Engine/Plugins/Experimental/FullBodyIK/Config/BaseFullBodyIK.ini" 835
"../../../Engine/Plugins/Experimental/ToolPresets/Config/BaseToolPresets.ini" 836
"../../../Engine/Plugins/Interchange/Assets/Config/BaseInterchangeAssets.ini" 837
"../../../Engine/Plugins/Interchange/Runtime/Config/BaseInterchange.ini" 838
"../../../Engine/Plugins/VirtualProduction/CameraCalibrationCore/Config/BaseCameraCalibrationCore.ini" 839
"../../../Engine/Plugins/VirtualProduction/Takes/Config/BaseTakes.ini" 840
"../../../Engine/Plugins/2D/Paper2D/Config/BasePaper2D.ini" 841
"../../../Engine/Plugins/Animation/ControlRig/Config/BaseControlRig.ini" 842
"../../../Engine/Plugins/Animation/DeformerGraph/Config/BaseDeformerGraph.ini" 843
"../../../Engine/Plugins/Animation/IKRig/Config/BaseIKRig.ini" 844
"../../../Engine/Plugins/Cameras/GameplayCameras/Config/BaseGameplayCameras.ini" 845
"../../../Engine/Plugins/Editor/EditorScriptingUtilities/Config/BaseEditorScriptingUtilities.ini" 846
"../../../Engine/Plugins/Enterprise/DatasmithContent/Config/BaseDatasmithContent.ini" 847
"../../../Engine/Plugins/Enterprise/GLTFExporter/Config/BaseGLTFExporter.ini" 848
"../../../Engine/Plugins/Enterprise/GLTFExporter/Config/DefaultGLTFExporter.ini" 849
"../../../Engine/Plugins/Enterprise/VariantManagerContent/Config/BaseVariantManagerContent.ini" 850
"../../../Engine/Plugins/FX/Niagara/Config/BaseNiagara.ini" 851
"../../../Engine/Plugins/MetaHuman/MetaHumanSDK/Config/BaseMetaHumanSDK.ini" 852
"../../../Engine/Plugins/Runtime/GameplayAbilities/Config/BaseGameplayAbilities.ini" 853
"../../../Engine/Plugins/Runtime/GameplayStateTree/Config/BaseGameplayStateTree.ini" 854
"../../../Engine/Plugins/Runtime/HairStrands/Config/BaseHairStrands.ini" 855
"../../../Engine/Plugins/Runtime/Metasound/Config/BaseMetasound.ini" 856
"../../../Engine/Plugins/Runtime/Metasound/Config/DefaultMetasound.ini" 857
"../../../Engine/Plugins/Runtime/PropertyBindingUtils/Config/BasePropertyBindingUtils.ini" 858
"../../../Engine/Plugins/Runtime/RigVM/Config/BaseRigVM.ini" 859
"../../../Engine/Plugins/Runtime/StateTree/Config/BaseStateTree.ini" 860
"../../../Engine/Plugins/Runtime/Synthesis/Config/BaseSynthesis.ini" 861
"../../../Engine/Plugins/Experimental/Compositing/CompositeCore/Config/BaseCompositeCore.ini" 862
"../../../Engine/Plugins/ChaosVD/Config/Engine.ini" 863
"../../../Engine/Plugins/EnhancedInput/Config/Input.ini" 864
"../../../Engine/Plugins/Runtime/GameplayAbilities/Config/Input.ini" 865
"../../../Engine/Plugins/Runtime/InputDebugging/Config/Input.ini" 866
"../../../Engine/Plugins/Runtime/Windows/XInputDevice/Config/Input.ini" 867
"../../../Engine/Plugins/NNE/NNEDenoiser/Config/Game.ini" 868
"../../../Engine/Plugins/Online/OnlineSubsystemUtils/Config/Editor.ini" 869
"../../../Engine/Plugins/Runtime/RigVM/Config/Editor.ini" 870
"../../../Engine/Plugins/Editor/ModelingToolsEditorMode/Binaries/Win64/UnrealEditor.modules" 871
"../../../Engine/Plugins/Runtime/MeshModelingToolset/Binaries/Win64/UnrealEditor.modules" 872
"../../../Engine/Plugins/Experimental/MeshModelingToolsetExp/Binaries/Win64/UnrealEditor.modules" 873
"../../../Engine/Plugins/Editor/MeshLODToolset/Binaries/Win64/UnrealEditor.modules" 874
"../../../Engine/Plugins/Experimental/ToolPresets/Binaries/Win64/UnrealEditor.modules" 875
"../../../Engine/Plugins/Editor/StylusInput/Binaries/Win64/UnrealEditor.modules" 876
"../../../Engine/Plugins/Runtime/GeometryProcessing/Binaries/Win64/UnrealEditor.modules" 877
"../../../Engine/Plugins/Editor/ProxyLODPlugin/Binaries/Win64/UnrealEditor.modules" 878
"../../../Engine/Plugins/Experimental/PlanarCutPlugin/Binaries/Win64/UnrealEditor.modules" 879
"../../../Engine/Plugins/Runtime/GeometryCache/Binaries/Win64/UnrealEditor.modules" 880
"../../../Engine/Plugins/Experimental/GeometryFlow/Binaries/Win64/UnrealEditor.modules" 881
"../../../Engine/Plugins/Editor/EditorScriptingUtilities/Binaries/Win64/UnrealEditor.modules" 882
"../../../Engine/Plugins/FX/Niagara/Binaries/Win64/UnrealEditor.modules" 883
"../../../Engine/Plugins/Experimental/PythonScriptPlugin/Binaries/Win64/UnrealEditor.modules" 884
"../../../Engine/Plugins/Editor/ContentBrowser/ContentBrowserFileDataSource/Binaries/Win64/UnrealEditor.modules" 885
"../../../Engine/Plugins/Runtime/StateTree/Binaries/Win64/UnrealEditor.modules" 886
"../../../Engine/Plugins/Animation/GameplayInsights/Binaries/Win64/UnrealEditor.modules" 887
"../../../Engine/Plugins/Runtime/PropertyAccess/Binaries/Win64/UnrealEditor.modules" 888
"../../../Engine/Plugins/Runtime/PropertyBindingUtils/Binaries/Win64/UnrealEditor.modules" 889
"../../../Engine/Plugins/Runtime/GameplayStateTree/Binaries/Win64/UnrealEditor.modules" 890
"../../../Engine/Plugins/Bridge/Binaries/Win64/UnrealEditor.modules" 891
"../../../Engine/Plugins/MetaHuman/MetaHumanSDK/Binaries/Win64/UnrealEditor.modules" 892
"../../../Engine/Plugins/Animation/ControlRig/Binaries/Win64/UnrealEditor.modules" 893
"../../../Engine/Plugins/Runtime/HairStrands/Binaries/Win64/UnrealEditor.modules" 894
"../../../Engine/Plugins/Animation/RigLogic/Binaries/Win64/UnrealEditor.modules" 895
"../../../Engine/Plugins/Online/EOSShared/Binaries/Win64/UnrealEditor.modules" 896
"../../../Engine/Plugins/Runtime/RigVM/Binaries/Win64/UnrealEditor.modules" 897
"../../../Engine/Plugins/MovieScene/LevelSequenceEditor/Binaries/Win64/UnrealEditor.modules" 898
"../../../Engine/Plugins/MovieScene/SequencerScripting/Binaries/Win64/UnrealEditor.modules" 899
"../../../Engine/Plugins/Animation/TweeningUtils/Binaries/Win64/UnrealEditor.modules" 900
"../../../Engine/Plugins/Animation/DeformerGraph/Binaries/Win64/UnrealEditor.modules" 901
"../../../Engine/Plugins/Experimental/Dataflow/Binaries/Win64/UnrealEditor.modules" 902
"../../../Engine/Plugins/Runtime/ComputeFramework/Binaries/Win64/UnrealEditor.modules" 903
"../../../Engine/Plugins/Experimental/CharacterFXEditor/BaseCharacterFXEditor/Binaries/Win64/UnrealEditor.modules" 904
"../../../Engine/Plugins/Runtime/ProceduralMeshComponent/Binaries/Win64/UnrealEditor.modules" 905
"../../../Engine/Plugins/Experimental/ChaosCaching/Binaries/Win64/UnrealEditor.modules" 906
"../../../Engine/Plugins/Experimental/EditorDataStorage/Binaries/Win64/UnrealEditor.modules" 907
"../../../Engine/Plugins/Experimental/EditorDataStorageFeatures/Binaries/Win64/UnrealEditor.modules" 908
"../../../Engine/Plugins/VirtualProduction/Takes/Binaries/Win64/UnrealEditor.modules" 909
"../../../Engine/Plugins/Runtime/AudioCapture/Binaries/Win64/UnrealEditor.modules" 910
"../../../Engine/Plugins/Developer/NamingTokens/Binaries/Win64/UnrealEditor.modules" 911
"../../../Engine/Plugins/Editor/EngineAssetDefinitions/Binaries/Win64/UnrealEditor.modules" 912
"../../../Engine/Plugins/ChaosCloth/Binaries/Win64/UnrealEditor.modules" 913
"../../../Engine/Plugins/ChaosInsights/Binaries/Win64/UnrealEditor.modules" 914
"../../../Engine/Plugins/ChaosVD/Binaries/Win64/UnrealEditor.modules" 915
"../../../Engine/Plugins/CmdLinkServer/Binaries/Win64/UnrealEditor.modules" 916
"../../../Engine/Plugins/EnhancedInput/Binaries/Win64/UnrealEditor.modules" 917
"../../../Engine/Plugins/Editor/DataValidation/Binaries/Win64/UnrealEditor.modules" 918
"../../../Engine/Plugins/Fab/Binaries/Win64/UnrealEditor.modules" 919
"../../../Engine/Plugins/Interchange/Runtime/Binaries/Win64/UnrealEditor.modules" 920
"../../../Engine/Plugins/Enterprise/VariantManagerContent/Binaries/Win64/UnrealEditor.modules" 921
"../../../Engine/Plugins/Enterprise/VariantManager/Binaries/Win64/UnrealEditor.modules" 922
"../../../Engine/Plugins/Interchange/Assets/Binaries/Win64/UnrealEditor.modules" 923
"../../../Engine/Plugins/FastBuildController/Binaries/Win64/UnrealEditor.modules" 924
"../../../Engine/Plugins/IoStoreInsights/Binaries/Win64/UnrealEditor.modules" 925
"../../../Engine/Plugins/MassInsights/Binaries/Win64/UnrealEditor.modules" 926
"../../../Engine/Plugins/MeshPainting/Binaries/Win64/UnrealEditor.modules" 927
"../../../Engine/Plugins/Interchange/Editor/Binaries/Win64/UnrealEditor.modules" 928
"../../../Engine/Plugins/RenderGraphInsights/Binaries/Win64/UnrealEditor.modules" 929
"../../../Engine/Plugins/UbaController/Binaries/Win64/UnrealEditor.modules" 930
"../../../Engine/Plugins/TraceUtilities/Binaries/Win64/UnrealEditor.modules" 931
"../../../Engine/Plugins/XGEController/Binaries/Win64/UnrealEditor.modules" 932
"../../../Engine/Plugins/WorldMetrics/Binaries/Win64/UnrealEditor.modules" 933
"../../../Engine/Plugins/Experimental/AdvancedRenamer/Binaries/Win64/UnrealEditor.modules" 934
"../../../Engine/Plugins/Experimental/AutomationUtils/Binaries/Win64/UnrealEditor.modules" 935
"../../../Engine/Plugins/Experimental/BackChannel/Binaries/Win64/UnrealEditor.modules" 936
"../../../Engine/Plugins/Experimental/ChaosEditor/Binaries/Win64/UnrealEditor.modules" 937
"../../../Engine/Plugins/Experimental/GeometryCollectionPlugin/Binaries/Win64/UnrealEditor.modules" 938
"../../../Engine/Plugins/Experimental/Fracture/Binaries/Win64/UnrealEditor.modules" 939
"../../../Engine/Plugins/Experimental/ChaosSolverPlugin/Binaries/Win64/UnrealEditor.modules" 940
"../../../Engine/Plugins/Experimental/GeometryDataflow/Binaries/Win64/UnrealEditor.modules" 941
"../../../Engine/Plugins/Experimental/ChaosNiagara/Binaries/Win64/UnrealEditor.modules" 942
"../../../Engine/Plugins/Experimental/ChaosUserDataPT/Binaries/Win64/UnrealEditor.modules" 943
"../../../Engine/Plugins/Experimental/CharacterAI/Binaries/Win64/UnrealEditor.modules" 944
"../../../Engine/Plugins/Experimental/EditorPerformance/Binaries/Win64/UnrealEditor.modules" 945
"../../../Engine/Plugins/Experimental/EditorTelemetry/Binaries/Win64/UnrealEditor.modules" 946
"../../../Engine/Plugins/Experimental/LevelSequenceNavigatorBridge/Binaries/Win64/UnrealEditor.modules" 947
"../../../Engine/Plugins/Experimental/SequenceNavigator/Binaries/Win64/UnrealEditor.modules" 948
"../../../Engine/Plugins/Experimental/LocalizableMessage/Binaries/Win64/UnrealEditor.modules" 949
"../../../Engine/Plugins/Experimental/NFORDenoise/Binaries/Win64/UnrealEditor.modules" 950
"../../../Engine/Plugins/Experimental/PlatformCrypto/Binaries/Win64/UnrealEditor.modules" 951
"../../../Engine/Plugins/Experimental/RuntimeTelemetry/Binaries/Win64/UnrealEditor.modules" 952
"../../../Engine/Plugins/Experimental/SkeletalReduction/Binaries/Win64/UnrealEditor.modules" 953
"../../../Engine/Plugins/Media/AndroidMedia/Binaries/Win64/UnrealEditor.modules" 954
"../../../Engine/Plugins/Media/AvfMedia/Binaries/Win64/UnrealEditor.modules" 955
"../../../Engine/Plugins/Media/ImgMedia/Binaries/Win64/UnrealEditor.modules" 956
"../../../Engine/Plugins/Media/MediaPlayerEditor/Binaries/Win64/UnrealEditor.modules" 957
"../../../Engine/Plugins/Media/MediaCompositing/Binaries/Win64/UnrealEditor.modules" 958
"../../../Engine/Plugins/Media/MediaPlate/Binaries/Win64/UnrealEditor.modules" 959
"../../../Engine/Plugins/Experimental/Compositing/CompositeCore/Binaries/Win64/UnrealEditor.modules" 960
"../../../Engine/Plugins/Messaging/TcpMessaging/Binaries/Win64/UnrealEditor.modules" 961
"../../../Engine/Plugins/Messaging/UdpMessaging/Binaries/Win64/UnrealEditor.modules" 962
"../../../Engine/Plugins/Media/WmfMedia/Binaries/Win64/UnrealEditor.modules" 963
"../../../Engine/Plugins/NNE/NNEDenoiser/Binaries/Win64/UnrealEditor.modules" 964
"../../../Engine/Plugins/NNE/NNERuntimeORT/Binaries/Win64/UnrealEditor.modules" 965
"../../../Engine/Plugins/Tests/InterchangeTests/Binaries/Win64/UnrealEditor.modules" 966
"../../../Engine/Plugins/2D/Paper2D/Binaries/Win64/UnrealEditor.modules" 967
"../../../Engine/Plugins/AI/AISupport/Binaries/Win64/UnrealEditor.modules" 968
"../../../Engine/Plugins/AI/EnvironmentQueryEditor/Binaries/Win64/UnrealEditor.modules" 969
"../../../Engine/Plugins/Animation/AnimationData/Binaries/Win64/UnrealEditor.modules" 970
"../../../Engine/Plugins/Animation/ACLPlugin/Binaries/Win64/UnrealEditor.modules" 971
"../../../Engine/Plugins/Animation/AnimationModifierLibrary/Binaries/Win64/UnrealEditor.modules" 972
"../../../Engine/Plugins/Animation/BlendSpaceMotionAnalysis/Binaries/Win64/UnrealEditor.modules" 973
"../../../Engine/Plugins/Animation/ControlRigSpline/Binaries/Win64/UnrealEditor.modules" 974
"../../../Engine/Plugins/Animation/IKRig/Binaries/Win64/UnrealEditor.modules" 975
"../../../Engine/Plugins/Experimental/FullBodyIK/Binaries/Win64/UnrealEditor.modules" 976
"../../../Engine/Plugins/Animation/SkeletalMeshModelingTools/Binaries/Win64/UnrealEditor.modules" 977
"../../../Engine/Plugins/Cameras/GameplayCameras/Binaries/Win64/UnrealEditor.modules" 978
"../../../Engine/Plugins/VirtualProduction/CameraCalibrationCore/Binaries/Win64/UnrealEditor.modules" 979
"../../../Engine/Plugins/MovieScene/TemplateSequence/Binaries/Win64/UnrealEditor.modules" 980
"../../../Engine/Plugins/Cameras/CameraShakePreviewer/Binaries/Win64/UnrealEditor.modules" 981
"../../../Engine/Plugins/Cameras/EngineCameras/Binaries/Win64/UnrealEditor.modules" 982
"../../../Engine/Plugins/Compression/OodleNetwork/Binaries/Win64/UnrealEditor.modules" 983
"../../../Engine/Plugins/Developer/AnimationSharing/Binaries/Win64/UnrealEditor.modules" 984
"../../../Engine/Plugins/Runtime/SignificanceManager/Binaries/Win64/UnrealEditor.modules" 985
"../../../Engine/Plugins/Developer/CLionSourceCodeAccess/Binaries/Win64/UnrealEditor.modules" 986
"../../../Engine/Plugins/Developer/DumpGPUServices/Binaries/Win64/UnrealEditor.modules" 987
"../../../Engine/Plugins/Developer/GitSourceControl/Binaries/Win64/UnrealEditor.modules" 988
"../../../Engine/Plugins/Developer/N10XSourceCodeAccess/Binaries/Win64/UnrealEditor.modules" 989
"../../../Engine/Plugins/Developer/PerforceSourceControl/Binaries/Win64/UnrealEditor.modules" 990
"../../../Engine/Plugins/Developer/PixWinPlugin/Binaries/Win64/UnrealEditor.modules" 991
"../../../Engine/Plugins/Developer/PropertyAccessNode/Binaries/Win64/UnrealEditor.modules" 992
"../../../Engine/Plugins/Developer/PluginUtils/Binaries/Win64/UnrealEditor.modules" 993
"../../../Engine/Plugins/Developer/ProjectLauncher/Binaries/Win64/UnrealEditor.modules" 994
"../../../Engine/Plugins/Developer/PlasticSourceControl/Binaries/Win64/UnrealEditor.modules" 995
"../../../Engine/Plugins/Developer/SubversionSourceControl/Binaries/Win64/UnrealEditor.modules" 996
"../../../Engine/Plugins/Developer/RenderDocPlugin/Binaries/Win64/UnrealEditor.modules" 997
"../../../Engine/Plugins/Developer/RiderSourceCodeAccess/Binaries/Win64/UnrealEditor.modules" 998
"../../../Engine/Plugins/Developer/TextureFormatOodle/Binaries/Win64/UnrealEditor.modules" 999
"../../../Engine/Plugins/Developer/UObjectPlugin/Binaries/Win64/UnrealEditor.modules" 1000
"../../../Engine/Plugins/Developer/VisualStudioCodeSourceCodeAccess/Binaries/Win64/UnrealEditor.modules" 1001
"../../../Engine/Plugins/Developer/VisualStudioSourceCodeAccess/Binaries/Win64/UnrealEditor.modules" 1002
"../../../Engine/Plugins/Editor/AssetManagerEditor/Binaries/Win64/UnrealEditor.modules" 1003
"../../../Engine/Plugins/Editor/ContentBrowser/ContentBrowserAssetDataSource/Binaries/Win64/UnrealEditor.modules" 1004
"../../../Engine/Plugins/Editor/BlueprintHeaderView/Binaries/Win64/UnrealEditor.modules" 1005
"../../../Engine/Plugins/Editor/ColorGrading/Binaries/Win64/UnrealEditor.modules" 1006
"../../../Engine/Plugins/Editor/ObjectMixer/ObjectMixer/Binaries/Win64/UnrealEditor.modules" 1007
"../../../Engine/Plugins/Editor/ChangelistReview/Binaries/Win64/UnrealEditor.modules" 1008
"../../../Engine/Plugins/Editor/CurveEditorTools/Binaries/Win64/UnrealEditor.modules" 1009
"../../../Engine/Plugins/Editor/CryptoKeys/Binaries/Win64/UnrealEditor.modules" 1010
"../../../Engine/Plugins/Editor/EditorDebugTools/Binaries/Win64/UnrealEditor.modules" 1011
"../../../Engine/Plugins/Editor/FacialAnimation/Binaries/Win64/UnrealEditor.modules" 1012
"../../../Engine/Plugins/Editor/GameplayTagsEditor/Binaries/Win64/UnrealEditor.modules" 1013
"../../../Engine/Plugins/Editor/GeometryMode/Binaries/Win64/UnrealEditor.modules" 1014
"../../../Engine/Plugins/Editor/MaterialAnalyzer/Binaries/Win64/UnrealEditor.modules" 1015
"../../../Engine/Plugins/Editor/MobileLauncherProfileWizard/Binaries/Win64/UnrealEditor.modules" 1016
"../../../Engine/Plugins/Editor/PluginBrowser/Binaries/Win64/UnrealEditor.modules" 1017
"../../../Engine/Plugins/Editor/SequencerAnimTools/Binaries/Win64/UnrealEditor.modules" 1018
"../../../Engine/Plugins/Editor/SpeedTreeImporter/Binaries/Win64/UnrealEditor.modules" 1019
"../../../Engine/Plugins/Editor/UMGWidgetPreview/Binaries/Win64/UnrealEditor.modules" 1020
"../../../Engine/Plugins/Editor/UVEditor/Binaries/Win64/UnrealEditor.modules" 1021
"../../../Engine/Plugins/Editor/WorldPartitionHLODUtilities/Binaries/Win64/UnrealEditor.modules" 1022
"../../../Engine/Plugins/Enterprise/DatasmithContent/Binaries/Win64/UnrealEditor.modules" 1023
"../../../Engine/Plugins/Enterprise/GLTFExporter/Binaries/Win64/UnrealEditor.modules" 1024
"../../../Engine/Plugins/FX/Cascade/Binaries/Win64/UnrealEditor.modules" 1025
"../../../Engine/Plugins/FX/NiagaraSimCaching/Binaries/Win64/UnrealEditor.modules" 1026
"../../../Engine/Plugins/Importers/AlembicImporter/Binaries/Win64/UnrealEditor.modules" 1027
"../../../Engine/Plugins/MovieScene/ActorSequence/Binaries/Win64/UnrealEditor.modules" 1028
"../../../Engine/Plugins/Online/OnlineBase/Binaries/Win64/UnrealEditor.modules" 1029
"../../../Engine/Plugins/Online/OnlineSubsystem/Binaries/Win64/UnrealEditor.modules" 1030
"../../../Engine/Plugins/Online/OnlineSubsystemNull/Binaries/Win64/UnrealEditor.modules" 1031
"../../../Engine/Plugins/Online/OnlineSubsystemUtils/Binaries/Win64/UnrealEditor.modules" 1032
"../../../Engine/Plugins/Online/OnlineServices/Binaries/Win64/UnrealEditor.modules" 1033
"../../../Engine/Plugins/Runtime/ActorLayerUtilities/Binaries/Win64/UnrealEditor.modules" 1034
"../../../Engine/Plugins/Portal/LauncherChunkInstaller/Binaries/Win64/UnrealEditor.modules" 1035
"../../../Engine/Plugins/Runtime/AndroidDeviceProfileSelector/Binaries/Win64/UnrealEditor.modules" 1036
"../../../Engine/Plugins/Runtime/AndroidFileServer/Binaries/Win64/UnrealEditor.modules" 1037
"../../../Engine/Plugins/Runtime/AndroidPermission/Binaries/Win64/UnrealEditor.modules" 1038
"../../../Engine/Plugins/Runtime/AppleImageUtils/Binaries/Win64/UnrealEditor.modules" 1039
"../../../Engine/Plugins/Runtime/ArchVisCharacter/Binaries/Win64/UnrealEditor.modules" 1040
"../../../Engine/Plugins/Runtime/AssetTags/Binaries/Win64/UnrealEditor.modules" 1041
"../../../Engine/Plugins/Runtime/CableComponent/Binaries/Win64/UnrealEditor.modules" 1042
"../../../Engine/Plugins/Runtime/ChunkDownloader/Binaries/Win64/UnrealEditor.modules" 1043
"../../../Engine/Plugins/Runtime/CustomMeshComponent/Binaries/Win64/UnrealEditor.modules" 1044
"../../../Engine/Plugins/Runtime/ExampleDeviceProfileSelector/Binaries/Win64/UnrealEditor.modules" 1045
"../../../Engine/Plugins/Runtime/InputDebugging/Binaries/Win64/UnrealEditor.modules" 1046
"../../../Engine/Plugins/Runtime/GooglePAD/Binaries/Win64/UnrealEditor.modules" 1047
"../../../Engine/Plugins/Runtime/LocationServicesBPLibrary/Binaries/Win64/UnrealEditor.modules" 1048
"../../../Engine/Plugins/Runtime/Metasound/Binaries/Win64/UnrealEditor.modules" 1049
"../../../Engine/Plugins/Runtime/AudioWidgets/Binaries/Win64/UnrealEditor.modules" 1050
"../../../Engine/Plugins/Runtime/AudioSynesthesia/Binaries/Win64/UnrealEditor.modules" 1051
"../../../Engine/Plugins/Runtime/WaveTable/Binaries/Win64/UnrealEditor.modules" 1052
"../../../Engine/Plugins/Runtime/MobilePatchingUtils/Binaries/Win64/UnrealEditor.modules" 1053
"../../../Engine/Plugins/Runtime/MsQuic/Binaries/Win64/UnrealEditor.modules" 1054
"../../../Engine/Plugins/Runtime/ResonanceAudio/Binaries/Win64/UnrealEditor.modules" 1055
"../../../Engine/Plugins/Runtime/SoundFields/Binaries/Win64/UnrealEditor.modules" 1056
"../../../Engine/Plugins/Runtime/Synthesis/Binaries/Win64/UnrealEditor.modules" 1057
"../../../Engine/Plugins/Runtime/WebMMoviePlayer/Binaries/Win64/UnrealEditor.modules" 1058
"../../../Engine/Plugins/Media/WebMMedia/Binaries/Win64/UnrealEditor.modules" 1059
"../../../Engine/Plugins/Runtime/WindowsDeviceProfileSelector/Binaries/Win64/UnrealEditor.modules" 1060
"../../../Engine/Plugins/Runtime/WindowsMoviePlayer/Binaries/Win64/UnrealEditor.modules" 1061
"../../../Engine/Plugins/Runtime/Windows/XInputDevice/Binaries/Win64/UnrealEditor.modules" 1062
"../../../Engine/Plugins/Editor/Localization/PortableObjectFileDataSource/Binaries/Win64/UnrealEditor.modules" 1063
"../../../Engine/Plugins/Editor/ObjectMixer/LightMixer/Binaries/Win64/UnrealEditor.modules" 1064
"../../../Engine/Plugins/Editor/ContentBrowser/ContentBrowserClassDataSource/Binaries/Win64/UnrealEditor.modules" 1065
"../../../Engine/Plugins/Runtime/GameplayAbilities/Binaries/Win64/UnrealEditor.modules" 1066
"../../../Engine/Plugins/Runtime/DataRegistry/Binaries/Win64/UnrealEditor.modules" 1067
"E:/Unreal Projects/NoNeedToBrain/Plugins/Autonomix/Binaries/Win64/UnrealEditor.modules" 1068
"../../../Engine/Config/BaseSourceControlSettings.ini" 1069
"../../../Engine/Content/Internationalization/icudt64l/coll/ucadata.icu" 1070
"../../../Engine/Content/Internationalization/icudt64l/coll/en_US.res" 1071
"../../../Engine/Content/Internationalization/icudt64l/coll/en.res" 1072
"../../../Engine/Content/Internationalization/icudt64l/coll/root.res" 1073
"../../../Engine/Content/Certificates/ThirdParty/cacert.pem" 1074
"../../../Engine/Config/ConsoleVariables.ini" 1075
"../../../Engine/Binaries/Win64/Android/UnrealEditor.modules" 1076
"../../../Engine/Binaries/Win64/IOS/UnrealEditor.modules" 1077
"../../../Engine/Binaries/Win64/Linux/UnrealEditor.modules" 1078
"../../../Engine/Content/Localization/Editor/en/Editor.locres" 1079
"../../../Engine/Content/Localization/EditorTutorials/en/EditorTutorials.locres" 1080
"../../../Engine/Content/Localization/Keywords/en/Keywords.locres" 1081
"../../../Engine/Content/Localization/Category/en/Category.locres" 1082
"../../../Engine/Content/Localization/ToolTips/en/ToolTips.locres" 1083
"../../../Engine/Content/Localization/PropertyNames/en/PropertyNames.locres" 1084
"../../../Engine/Content/Localization/Engine/en/Engine.locres" 1085
"../../../Engine/Plugins/MetaHuman/MetaHumanSDK/Content/Localization/MetaHumanSDK/en/MetaHumanSDK.locres" 1086
"../../../Engine/Plugins/Online/OnlineSubsystem/Content/Localization/OnlineSubsystem/en/OnlineSubsystem.locres" 1087
"../../../Engine/Plugins/Online/OnlineSubsystemUtils/Content/Localization/OnlineSubsystemUtils/en/OnlineSubsystemUtils.locres" 1088
"../../../Engine/Plugins/Online/IOS/OnlineSubsystemIOS/Content/Localization/OnlineSubsystemIOS/en/OnlineSubsystemIOS.locres" 1089
"../../../Engine/Plugins/Online/Android/OnlineSubsystemGooglePlay/Content/Localization/OnlineSubsystemGooglePlay/en/OnlineSubsystemGooglePlay.locres" 1090
"../../../Engine/Content/Internationalization/icudt64l/numberingSystems.res" 1091
"../../../Engine/Content/Internationalization/icudt64l/curr/supplementalData.res" 1092
"../../../Engine/Content/Internationalization/icudt64l/curr/en.res" 1093
"../../../Engine/Content/Internationalization/icudt64l/curr/pool.res" 1094
"../../../Engine/Content/Internationalization/icudt64l/curr/root.res" 1095
"../../../Engine/Content/Internationalization/icudt64l/lang/af.res" 1096
"../../../Engine/Content/Internationalization/icudt64l/region/af.res" 1097
"../../../Engine/Content/Internationalization/icudt64l/lang/agq.res" 1098
"../../../Engine/Content/Internationalization/icudt64l/region/agq.res" 1099
"../../../Engine/Content/Internationalization/icudt64l/lang/ak.res" 1100
"../../../Engine/Content/Internationalization/icudt64l/region/ak.res" 1101
"../../../Engine/Content/Internationalization/icudt64l/lang/am.res" 1102
"../../../Engine/Content/Internationalization/icudt64l/region/am.res" 1103
"../../../Engine/Content/Internationalization/icudt64l/lang/ar.res" 1104
"../../../Engine/Content/Internationalization/icudt64l/region/ar.res" 1105
"../../../Engine/Content/Internationalization/icudt64l/region/ar_AE.res" 1106
"../../../Engine/Content/Internationalization/icudt64l/lang/ar_EG.res" 1107
"../../../Engine/Content/Internationalization/icudt64l/lang/ar_LY.res" 1108
"../../../Engine/Content/Internationalization/icudt64l/region/ar_LY.res" 1109
"../../../Engine/Content/Internationalization/icudt64l/lang/ar_SA.res" 1110
"../../../Engine/Content/Internationalization/icudt64l/region/ar_SA.res" 1111
"../../../Engine/Content/Internationalization/icudt64l/lang/as.res" 1112
"../../../Engine/Content/Internationalization/icudt64l/region/as.res" 1113
"../../../Engine/Content/Internationalization/icudt64l/lang/asa.res" 1114
"../../../Engine/Content/Internationalization/icudt64l/region/asa.res" 1115
"../../../Engine/Content/Internationalization/icudt64l/lang/ast.res" 1116
"../../../Engine/Content/Internationalization/icudt64l/region/ast.res" 1117
"../../../Engine/Content/Internationalization/icudt64l/lang/az.res" 1118
"../../../Engine/Content/Internationalization/icudt64l/lang/az_Cyrl.res" 1119
"../../../Engine/Content/Internationalization/icudt64l/lang/az_AZ.res" 1120
"../../../Engine/Content/Internationalization/icudt64l/lang/az_Latn_AZ.res" 1121
"../../../Engine/Content/Internationalization/icudt64l/lang/az_Latn.res" 1122
"../../../Engine/Content/Internationalization/icudt64l/region/az_AZ.res" 1123
"../../../Engine/Content/Internationalization/icudt64l/region/az_Latn_AZ.res" 1124
"../../../Engine/Content/Internationalization/icudt64l/region/az_Latn.res" 1125
"../../../Engine/Content/Internationalization/icudt64l/region/az.res" 1126
"../../../Engine/Content/Internationalization/icudt64l/region/az_Cyrl.res" 1127
"../../../Engine/Content/Internationalization/icudt64l/lang/bas.res" 1128
"../../../Engine/Content/Internationalization/icudt64l/region/bas.res" 1129
"../../../Engine/Content/Internationalization/icudt64l/lang/be.res" 1130
"../../../Engine/Content/Internationalization/icudt64l/region/be.res" 1131
"../../../Engine/Content/Internationalization/icudt64l/lang/bem.res" 1132
"../../../Engine/Content/Internationalization/icudt64l/region/bem.res" 1133
"../../../Engine/Content/Internationalization/icudt64l/lang/bez.res" 1134
"../../../Engine/Content/Internationalization/icudt64l/region/bez.res" 1135
"../../../Engine/Content/Internationalization/icudt64l/lang/bg.res" 1136
"../../../Engine/Content/Internationalization/icudt64l/region/bg.res" 1137
"../../../Engine/Content/Internationalization/icudt64l/lang/bm.res" 1138
"../../../Engine/Content/Internationalization/icudt64l/region/bm.res" 1139
"../../../Engine/Content/Internationalization/icudt64l/lang/bn.res" 1140
"../../../Engine/Content/Internationalization/icudt64l/region/bn.res" 1141
"../../../Engine/Content/Internationalization/icudt64l/lang/bn_IN.res" 1142
"../../../Engine/Content/Internationalization/icudt64l/region/bn_IN.res" 1143
"../../../Engine/Content/Internationalization/icudt64l/lang/bo.res" 1144
"../../../Engine/Content/Internationalization/icudt64l/region/bo.res" 1145
"../../../Engine/Content/Internationalization/icudt64l/region/bo_IN.res" 1146
"../../../Engine/Content/Internationalization/icudt64l/lang/br.res" 1147
"../../../Engine/Content/Internationalization/icudt64l/region/br.res" 1148
"../../../Engine/Content/Internationalization/icudt64l/lang/brx.res" 1149
"../../../Engine/Content/Internationalization/icudt64l/region/brx.res" 1150
"../../../Engine/Content/Internationalization/icudt64l/lang/bs.res" 1151
"../../../Engine/Content/Internationalization/icudt64l/lang/bs_Cyrl.res" 1152
"../../../Engine/Content/Internationalization/icudt64l/lang/bs_BA.res" 1153
"../../../Engine/Content/Internationalization/icudt64l/lang/bs_Latn_BA.res" 1154
"../../../Engine/Content/Internationalization/icudt64l/lang/bs_Latn.res" 1155
"../../../Engine/Content/Internationalization/icudt64l/region/bs_BA.res" 1156
"../../../Engine/Content/Internationalization/icudt64l/region/bs_Latn_BA.res" 1157
"../../../Engine/Content/Internationalization/icudt64l/region/bs_Latn.res" 1158
"../../../Engine/Content/Internationalization/icudt64l/region/bs.res" 1159
"../../../Engine/Content/Internationalization/icudt64l/region/bs_Cyrl.res" 1160
"../../../Engine/Content/Internationalization/icudt64l/lang/ca.res" 1161
"../../../Engine/Content/Internationalization/icudt64l/region/ca.res" 1162
"../../../Engine/Content/Internationalization/icudt64l/lang/ccp.res" 1163
"../../../Engine/Content/Internationalization/icudt64l/region/ccp.res" 1164
"../../../Engine/Content/Internationalization/icudt64l/lang/ce.res" 1165
"../../../Engine/Content/Internationalization/icudt64l/region/ce.res" 1166
"../../../Engine/Content/Internationalization/icudt64l/lang/ceb.res" 1167
"../../../Engine/Content/Internationalization/icudt64l/region/ceb.res" 1168
"../../../Engine/Content/Internationalization/icudt64l/lang/cgg.res" 1169
"../../../Engine/Content/Internationalization/icudt64l/region/cgg.res" 1170
"../../../Engine/Content/Internationalization/icudt64l/lang/chr.res" 1171
"../../../Engine/Content/Internationalization/icudt64l/region/chr.res" 1172
"../../../Engine/Content/Internationalization/icudt64l/lang/ckb.res" 1173
"../../../Engine/Content/Internationalization/icudt64l/region/ckb.res" 1174
"../../../Engine/Content/Internationalization/icudt64l/lang/cs.res" 1175
"../../../Engine/Content/Internationalization/icudt64l/region/cs.res" 1176
"../../../Engine/Content/Internationalization/icudt64l/lang/cy.res" 1177
"../../../Engine/Content/Internationalization/icudt64l/region/cy.res" 1178
"../../../Engine/Content/Internationalization/icudt64l/lang/da.res" 1179
"../../../Engine/Content/Internationalization/icudt64l/region/da.res" 1180
"../../../Engine/Content/Internationalization/icudt64l/lang/dav.res" 1181
"../../../Engine/Content/Internationalization/icudt64l/region/dav.res" 1182
"../../../Engine/Content/Internationalization/icudt64l/lang/de.res" 1183
"../../../Engine/Content/Internationalization/icudt64l/lang/de_AT.res" 1184
"../../../Engine/Content/Internationalization/icudt64l/region/de_AT.res" 1185
"../../../Engine/Content/Internationalization/icudt64l/region/de.res" 1186
"../../../Engine/Content/Internationalization/icudt64l/lang/de_CH.res" 1187
"../../../Engine/Content/Internationalization/icudt64l/region/de_CH.res" 1188
"../../../Engine/Content/Internationalization/icudt64l/lang/de_LU.res" 1189
"../../../Engine/Content/Internationalization/icudt64l/lang/dje.res" 1190
"../../../Engine/Content/Internationalization/icudt64l/region/dje.res" 1191
"../../../Engine/Content/Internationalization/icudt64l/lang/dsb.res" 1192
"../../../Engine/Content/Internationalization/icudt64l/region/dsb.res" 1193
"../../../Engine/Content/Internationalization/icudt64l/lang/dua.res" 1194
"../../../Engine/Content/Internationalization/icudt64l/region/dua.res" 1195
"../../../Engine/Content/Internationalization/icudt64l/lang/dyo.res" 1196
"../../../Engine/Content/Internationalization/icudt64l/region/dyo.res" 1197
"../../../Engine/Content/Internationalization/icudt64l/lang/dz.res" 1198
"../../../Engine/Content/Internationalization/icudt64l/region/dz.res" 1199
"../../../Engine/Content/Internationalization/icudt64l/lang/ebu.res" 1200
"../../../Engine/Content/Internationalization/icudt64l/region/ebu.res" 1201
"../../../Engine/Content/Internationalization/icudt64l/lang/ee.res" 1202
"../../../Engine/Content/Internationalization/icudt64l/region/ee.res" 1203
"../../../Engine/Content/Internationalization/icudt64l/lang/el.res" 1204
"../../../Engine/Content/Internationalization/icudt64l/region/el.res" 1205
"../../../Engine/Content/Internationalization/icudt64l/lang/en_001.res" 1206
"../../../Engine/Content/Internationalization/icudt64l/lang/en_150.res" 1207
"../../../Engine/Content/Internationalization/icudt64l/region/en_150.res" 1208
"../../../Engine/Content/Internationalization/icudt64l/lang/en_AG.res" 1209
"../../../Engine/Content/Internationalization/icudt64l/region/en_AG.res" 1210
"../../../Engine/Content/Internationalization/icudt64l/lang/en_AI.res" 1211
"../../../Engine/Content/Internationalization/icudt64l/region/en_AI.res" 1212
"../../../Engine/Content/Internationalization/icudt64l/lang/en_AT.res" 1213
"../../../Engine/Content/Internationalization/icudt64l/region/en_AT.res" 1214
"../../../Engine/Content/Internationalization/icudt64l/lang/en_AU.res" 1215
"../../../Engine/Content/Internationalization/icudt64l/region/en_AU.res" 1216
"../../../Engine/Content/Internationalization/icudt64l/lang/en_BB.res" 1217
"../../../Engine/Content/Internationalization/icudt64l/region/en_BB.res" 1218
"../../../Engine/Content/Internationalization/icudt64l/lang/en_BE.res" 1219
"../../../Engine/Content/Internationalization/icudt64l/region/en_BE.res" 1220
"../../../Engine/Content/Internationalization/icudt64l/lang/en_BM.res" 1221
"../../../Engine/Content/Internationalization/icudt64l/region/en_BM.res" 1222
"../../../Engine/Content/Internationalization/icudt64l/lang/en_BS.res" 1223
"../../../Engine/Content/Internationalization/icudt64l/region/en_BS.res" 1224
"../../../Engine/Content/Internationalization/icudt64l/lang/en_BW.res" 1225
"../../../Engine/Content/Internationalization/icudt64l/region/en_BW.res" 1226
"../../../Engine/Content/Internationalization/icudt64l/lang/en_BZ.res" 1227
"../../../Engine/Content/Internationalization/icudt64l/region/en_BZ.res" 1228
"../../../Engine/Content/Internationalization/icudt64l/lang/en_CA.res" 1229
"../../../Engine/Content/Internationalization/icudt64l/region/en_CA.res" 1230
"../../../Engine/Content/Internationalization/icudt64l/lang/en_CC.res" 1231
"../../../Engine/Content/Internationalization/icudt64l/region/en_CC.res" 1232
"../../../Engine/Content/Internationalization/icudt64l/lang/en_CH.res" 1233
"../../../Engine/Content/Internationalization/icudt64l/region/en_CH.res" 1234
"../../../Engine/Content/Internationalization/icudt64l/lang/en_CK.res" 1235
"../../../Engine/Content/Internationalization/icudt64l/region/en_CK.res" 1236
"../../../Engine/Content/Internationalization/icudt64l/lang/en_CM.res" 1237
"../../../Engine/Content/Internationalization/icudt64l/region/en_CM.res" 1238
"../../../Engine/Content/Internationalization/icudt64l/lang/en_CX.res" 1239
"../../../Engine/Content/Internationalization/icudt64l/region/en_CX.res" 1240
"../../../Engine/Content/Internationalization/icudt64l/lang/en_CY.res" 1241
"../../../Engine/Content/Internationalization/icudt64l/region/en_CY.res" 1242
"../../../Engine/Content/Internationalization/icudt64l/lang/en_DE.res" 1243
"../../../Engine/Content/Internationalization/icudt64l/region/en_DE.res" 1244
"../../../Engine/Content/Internationalization/icudt64l/lang/en_DG.res" 1245
"../../../Engine/Content/Internationalization/icudt64l/region/en_DG.res" 1246
"../../../Engine/Content/Internationalization/icudt64l/lang/en_DK.res" 1247
"../../../Engine/Content/Internationalization/icudt64l/region/en_DK.res" 1248
"../../../Engine/Content/Internationalization/icudt64l/lang/en_DM.res" 1249
"../../../Engine/Content/Internationalization/icudt64l/region/en_DM.res" 1250
"../../../Engine/Content/Internationalization/icudt64l/lang/en_ER.res" 1251
"../../../Engine/Content/Internationalization/icudt64l/region/en_ER.res" 1252
"../../../Engine/Content/Internationalization/icudt64l/lang/en_FI.res" 1253
"../../../Engine/Content/Internationalization/icudt64l/region/en_FI.res" 1254
"../../../Engine/Content/Internationalization/icudt64l/lang/en_FJ.res" 1255
"../../../Engine/Content/Internationalization/icudt64l/region/en_FJ.res" 1256
"../../../Engine/Content/Internationalization/icudt64l/lang/en_FK.res" 1257
"../../../Engine/Content/Internationalization/icudt64l/region/en_FK.res" 1258
"../../../Engine/Content/Internationalization/icudt64l/lang/en_FM.res" 1259
"../../../Engine/Content/Internationalization/icudt64l/region/en_FM.res" 1260
"../../../Engine/Content/Internationalization/icudt64l/lang/en_GB.res" 1261
"../../../Engine/Content/Internationalization/icudt64l/region/en_GB.res" 1262
"../../../Engine/Content/Internationalization/icudt64l/lang/en_GD.res" 1263
"../../../Engine/Content/Internationalization/icudt64l/region/en_GD.res" 1264
"../../../Engine/Content/Internationalization/icudt64l/lang/en_GG.res" 1265
"../../../Engine/Content/Internationalization/icudt64l/region/en_GG.res" 1266
"../../../Engine/Content/Internationalization/icudt64l/lang/en_GH.res" 1267
"../../../Engine/Content/Internationalization/icudt64l/region/en_GH.res" 1268
"../../../Engine/Content/Internationalization/icudt64l/lang/en_GI.res" 1269
"../../../Engine/Content/Internationalization/icudt64l/region/en_GI.res" 1270
"../../../Engine/Content/Internationalization/icudt64l/lang/en_GM.res" 1271
"../../../Engine/Content/Internationalization/icudt64l/region/en_GM.res" 1272
"../../../Engine/Content/Internationalization/icudt64l/lang/en_GY.res" 1273
"../../../Engine/Content/Internationalization/icudt64l/region/en_GY.res" 1274
"../../../Engine/Content/Internationalization/icudt64l/lang/en_HK.res" 1275
"../../../Engine/Content/Internationalization/icudt64l/region/en_HK.res" 1276
"../../../Engine/Content/Internationalization/icudt64l/lang/en_IE.res" 1277
"../../../Engine/Content/Internationalization/icudt64l/region/en_IE.res" 1278
"../../../Engine/Content/Internationalization/icudt64l/lang/en_IL.res" 1279
"../../../Engine/Content/Internationalization/icudt64l/region/en_IL.res" 1280
"../../../Engine/Content/Internationalization/icudt64l/lang/en_IM.res" 1281
"../../../Engine/Content/Internationalization/icudt64l/region/en_IM.res" 1282
"../../../Engine/Content/Internationalization/icudt64l/lang/en_IN.res" 1283
"../../../Engine/Content/Internationalization/icudt64l/region/en_IN.res" 1284
"../../../Engine/Content/Internationalization/icudt64l/lang/en_IO.res" 1285
"../../../Engine/Content/Internationalization/icudt64l/region/en_IO.res" 1286
"../../../Engine/Content/Internationalization/icudt64l/lang/en_JE.res" 1287
"../../../Engine/Content/Internationalization/icudt64l/region/en_JE.res" 1288
"../../../Engine/Content/Internationalization/icudt64l/lang/en_JM.res" 1289
"../../../Engine/Content/Internationalization/icudt64l/region/en_JM.res" 1290
"../../../Engine/Content/Internationalization/icudt64l/lang/en_KE.res" 1291
"../../../Engine/Content/Internationalization/icudt64l/region/en_KE.res" 1292
"../../../Engine/Content/Internationalization/icudt64l/lang/en_KI.res" 1293
"../../../Engine/Content/Internationalization/icudt64l/region/en_KI.res" 1294
"../../../Engine/Content/Internationalization/icudt64l/lang/en_KN.res" 1295
"../../../Engine/Content/Internationalization/icudt64l/region/en_KN.res" 1296
"../../../Engine/Content/Internationalization/icudt64l/lang/en_KY.res" 1297
"../../../Engine/Content/Internationalization/icudt64l/region/en_KY.res" 1298
"../../../Engine/Content/Internationalization/icudt64l/lang/en_LC.res" 1299
"../../../Engine/Content/Internationalization/icudt64l/region/en_LC.res" 1300
"../../../Engine/Content/Internationalization/icudt64l/lang/en_LR.res" 1301
"../../../Engine/Content/Internationalization/icudt64l/region/en_LR.res" 1302
"../../../Engine/Content/Internationalization/icudt64l/lang/en_LS.res" 1303
"../../../Engine/Content/Internationalization/icudt64l/region/en_LS.res" 1304
"../../../Engine/Content/Internationalization/icudt64l/lang/en_MG.res" 1305
"../../../Engine/Content/Internationalization/icudt64l/region/en_MG.res" 1306
"../../../Engine/Content/Internationalization/icudt64l/lang/en_MO.res" 1307
"../../../Engine/Content/Internationalization/icudt64l/region/en_MO.res" 1308
"../../../Engine/Content/Internationalization/icudt64l/lang/en_MS.res" 1309
"../../../Engine/Content/Internationalization/icudt64l/region/en_MS.res" 1310
"../../../Engine/Content/Internationalization/icudt64l/lang/en_MT.res" 1311
"../../../Engine/Content/Internationalization/icudt64l/region/en_MT.res" 1312
"../../../Engine/Content/Internationalization/icudt64l/lang/en_MU.res" 1313
"../../../Engine/Content/Internationalization/icudt64l/region/en_MU.res" 1314
"../../../Engine/Content/Internationalization/icudt64l/lang/en_MW.res" 1315
"../../../Engine/Content/Internationalization/icudt64l/region/en_MW.res" 1316
"../../../Engine/Content/Internationalization/icudt64l/lang/en_MY.res" 1317
"../../../Engine/Content/Internationalization/icudt64l/region/en_MY.res" 1318
"../../../Engine/Content/Internationalization/icudt64l/lang/en_NA.res" 1319
"../../../Engine/Content/Internationalization/icudt64l/region/en_NA.res" 1320
"../../../Engine/Content/Internationalization/icudt64l/lang/en_NF.res" 1321
"../../../Engine/Content/Internationalization/icudt64l/region/en_NF.res" 1322
"../../../Engine/Content/Internationalization/icudt64l/lang/en_NG.res" 1323
"../../../Engine/Content/Internationalization/icudt64l/region/en_NG.res" 1324
"../../../Engine/Content/Internationalization/icudt64l/lang/en_NL.res" 1325
"../../../Engine/Content/Internationalization/icudt64l/region/en_NL.res" 1326
"../../../Engine/Content/Internationalization/icudt64l/lang/en_NR.res" 1327
"../../../Engine/Content/Internationalization/icudt64l/region/en_NR.res" 1328
"../../../Engine/Content/Internationalization/icudt64l/lang/en_NU.res" 1329
"../../../Engine/Content/Internationalization/icudt64l/region/en_NU.res" 1330
"../../../Engine/Content/Internationalization/icudt64l/lang/en_NZ.res" 1331
"../../../Engine/Content/Internationalization/icudt64l/region/en_NZ.res" 1332
"../../../Engine/Content/Internationalization/icudt64l/lang/en_PG.res" 1333
"../../../Engine/Content/Internationalization/icudt64l/region/en_PG.res" 1334
"../../../Engine/Content/Internationalization/icudt64l/lang/en_PH.res" 1335
"../../../Engine/Content/Internationalization/icudt64l/region/en_PH.res" 1336
"../../../Engine/Content/Internationalization/icudt64l/lang/en_PK.res" 1337
"../../../Engine/Content/Internationalization/icudt64l/region/en_PK.res" 1338
"../../../Engine/Content/Internationalization/icudt64l/lang/en_PN.res" 1339
"../../../Engine/Content/Internationalization/icudt64l/region/en_PN.res" 1340
"../../../Engine/Content/Internationalization/icudt64l/lang/en_PW.res" 1341
"../../../Engine/Content/Internationalization/icudt64l/region/en_PW.res" 1342
"../../../Engine/Content/Internationalization/icudt64l/lang/en_RW.res" 1343
"../../../Engine/Content/Internationalization/icudt64l/region/en_RW.res" 1344
"../../../Engine/Content/Internationalization/icudt64l/lang/en_SB.res" 1345
"../../../Engine/Content/Internationalization/icudt64l/region/en_SB.res" 1346
"../../../Engine/Content/Internationalization/icudt64l/lang/en_SC.res" 1347
"../../../Engine/Content/Internationalization/icudt64l/region/en_SC.res" 1348
"../../../Engine/Content/Internationalization/icudt64l/lang/en_SD.res" 1349
"../../../Engine/Content/Internationalization/icudt64l/region/en_SD.res" 1350
"../../../Engine/Content/Internationalization/icudt64l/lang/en_SE.res" 1351
"../../../Engine/Content/Internationalization/icudt64l/region/en_SE.res" 1352
"../../../Engine/Content/Internationalization/icudt64l/lang/en_SG.res" 1353
"../../../Engine/Content/Internationalization/icudt64l/region/en_SG.res" 1354
"../../../Engine/Content/Internationalization/icudt64l/lang/en_SH.res" 1355
"../../../Engine/Content/Internationalization/icudt64l/region/en_SH.res" 1356
"../../../Engine/Content/Internationalization/icudt64l/lang/en_SI.res" 1357
"../../../Engine/Content/Internationalization/icudt64l/region/en_SI.res" 1358
"../../../Engine/Content/Internationalization/icudt64l/lang/en_SL.res" 1359
"../../../Engine/Content/Internationalization/icudt64l/region/en_SL.res" 1360
"../../../Engine/Content/Internationalization/icudt64l/lang/en_SS.res" 1361
"../../../Engine/Content/Internationalization/icudt64l/region/en_SS.res" 1362
"../../../Engine/Content/Internationalization/icudt64l/lang/en_SX.res" 1363
"../../../Engine/Content/Internationalization/icudt64l/region/en_SX.res" 1364
"../../../Engine/Content/Internationalization/icudt64l/lang/en_SZ.res" 1365
"../../../Engine/Content/Internationalization/icudt64l/region/en_SZ.res" 1366
"../../../Engine/Content/Internationalization/icudt64l/lang/en_TC.res" 1367
"../../../Engine/Content/Internationalization/icudt64l/region/en_TC.res" 1368
"../../../Engine/Content/Internationalization/icudt64l/lang/en_TK.res" 1369
"../../../Engine/Content/Internationalization/icudt64l/region/en_TK.res" 1370
"../../../Engine/Content/Internationalization/icudt64l/lang/en_TO.res" 1371
"../../../Engine/Content/Internationalization/icudt64l/region/en_TO.res" 1372
"../../../Engine/Content/Internationalization/icudt64l/lang/en_TT.res" 1373
"../../../Engine/Content/Internationalization/icudt64l/region/en_TT.res" 1374
"../../../Engine/Content/Internationalization/icudt64l/lang/en_TV.res" 1375
"../../../Engine/Content/Internationalization/icudt64l/region/en_TV.res" 1376
"../../../Engine/Content/Internationalization/icudt64l/lang/en_TZ.res" 1377
"../../../Engine/Content/Internationalization/icudt64l/region/en_TZ.res" 1378
"../../../Engine/Content/Internationalization/icudt64l/lang/en_UG.res" 1379
"../../../Engine/Content/Internationalization/icudt64l/region/en_UG.res" 1380
"../../../Engine/Content/Internationalization/icudt64l/lang/en_VC.res" 1381
"../../../Engine/Content/Internationalization/icudt64l/region/en_VC.res" 1382
"../../../Engine/Content/Internationalization/icudt64l/lang/en_VG.res" 1383
"../../../Engine/Content/Internationalization/icudt64l/region/en_VG.res" 1384
"../../../Engine/Content/Internationalization/icudt64l/lang/en_VU.res" 1385
"../../../Engine/Content/Internationalization/icudt64l/region/en_VU.res" 1386
"../../../Engine/Content/Internationalization/icudt64l/lang/en_WS.res" 1387
"../../../Engine/Content/Internationalization/icudt64l/region/en_WS.res" 1388
"../../../Engine/Content/Internationalization/icudt64l/lang/en_ZA.res" 1389
"../../../Engine/Content/Internationalization/icudt64l/region/en_ZA.res" 1390
"../../../Engine/Content/Internationalization/icudt64l/lang/en_ZM.res" 1391
"../../../Engine/Content/Internationalization/icudt64l/region/en_ZM.res" 1392
"../../../Engine/Content/Internationalization/icudt64l/lang/en_ZW.res" 1393
"../../../Engine/Content/Internationalization/icudt64l/region/en_ZW.res" 1394
"../../../Engine/Content/Internationalization/icudt64l/lang/eo.res" 1395
"../../../Engine/Content/Internationalization/icudt64l/region/eo.res" 1396
"../../../Engine/Content/Internationalization/icudt64l/lang/es.res" 1397
"../../../Engine/Content/Internationalization/icudt64l/lang/es_419.res" 1398
"../../../Engine/Content/Internationalization/icudt64l/region/es_419.res" 1399
"../../../Engine/Content/Internationalization/icudt64l/region/es.res" 1400
"../../../Engine/Content/Internationalization/icudt64l/lang/es_AR.res" 1401
"../../../Engine/Content/Internationalization/icudt64l/region/es_AR.res" 1402
"../../../Engine/Content/Internationalization/icudt64l/lang/es_BO.res" 1403
"../../../Engine/Content/Internationalization/icudt64l/region/es_BO.res" 1404
"../../../Engine/Content/Internationalization/icudt64l/lang/es_BR.res" 1405
"../../../Engine/Content/Internationalization/icudt64l/region/es_BR.res" 1406
"../../../Engine/Content/Internationalization/icudt64l/lang/es_BZ.res" 1407
"../../../Engine/Content/Internationalization/icudt64l/region/es_BZ.res" 1408
"../../../Engine/Content/Internationalization/icudt64l/lang/es_CL.res" 1409
"../../../Engine/Content/Internationalization/icudt64l/region/es_CL.res" 1410
"../../../Engine/Content/Internationalization/icudt64l/lang/es_CO.res" 1411
"../../../Engine/Content/Internationalization/icudt64l/region/es_CO.res" 1412
"../../../Engine/Content/Internationalization/icudt64l/lang/es_CR.res" 1413
"../../../Engine/Content/Internationalization/icudt64l/region/es_CR.res" 1414
"../../../Engine/Content/Internationalization/icudt64l/lang/es_CU.res" 1415
"../../../Engine/Content/Internationalization/icudt64l/region/es_CU.res" 1416
"../../../Engine/Content/Internationalization/icudt64l/lang/es_DO.res" 1417
"../../../Engine/Content/Internationalization/icudt64l/region/es_DO.res" 1418
"../../../Engine/Content/Internationalization/icudt64l/lang/es_EC.res" 1419
"../../../Engine/Content/Internationalization/icudt64l/region/es_EC.res" 1420
"../../../Engine/Content/Internationalization/icudt64l/lang/es_GT.res" 1421
"../../../Engine/Content/Internationalization/icudt64l/region/es_GT.res" 1422
"../../../Engine/Content/Internationalization/icudt64l/lang/es_HN.res" 1423
"../../../Engine/Content/Internationalization/icudt64l/region/es_HN.res" 1424
"../../../Engine/Content/Internationalization/icudt64l/lang/es_MX.res" 1425
"../../../Engine/Content/Internationalization/icudt64l/region/es_MX.res" 1426
"../../../Engine/Content/Internationalization/icudt64l/lang/es_NI.res" 1427
"../../../Engine/Content/Internationalization/icudt64l/region/es_NI.res" 1428
"../../../Engine/Content/Internationalization/icudt64l/lang/es_PA.res" 1429
"../../../Engine/Content/Internationalization/icudt64l/region/es_PA.res" 1430
"../../../Engine/Content/Internationalization/icudt64l/lang/es_PE.res" 1431
"../../../Engine/Content/Internationalization/icudt64l/region/es_PE.res" 1432
"../../../Engine/Content/Internationalization/icudt64l/lang/es_PR.res" 1433
"../../../Engine/Content/Internationalization/icudt64l/region/es_PR.res" 1434
"../../../Engine/Content/Internationalization/icudt64l/lang/es_PY.res" 1435
"../../../Engine/Content/Internationalization/icudt64l/region/es_PY.res" 1436
"../../../Engine/Content/Internationalization/icudt64l/lang/es_SV.res" 1437
"../../../Engine/Content/Internationalization/icudt64l/region/es_SV.res" 1438
"../../../Engine/Content/Internationalization/icudt64l/lang/es_US.res" 1439
"../../../Engine/Content/Internationalization/icudt64l/region/es_US.res" 1440
"../../../Engine/Content/Internationalization/icudt64l/lang/es_UY.res" 1441
"../../../Engine/Content/Internationalization/icudt64l/region/es_UY.res" 1442
"../../../Engine/Content/Internationalization/icudt64l/lang/es_VE.res" 1443
"../../../Engine/Content/Internationalization/icudt64l/region/es_VE.res" 1444
"../../../Engine/Content/Internationalization/icudt64l/lang/et.res" 1445
"../../../Engine/Content/Internationalization/icudt64l/region/et.res" 1446
"../../../Engine/Content/Internationalization/icudt64l/lang/eu.res" 1447
"../../../Engine/Content/Internationalization/icudt64l/region/eu.res" 1448
"../../../Engine/Content/Internationalization/icudt64l/lang/ewo.res" 1449
"../../../Engine/Content/Internationalization/icudt64l/region/ewo.res" 1450
"../../../Engine/Content/Internationalization/icudt64l/lang/fa.res" 1451
"../../../Engine/Content/Internationalization/icudt64l/lang/fa_AF.res" 1452
"../../../Engine/Content/Internationalization/icudt64l/region/fa_AF.res" 1453
"../../../Engine/Content/Internationalization/icudt64l/region/fa.res" 1454
"../../../Engine/Content/Internationalization/icudt64l/lang/ff.res" 1455
"../../../Engine/Content/Internationalization/icudt64l/lang/ff_Latn.res" 1456
"../../../Engine/Content/Internationalization/icudt64l/region/ff.res" 1457
"../../../Engine/Content/Internationalization/icudt64l/region/ff_Latn.res" 1458
"../../../Engine/Content/Internationalization/icudt64l/lang/ff_CM.res" 1459
"../../../Engine/Content/Internationalization/icudt64l/lang/ff_Latn_CM.res" 1460
"../../../Engine/Content/Internationalization/icudt64l/region/ff_CM.res" 1461
"../../../Engine/Content/Internationalization/icudt64l/region/ff_Latn_CM.res" 1462
"../../../Engine/Content/Internationalization/icudt64l/lang/ff_GN.res" 1463
"../../../Engine/Content/Internationalization/icudt64l/lang/ff_Latn_GN.res" 1464
"../../../Engine/Content/Internationalization/icudt64l/region/ff_GN.res" 1465
"../../../Engine/Content/Internationalization/icudt64l/region/ff_Latn_GN.res" 1466
"../../../Engine/Content/Internationalization/icudt64l/lang/ff_MR.res" 1467
"../../../Engine/Content/Internationalization/icudt64l/lang/ff_Latn_MR.res" 1468
"../../../Engine/Content/Internationalization/icudt64l/region/ff_MR.res" 1469
"../../../Engine/Content/Internationalization/icudt64l/region/ff_Latn_MR.res" 1470
"../../../Engine/Content/Internationalization/icudt64l/lang/ff_SN.res" 1471
"../../../Engine/Content/Internationalization/icudt64l/lang/ff_Latn_SN.res" 1472
"../../../Engine/Content/Internationalization/icudt64l/region/ff_SN.res" 1473
"../../../Engine/Content/Internationalization/icudt64l/region/ff_Latn_SN.res" 1474
"../../../Engine/Content/Internationalization/icudt64l/lang/fi.res" 1475
"../../../Engine/Content/Internationalization/icudt64l/region/fi.res" 1476
"../../../Engine/Content/Internationalization/icudt64l/lang/fil.res" 1477
"../../../Engine/Content/Internationalization/icudt64l/lang/fil_PH.res" 1478
"../../../Engine/Content/Internationalization/icudt64l/region/fil_PH.res" 1479
"../../../Engine/Content/Internationalization/icudt64l/region/fil.res" 1480
"../../../Engine/Content/Internationalization/icudt64l/lang/fo.res" 1481
"../../../Engine/Content/Internationalization/icudt64l/region/fo.res" 1482
"../../../Engine/Content/Internationalization/icudt64l/lang/fr.res" 1483
"../../../Engine/Content/Internationalization/icudt64l/lang/fr_BE.res" 1484
"../../../Engine/Content/Internationalization/icudt64l/region/fr_BE.res" 1485
"../../../Engine/Content/Internationalization/icudt64l/region/fr.res" 1486
"../../../Engine/Content/Internationalization/icudt64l/lang/fr_CA.res" 1487
"../../../Engine/Content/Internationalization/icudt64l/region/fr_CA.res" 1488
"../../../Engine/Content/Internationalization/icudt64l/lang/fr_CH.res" 1489
"../../../Engine/Content/Internationalization/icudt64l/lang/fur.res" 1490
"../../../Engine/Content/Internationalization/icudt64l/region/fur.res" 1491
"../../../Engine/Content/Internationalization/icudt64l/lang/fy.res" 1492
"../../../Engine/Content/Internationalization/icudt64l/region/fy.res" 1493
"../../../Engine/Content/Internationalization/icudt64l/lang/ga.res" 1494
"../../../Engine/Content/Internationalization/icudt64l/region/ga.res" 1495
"../../../Engine/Content/Internationalization/icudt64l/lang/gd.res" 1496
"../../../Engine/Content/Internationalization/icudt64l/region/gd.res" 1497
"../../../Engine/Content/Internationalization/icudt64l/lang/gl.res" 1498
"../../../Engine/Content/Internationalization/icudt64l/region/gl.res" 1499
"../../../Engine/Content/Internationalization/icudt64l/lang/gsw.res" 1500
"../../../Engine/Content/Internationalization/icudt64l/region/gsw.res" 1501
"../../../Engine/Content/Internationalization/icudt64l/lang/gu.res" 1502
"../../../Engine/Content/Internationalization/icudt64l/region/gu.res" 1503
"../../../Engine/Content/Internationalization/icudt64l/lang/guz.res" 1504
"../../../Engine/Content/Internationalization/icudt64l/region/guz.res" 1505
"../../../Engine/Content/Internationalization/icudt64l/lang/gv.res" 1506
"../../../Engine/Content/Internationalization/icudt64l/region/gv.res" 1507
"../../../Engine/Content/Internationalization/icudt64l/lang/ha.res" 1508
"../../../Engine/Content/Internationalization/icudt64l/region/ha.res" 1509
"../../../Engine/Content/Internationalization/icudt64l/lang/ha_NE.res" 1510
"../../../Engine/Content/Internationalization/icudt64l/region/ha_NE.res" 1511
"../../../Engine/Content/Internationalization/icudt64l/lang/haw.res" 1512
"../../../Engine/Content/Internationalization/icudt64l/region/haw.res" 1513
"../../../Engine/Content/Internationalization/icudt64l/lang/he.res" 1514
"../../../Engine/Content/Internationalization/icudt64l/lang/he_IL.res" 1515
"../../../Engine/Content/Internationalization/icudt64l/region/he_IL.res" 1516
"../../../Engine/Content/Internationalization/icudt64l/region/he.res" 1517
"../../../Engine/Content/Internationalization/icudt64l/lang/hi.res" 1518
"../../../Engine/Content/Internationalization/icudt64l/region/hi.res" 1519
"../../../Engine/Content/Internationalization/icudt64l/lang/hr.res" 1520
"../../../Engine/Content/Internationalization/icudt64l/region/hr.res" 1521
"../../../Engine/Content/Internationalization/icudt64l/lang/hsb.res" 1522
"../../../Engine/Content/Internationalization/icudt64l/region/hsb.res" 1523
"../../../Engine/Content/Internationalization/icudt64l/lang/hu.res" 1524
"../../../Engine/Content/Internationalization/icudt64l/region/hu.res" 1525
"../../../Engine/Content/Internationalization/icudt64l/lang/hy.res" 1526
"../../../Engine/Content/Internationalization/icudt64l/region/hy.res" 1527
"../../../Engine/Content/Internationalization/icudt64l/lang/ia.res" 1528
"../../../Engine/Content/Internationalization/icudt64l/region/ia.res" 1529
"../../../Engine/Content/Internationalization/icudt64l/lang/id.res" 1530
"../../../Engine/Content/Internationalization/icudt64l/lang/id_ID.res" 1531
"../../../Engine/Content/Internationalization/icudt64l/region/id_ID.res" 1532
"../../../Engine/Content/Internationalization/icudt64l/region/id.res" 1533
"../../../Engine/Content/Internationalization/icudt64l/lang/ig.res" 1534
"../../../Engine/Content/Internationalization/icudt64l/region/ig.res" 1535
"../../../Engine/Content/Internationalization/icudt64l/lang/ii.res" 1536
"../../../Engine/Content/Internationalization/icudt64l/region/ii.res" 1537
"../../../Engine/Content/Internationalization/icudt64l/lang/is.res" 1538
"../../../Engine/Content/Internationalization/icudt64l/region/is.res" 1539
"../../../Engine/Content/Internationalization/icudt64l/lang/it.res" 1540
"../../../Engine/Content/Internationalization/icudt64l/region/it.res" 1541
"../../../Engine/Content/Internationalization/icudt64l/lang/ja.res" 1542
"../../../Engine/Content/Internationalization/icudt64l/lang/ja_JP.res" 1543
"../../../Engine/Content/Internationalization/icudt64l/region/ja_JP.res" 1544
"../../../Engine/Content/Internationalization/icudt64l/region/ja.res" 1545
"../../../Engine/Content/Internationalization/icudt64l/lang/jgo.res" 1546
"../../../Engine/Content/Internationalization/icudt64l/region/jgo.res" 1547
"../../../Engine/Content/Internationalization/icudt64l/lang/jmc.res" 1548
"../../../Engine/Content/Internationalization/icudt64l/region/jmc.res" 1549
"../../../Engine/Content/Internationalization/icudt64l/lang/jv.res" 1550
"../../../Engine/Content/Internationalization/icudt64l/region/jv.res" 1551
"../../../Engine/Content/Internationalization/icudt64l/lang/ka.res" 1552
"../../../Engine/Content/Internationalization/icudt64l/region/ka.res" 1553
"../../../Engine/Content/Internationalization/icudt64l/lang/kab.res" 1554
"../../../Engine/Content/Internationalization/icudt64l/region/kab.res" 1555
"../../../Engine/Content/Internationalization/icudt64l/lang/kam.res" 1556
"../../../Engine/Content/Internationalization/icudt64l/region/kam.res" 1557
"../../../Engine/Content/Internationalization/icudt64l/lang/kde.res" 1558
"../../../Engine/Content/Internationalization/icudt64l/region/kde.res" 1559
"../../../Engine/Content/Internationalization/icudt64l/lang/kea.res" 1560
"../../../Engine/Content/Internationalization/icudt64l/region/kea.res" 1561
"../../../Engine/Content/Internationalization/icudt64l/lang/khq.res" 1562
"../../../Engine/Content/Internationalization/icudt64l/region/khq.res" 1563
"../../../Engine/Content/Internationalization/icudt64l/lang/ki.res" 1564
"../../../Engine/Content/Internationalization/icudt64l/region/ki.res" 1565
"../../../Engine/Content/Internationalization/icudt64l/lang/kk.res" 1566
"../../../Engine/Content/Internationalization/icudt64l/region/kk.res" 1567
"../../../Engine/Content/Internationalization/icudt64l/lang/kkj.res" 1568
"../../../Engine/Content/Internationalization/icudt64l/region/kkj.res" 1569
"../../../Engine/Content/Internationalization/icudt64l/lang/kl.res" 1570
"../../../Engine/Content/Internationalization/icudt64l/region/kl.res" 1571
"../../../Engine/Content/Internationalization/icudt64l/lang/kln.res" 1572
"../../../Engine/Content/Internationalization/icudt64l/region/kln.res" 1573
"../../../Engine/Content/Internationalization/icudt64l/lang/km.res" 1574
"../../../Engine/Content/Internationalization/icudt64l/region/km.res" 1575
"../../../Engine/Content/Internationalization/icudt64l/lang/kn.res" 1576
"../../../Engine/Content/Internationalization/icudt64l/region/kn.res" 1577
"../../../Engine/Content/Internationalization/icudt64l/lang/ko.res" 1578
"../../../Engine/Content/Internationalization/icudt64l/region/ko_KP.res" 1579
"../../../Engine/Content/Internationalization/icudt64l/region/ko.res" 1580
"../../../Engine/Content/Internationalization/icudt64l/lang/kok.res" 1581
"../../../Engine/Content/Internationalization/icudt64l/region/kok.res" 1582
"../../../Engine/Content/Internationalization/icudt64l/lang/ks.res" 1583
"../../../Engine/Content/Internationalization/icudt64l/region/ks.res" 1584
"../../../Engine/Content/Internationalization/icudt64l/lang/ksb.res" 1585
"../../../Engine/Content/Internationalization/icudt64l/region/ksb.res" 1586
"../../../Engine/Content/Internationalization/icudt64l/lang/ksf.res" 1587
"../../../Engine/Content/Internationalization/icudt64l/region/ksf.res" 1588
"../../../Engine/Content/Internationalization/icudt64l/lang/ksh.res" 1589
"../../../Engine/Content/Internationalization/icudt64l/region/ksh.res" 1590
"../../../Engine/Content/Internationalization/icudt64l/lang/ku.res" 1591
"../../../Engine/Content/Internationalization/icudt64l/region/ku.res" 1592
"../../../Engine/Content/Internationalization/icudt64l/lang/kw.res" 1593
"../../../Engine/Content/Internationalization/icudt64l/region/kw.res" 1594
"../../../Engine/Content/Internationalization/icudt64l/lang/ky.res" 1595
"../../../Engine/Content/Internationalization/icudt64l/region/ky.res" 1596
"../../../Engine/Content/Internationalization/icudt64l/lang/lag.res" 1597
"../../../Engine/Content/Internationalization/icudt64l/region/lag.res" 1598
"../../../Engine/Content/Internationalization/icudt64l/lang/lb.res" 1599
"../../../Engine/Content/Internationalization/icudt64l/region/lb.res" 1600
"../../../Engine/Content/Internationalization/icudt64l/lang/lg.res" 1601
"../../../Engine/Content/Internationalization/icudt64l/region/lg.res" 1602
"../../../Engine/Content/Internationalization/icudt64l/lang/lkt.res" 1603
"../../../Engine/Content/Internationalization/icudt64l/region/lkt.res" 1604
"../../../Engine/Content/Internationalization/icudt64l/lang/ln.res" 1605
"../../../Engine/Content/Internationalization/icudt64l/region/ln.res" 1606
"../../../Engine/Content/Internationalization/icudt64l/lang/lo.res" 1607
"../../../Engine/Content/Internationalization/icudt64l/region/lo.res" 1608
"../../../Engine/Content/Internationalization/icudt64l/lang/lrc.res" 1609
"../../../Engine/Content/Internationalization/icudt64l/region/lrc.res" 1610
"../../../Engine/Content/Internationalization/icudt64l/lang/lt.res" 1611
"../../../Engine/Content/Internationalization/icudt64l/region/lt.res" 1612
"../../../Engine/Content/Internationalization/icudt64l/lang/lu.res" 1613
"../../../Engine/Content/Internationalization/icudt64l/region/lu.res" 1614
"../../../Engine/Content/Internationalization/icudt64l/lang/luo.res" 1615
"../../../Engine/Content/Internationalization/icudt64l/region/luo.res" 1616
"../../../Engine/Content/Internationalization/icudt64l/lang/luy.res" 1617
"../../../Engine/Content/Internationalization/icudt64l/region/luy.res" 1618
"../../../Engine/Content/Internationalization/icudt64l/lang/lv.res" 1619
"../../../Engine/Content/Internationalization/icudt64l/region/lv.res" 1620
"../../../Engine/Content/Internationalization/icudt64l/lang/mas.res" 1621
"../../../Engine/Content/Internationalization/icudt64l/region/mas.res" 1622
"../../../Engine/Content/Internationalization/icudt64l/lang/mer.res" 1623
"../../../Engine/Content/Internationalization/icudt64l/region/mer.res" 1624
"../../../Engine/Content/Internationalization/icudt64l/lang/mfe.res" 1625
"../../../Engine/Content/Internationalization/icudt64l/region/mfe.res" 1626
"../../../Engine/Content/Internationalization/icudt64l/lang/mg.res" 1627
"../../../Engine/Content/Internationalization/icudt64l/region/mg.res" 1628
"../../../Engine/Content/Internationalization/icudt64l/lang/mgh.res" 1629
"../../../Engine/Content/Internationalization/icudt64l/region/mgh.res" 1630
"../../../Engine/Content/Internationalization/icudt64l/lang/mgo.res" 1631
"../../../Engine/Content/Internationalization/icudt64l/region/mgo.res" 1632
"../../../Engine/Content/Internationalization/icudt64l/lang/mi.res" 1633
"../../../Engine/Content/Internationalization/icudt64l/region/mi.res" 1634
"../../../Engine/Content/Internationalization/icudt64l/lang/mk.res" 1635
"../../../Engine/Content/Internationalization/icudt64l/region/mk.res" 1636
"../../../Engine/Content/Internationalization/icudt64l/lang/ml.res" 1637
"../../../Engine/Content/Internationalization/icudt64l/region/ml.res" 1638
"../../../Engine/Content/Internationalization/icudt64l/lang/mn.res" 1639
"../../../Engine/Content/Internationalization/icudt64l/region/mn.res" 1640
"../../../Engine/Content/Internationalization/icudt64l/lang/mr.res" 1641
"../../../Engine/Content/Internationalization/icudt64l/region/mr.res" 1642
"../../../Engine/Content/Internationalization/icudt64l/lang/ms.res" 1643
"../../../Engine/Content/Internationalization/icudt64l/region/ms.res" 1644
"../../../Engine/Content/Internationalization/icudt64l/lang/mt.res" 1645
"../../../Engine/Content/Internationalization/icudt64l/region/mt.res" 1646
"../../../Engine/Content/Internationalization/icudt64l/lang/mua.res" 1647
"../../../Engine/Content/Internationalization/icudt64l/region/mua.res" 1648
"../../../Engine/Content/Internationalization/icudt64l/lang/my.res" 1649
"../../../Engine/Content/Internationalization/icudt64l/region/my.res" 1650
"../../../Engine/Content/Internationalization/icudt64l/lang/mzn.res" 1651
"../../../Engine/Content/Internationalization/icudt64l/region/mzn.res" 1652
"../../../Engine/Content/Internationalization/icudt64l/lang/naq.res" 1653
"../../../Engine/Content/Internationalization/icudt64l/region/naq.res" 1654
"../../../Engine/Content/Internationalization/icudt64l/lang/nb.res" 1655
"../../../Engine/Content/Internationalization/icudt64l/lang/nb_NO.res" 1656
"../../../Engine/Content/Internationalization/icudt64l/region/nb_NO.res" 1657
"../../../Engine/Content/Internationalization/icudt64l/region/nb.res" 1658
"../../../Engine/Content/Internationalization/icudt64l/lang/nd.res" 1659
"../../../Engine/Content/Internationalization/icudt64l/region/nd.res" 1660
"../../../Engine/Content/Internationalization/icudt64l/lang/nds.res" 1661
"../../../Engine/Content/Internationalization/icudt64l/region/nds.res" 1662
"../../../Engine/Content/Internationalization/icudt64l/lang/ne.res" 1663
"../../../Engine/Content/Internationalization/icudt64l/region/ne.res" 1664
"../../../Engine/Content/Internationalization/icudt64l/lang/nl.res" 1665
"../../../Engine/Content/Internationalization/icudt64l/region/nl.res" 1666
"../../../Engine/Content/Internationalization/icudt64l/lang/nmg.res" 1667
"../../../Engine/Content/Internationalization/icudt64l/region/nmg.res" 1668
"../../../Engine/Content/Internationalization/icudt64l/lang/nn.res" 1669
"../../../Engine/Content/Internationalization/icudt64l/lang/nn_NO.res" 1670
"../../../Engine/Content/Internationalization/icudt64l/region/nn_NO.res" 1671
"../../../Engine/Content/Internationalization/icudt64l/region/nn.res" 1672
"../../../Engine/Content/Internationalization/icudt64l/lang/nnh.res" 1673
"../../../Engine/Content/Internationalization/icudt64l/region/nnh.res" 1674
"../../../Engine/Content/Internationalization/icudt64l/lang/nus.res" 1675
"../../../Engine/Content/Internationalization/icudt64l/region/nus.res" 1676
"../../../Engine/Content/Internationalization/icudt64l/lang/nyn.res" 1677
"../../../Engine/Content/Internationalization/icudt64l/region/nyn.res" 1678
"../../../Engine/Content/Internationalization/icudt64l/lang/om.res" 1679
"../../../Engine/Content/Internationalization/icudt64l/region/om.res" 1680
"../../../Engine/Content/Internationalization/icudt64l/lang/or.res" 1681
"../../../Engine/Content/Internationalization/icudt64l/region/or.res" 1682
"../../../Engine/Content/Internationalization/icudt64l/lang/os.res" 1683
"../../../Engine/Content/Internationalization/icudt64l/region/os.res" 1684
"../../../Engine/Content/Internationalization/icudt64l/lang/pa.res" 1685
"../../../Engine/Content/Internationalization/icudt64l/lang/pa_Arab.res" 1686
"../../../Engine/Content/Internationalization/icudt64l/lang/pa_PK.res" 1687
"../../../Engine/Content/Internationalization/icudt64l/lang/pa_Arab_PK.res" 1688
"../../../Engine/Content/Internationalization/icudt64l/region/pa_PK.res" 1689
"../../../Engine/Content/Internationalization/icudt64l/region/pa_Arab_PK.res" 1690
"../../../Engine/Content/Internationalization/icudt64l/region/pa_Arab.res" 1691
"../../../Engine/Content/Internationalization/icudt64l/lang/pa_Guru.res" 1692
"../../../Engine/Content/Internationalization/icudt64l/lang/pa_IN.res" 1693
"../../../Engine/Content/Internationalization/icudt64l/lang/pa_Guru_IN.res" 1694
"../../../Engine/Content/Internationalization/icudt64l/region/pa_IN.res" 1695
"../../../Engine/Content/Internationalization/icudt64l/region/pa_Guru_IN.res" 1696
"../../../Engine/Content/Internationalization/icudt64l/region/pa_Guru.res" 1697
"../../../Engine/Content/Internationalization/icudt64l/region/pa.res" 1698
"../../../Engine/Content/Internationalization/icudt64l/lang/pl.res" 1699
"../../../Engine/Content/Internationalization/icudt64l/region/pl.res" 1700
"../../../Engine/Content/Internationalization/icudt64l/lang/ps.res" 1701
"../../../Engine/Content/Internationalization/icudt64l/region/ps.res" 1702
"../../../Engine/Content/Internationalization/icudt64l/lang/ps_PK.res" 1703
"../../../Engine/Content/Internationalization/icudt64l/region/ps_PK.res" 1704
"../../../Engine/Content/Internationalization/icudt64l/lang/pt.res" 1705
"../../../Engine/Content/Internationalization/icudt64l/lang/pt_AO.res" 1706
"../../../Engine/Content/Internationalization/icudt64l/lang/pt_PT.res" 1707
"../../../Engine/Content/Internationalization/icudt64l/region/pt_AO.res" 1708
"../../../Engine/Content/Internationalization/icudt64l/region/pt_PT.res" 1709
"../../../Engine/Content/Internationalization/icudt64l/region/pt.res" 1710
"../../../Engine/Content/Internationalization/icudt64l/lang/pt_CH.res" 1711
"../../../Engine/Content/Internationalization/icudt64l/region/pt_CH.res" 1712
"../../../Engine/Content/Internationalization/icudt64l/lang/pt_CV.res" 1713
"../../../Engine/Content/Internationalization/icudt64l/region/pt_CV.res" 1714
"../../../Engine/Content/Internationalization/icudt64l/lang/pt_GQ.res" 1715
"../../../Engine/Content/Internationalization/icudt64l/region/pt_GQ.res" 1716
"../../../Engine/Content/Internationalization/icudt64l/lang/pt_GW.res" 1717
"../../../Engine/Content/Internationalization/icudt64l/region/pt_GW.res" 1718
"../../../Engine/Content/Internationalization/icudt64l/lang/pt_LU.res" 1719
"../../../Engine/Content/Internationalization/icudt64l/region/pt_LU.res" 1720
"../../../Engine/Content/Internationalization/icudt64l/lang/pt_MO.res" 1721
"../../../Engine/Content/Internationalization/icudt64l/region/pt_MO.res" 1722
"../../../Engine/Content/Internationalization/icudt64l/lang/pt_MZ.res" 1723
"../../../Engine/Content/Internationalization/icudt64l/region/pt_MZ.res" 1724
"../../../Engine/Content/Internationalization/icudt64l/lang/pt_ST.res" 1725
"../../../Engine/Content/Internationalization/icudt64l/region/pt_ST.res" 1726
"../../../Engine/Content/Internationalization/icudt64l/lang/pt_TL.res" 1727
"../../../Engine/Content/Internationalization/icudt64l/region/pt_TL.res" 1728
"../../../Engine/Content/Internationalization/icudt64l/lang/qu.res" 1729
"../../../Engine/Content/Internationalization/icudt64l/region/qu.res" 1730
"../../../Engine/Content/Internationalization/icudt64l/lang/rm.res" 1731
"../../../Engine/Content/Internationalization/icudt64l/region/rm.res" 1732
"../../../Engine/Content/Internationalization/icudt64l/lang/rn.res" 1733
"../../../Engine/Content/Internationalization/icudt64l/region/rn.res" 1734
"../../../Engine/Content/Internationalization/icudt64l/lang/ro.res" 1735
"../../../Engine/Content/Internationalization/icudt64l/lang/ro_MD.res" 1736
"../../../Engine/Content/Internationalization/icudt64l/region/ro_MD.res" 1737
"../../../Engine/Content/Internationalization/icudt64l/region/ro.res" 1738
"../../../Engine/Content/Internationalization/icudt64l/lang/rof.res" 1739
"../../../Engine/Content/Internationalization/icudt64l/region/rof.res" 1740
"../../../Engine/Content/Internationalization/icudt64l/lang/ru.res" 1741
"../../../Engine/Content/Internationalization/icudt64l/region/ru.res" 1742
"../../../Engine/Content/Internationalization/icudt64l/region/ru_UA.res" 1743
"../../../Engine/Content/Internationalization/icudt64l/lang/rw.res" 1744
"../../../Engine/Content/Internationalization/icudt64l/region/rw.res" 1745
"../../../Engine/Content/Internationalization/icudt64l/lang/rwk.res" 1746
"../../../Engine/Content/Internationalization/icudt64l/region/rwk.res" 1747
"../../../Engine/Content/Internationalization/icudt64l/lang/sah.res" 1748
"../../../Engine/Content/Internationalization/icudt64l/region/sah.res" 1749
"../../../Engine/Content/Internationalization/icudt64l/lang/saq.res" 1750
"../../../Engine/Content/Internationalization/icudt64l/region/saq.res" 1751
"../../../Engine/Content/Internationalization/icudt64l/lang/sbp.res" 1752
"../../../Engine/Content/Internationalization/icudt64l/region/sbp.res" 1753
"../../../Engine/Content/Internationalization/icudt64l/lang/sd.res" 1754
"../../../Engine/Content/Internationalization/icudt64l/region/sd.res" 1755
"../../../Engine/Content/Internationalization/icudt64l/lang/se.res" 1756
"../../../Engine/Content/Internationalization/icudt64l/lang/se_FI.res" 1757
"../../../Engine/Content/Internationalization/icudt64l/region/se_FI.res" 1758
"../../../Engine/Content/Internationalization/icudt64l/region/se.res" 1759
"../../../Engine/Content/Internationalization/icudt64l/lang/seh.res" 1760
"../../../Engine/Content/Internationalization/icudt64l/region/seh.res" 1761
"../../../Engine/Content/Internationalization/icudt64l/lang/ses.res" 1762
"../../../Engine/Content/Internationalization/icudt64l/region/ses.res" 1763
"../../../Engine/Content/Internationalization/icudt64l/lang/sg.res" 1764
"../../../Engine/Content/Internationalization/icudt64l/region/sg.res" 1765
"../../../Engine/Content/Internationalization/icudt64l/lang/shi.res" 1766
"../../../Engine/Content/Internationalization/icudt64l/lang/shi_Latn.res" 1767
"../../../Engine/Content/Internationalization/icudt64l/lang/shi_MA.res" 1768
"../../../Engine/Content/Internationalization/icudt64l/lang/shi_Tfng_MA.res" 1769
"../../../Engine/Content/Internationalization/icudt64l/lang/shi_Tfng.res" 1770
"../../../Engine/Content/Internationalization/icudt64l/region/shi_MA.res" 1771
"../../../Engine/Content/Internationalization/icudt64l/region/shi_Tfng_MA.res" 1772
"../../../Engine/Content/Internationalization/icudt64l/region/shi_Tfng.res" 1773
"../../../Engine/Content/Internationalization/icudt64l/region/shi.res" 1774
"../../../Engine/Content/Internationalization/icudt64l/region/shi_Latn.res" 1775
"../../../Engine/Content/Internationalization/icudt64l/lang/si.res" 1776
"../../../Engine/Content/Internationalization/icudt64l/region/si.res" 1777
"../../../Engine/Content/Internationalization/icudt64l/lang/sk.res" 1778
"../../../Engine/Content/Internationalization/icudt64l/region/sk.res" 1779
"../../../Engine/Content/Internationalization/icudt64l/lang/sl.res" 1780
"../../../Engine/Content/Internationalization/icudt64l/region/sl.res" 1781
"../../../Engine/Content/Internationalization/icudt64l/lang/smn.res" 1782
"../../../Engine/Content/Internationalization/icudt64l/region/smn.res" 1783
"../../../Engine/Content/Internationalization/icudt64l/lang/sn.res" 1784
"../../../Engine/Content/Internationalization/icudt64l/region/sn.res" 1785
"../../../Engine/Content/Internationalization/icudt64l/lang/so.res" 1786
"../../../Engine/Content/Internationalization/icudt64l/region/so.res" 1787
"../../../Engine/Content/Internationalization/icudt64l/lang/sq.res" 1788
"../../../Engine/Content/Internationalization/icudt64l/region/sq.res" 1789
"../../../Engine/Content/Internationalization/icudt64l/lang/sr.res" 1790
"../../../Engine/Content/Internationalization/icudt64l/lang/sr_Cyrl.res" 1791
"../../../Engine/Content/Internationalization/icudt64l/lang/sr_BA.res" 1792
"../../../Engine/Content/Internationalization/icudt64l/lang/sr_Cyrl_BA.res" 1793
"../../../Engine/Content/Internationalization/icudt64l/region/sr_BA.res" 1794
"../../../Engine/Content/Internationalization/icudt64l/region/sr_Cyrl_BA.res" 1795
"../../../Engine/Content/Internationalization/icudt64l/region/sr_Cyrl.res" 1796
"../../../Engine/Content/Internationalization/icudt64l/region/sr.res" 1797
"../../../Engine/Content/Internationalization/icudt64l/lang/sr_ME.res" 1798
"../../../Engine/Content/Internationalization/icudt64l/lang/sr_Latn_ME.res" 1799
"../../../Engine/Content/Internationalization/icudt64l/lang/sr_Latn.res" 1800
"../../../Engine/Content/Internationalization/icudt64l/region/sr_ME.res" 1801
"../../../Engine/Content/Internationalization/icudt64l/region/sr_Latn_ME.res" 1802
"../../../Engine/Content/Internationalization/icudt64l/region/sr_Latn.res" 1803
"../../../Engine/Content/Internationalization/icudt64l/lang/sr_Cyrl_ME.res" 1804
"../../../Engine/Content/Internationalization/icudt64l/region/sr_Cyrl_ME.res" 1805
"../../../Engine/Content/Internationalization/icudt64l/lang/sr_RS.res" 1806
"../../../Engine/Content/Internationalization/icudt64l/lang/sr_Cyrl_RS.res" 1807
"../../../Engine/Content/Internationalization/icudt64l/region/sr_RS.res" 1808
"../../../Engine/Content/Internationalization/icudt64l/region/sr_Cyrl_RS.res" 1809
"../../../Engine/Content/Internationalization/icudt64l/lang/sr_XK.res" 1810
"../../../Engine/Content/Internationalization/icudt64l/lang/sr_Cyrl_XK.res" 1811
"../../../Engine/Content/Internationalization/icudt64l/region/sr_XK.res" 1812
"../../../Engine/Content/Internationalization/icudt64l/region/sr_Cyrl_XK.res" 1813
"../../../Engine/Content/Internationalization/icudt64l/lang/sr_Latn_BA.res" 1814
"../../../Engine/Content/Internationalization/icudt64l/region/sr_Latn_BA.res" 1815
"../../../Engine/Content/Internationalization/icudt64l/lang/sr_Latn_RS.res" 1816
"../../../Engine/Content/Internationalization/icudt64l/region/sr_Latn_RS.res" 1817
"../../../Engine/Content/Internationalization/icudt64l/lang/sr_Latn_XK.res" 1818
"../../../Engine/Content/Internationalization/icudt64l/region/sr_Latn_XK.res" 1819
"../../../Engine/Content/Internationalization/icudt64l/lang/sv.res" 1820
"../../../Engine/Content/Internationalization/icudt64l/region/sv.res" 1821
"../../../Engine/Content/Internationalization/icudt64l/lang/sv_FI.res" 1822
"../../../Engine/Content/Internationalization/icudt64l/lang/sw.res" 1823
"../../../Engine/Content/Internationalization/icudt64l/lang/sw_CD.res" 1824
"../../../Engine/Content/Internationalization/icudt64l/region/sw_CD.res" 1825
"../../../Engine/Content/Internationalization/icudt64l/region/sw.res" 1826
"../../../Engine/Content/Internationalization/icudt64l/lang/sw_KE.res" 1827
"../../../Engine/Content/Internationalization/icudt64l/region/sw_KE.res" 1828
"../../../Engine/Content/Internationalization/icudt64l/lang/ta.res" 1829
"../../../Engine/Content/Internationalization/icudt64l/region/ta.res" 1830
"../../../Engine/Content/Internationalization/icudt64l/lang/te.res" 1831
"../../../Engine/Content/Internationalization/icudt64l/region/te.res" 1832
"../../../Engine/Content/Internationalization/icudt64l/lang/teo.res" 1833
"../../../Engine/Content/Internationalization/icudt64l/region/teo.res" 1834
"../../../Engine/Content/Internationalization/icudt64l/lang/tg.res" 1835
"../../../Engine/Content/Internationalization/icudt64l/region/tg.res" 1836
"../../../Engine/Content/Internationalization/icudt64l/lang/th.res" 1837
"../../../Engine/Content/Internationalization/icudt64l/lang/th_TH.res" 1838
"../../../Engine/Content/Internationalization/icudt64l/region/th_TH.res" 1839
"../../../Engine/Content/Internationalization/icudt64l/region/th.res" 1840
"../../../Engine/Content/Internationalization/icudt64l/lang/ti.res" 1841
"../../../Engine/Content/Internationalization/icudt64l/region/ti.res" 1842
"../../../Engine/Content/Internationalization/icudt64l/lang/tk.res" 1843
"../../../Engine/Content/Internationalization/icudt64l/region/tk.res" 1844
"../../../Engine/Content/Internationalization/icudt64l/lang/to.res" 1845
"../../../Engine/Content/Internationalization/icudt64l/region/to.res" 1846
"../../../Engine/Content/Internationalization/icudt64l/lang/tr.res" 1847
"../../../Engine/Content/Internationalization/icudt64l/region/tr.res" 1848
"../../../Engine/Content/Internationalization/icudt64l/lang/tt.res" 1849
"../../../Engine/Content/Internationalization/icudt64l/region/tt.res" 1850
"../../../Engine/Content/Internationalization/icudt64l/lang/twq.res" 1851
"../../../Engine/Content/Internationalization/icudt64l/region/twq.res" 1852
"../../../Engine/Content/Internationalization/icudt64l/lang/tzm.res" 1853
"../../../Engine/Content/Internationalization/icudt64l/region/tzm.res" 1854
"../../../Engine/Content/Internationalization/icudt64l/lang/ug.res" 1855
"../../../Engine/Content/Internationalization/icudt64l/region/ug.res" 1856
"../../../Engine/Content/Internationalization/icudt64l/lang/uk.res" 1857
"../../../Engine/Content/Internationalization/icudt64l/region/uk.res" 1858
"../../../Engine/Content/Internationalization/icudt64l/lang/ur.res" 1859
"../../../Engine/Content/Internationalization/icudt64l/lang/ur_IN.res" 1860
"../../../Engine/Content/Internationalization/icudt64l/region/ur_IN.res" 1861
"../../../Engine/Content/Internationalization/icudt64l/region/ur.res" 1862
"../../../Engine/Content/Internationalization/icudt64l/lang/uz.res" 1863
"../../../Engine/Content/Internationalization/icudt64l/lang/uz_Arab.res" 1864
"../../../Engine/Content/Internationalization/icudt64l/lang/uz_AF.res" 1865
"../../../Engine/Content/Internationalization/icudt64l/lang/uz_Arab_AF.res" 1866
"../../../Engine/Content/Internationalization/icudt64l/region/uz_AF.res" 1867
"../../../Engine/Content/Internationalization/icudt64l/region/uz_Arab_AF.res" 1868
"../../../Engine/Content/Internationalization/icudt64l/region/uz_Arab.res" 1869
"../../../Engine/Content/Internationalization/icudt64l/lang/uz_Cyrl.res" 1870
"../../../Engine/Content/Internationalization/icudt64l/lang/uz_UZ.res" 1871
"../../../Engine/Content/Internationalization/icudt64l/lang/uz_Latn_UZ.res" 1872
"../../../Engine/Content/Internationalization/icudt64l/lang/uz_Latn.res" 1873
"../../../Engine/Content/Internationalization/icudt64l/region/uz_UZ.res" 1874
"../../../Engine/Content/Internationalization/icudt64l/region/uz_Latn_UZ.res" 1875
"../../../Engine/Content/Internationalization/icudt64l/region/uz_Latn.res" 1876
"../../../Engine/Content/Internationalization/icudt64l/region/uz.res" 1877
"../../../Engine/Content/Internationalization/icudt64l/region/uz_Cyrl.res" 1878
"../../../Engine/Content/Internationalization/icudt64l/lang/vai.res" 1879
"../../../Engine/Content/Internationalization/icudt64l/lang/vai_Latn.res" 1880
"../../../Engine/Content/Internationalization/icudt64l/lang/vai_LR.res" 1881
"../../../Engine/Content/Internationalization/icudt64l/lang/vai_Vaii_LR.res" 1882
"../../../Engine/Content/Internationalization/icudt64l/lang/vai_Vaii.res" 1883
"../../../Engine/Content/Internationalization/icudt64l/region/vai_LR.res" 1884
"../../../Engine/Content/Internationalization/icudt64l/region/vai_Vaii_LR.res" 1885
"../../../Engine/Content/Internationalization/icudt64l/region/vai_Vaii.res" 1886
"../../../Engine/Content/Internationalization/icudt64l/region/vai.res" 1887
"../../../Engine/Content/Internationalization/icudt64l/region/vai_Latn.res" 1888
"../../../Engine/Content/Internationalization/icudt64l/lang/vi.res" 1889
"../../../Engine/Content/Internationalization/icudt64l/region/vi.res" 1890
"../../../Engine/Content/Internationalization/icudt64l/lang/vun.res" 1891
"../../../Engine/Content/Internationalization/icudt64l/region/vun.res" 1892
"../../../Engine/Content/Internationalization/icudt64l/lang/wae.res" 1893
"../../../Engine/Content/Internationalization/icudt64l/region/wae.res" 1894
"../../../Engine/Content/Internationalization/icudt64l/lang/wo.res" 1895
"../../../Engine/Content/Internationalization/icudt64l/region/wo.res" 1896
"../../../Engine/Content/Internationalization/icudt64l/lang/xh.res" 1897
"../../../Engine/Content/Internationalization/icudt64l/region/xh.res" 1898
"../../../Engine/Content/Internationalization/icudt64l/lang/xog.res" 1899
"../../../Engine/Content/Internationalization/icudt64l/region/xog.res" 1900
"../../../Engine/Content/Internationalization/icudt64l/lang/yav.res" 1901
"../../../Engine/Content/Internationalization/icudt64l/region/yav.res" 1902
"../../../Engine/Content/Internationalization/icudt64l/lang/yi.res" 1903
"../../../Engine/Content/Internationalization/icudt64l/region/yi.res" 1904
"../../../Engine/Content/Internationalization/icudt64l/lang/yo.res" 1905
"../../../Engine/Content/Internationalization/icudt64l/lang/yo_BJ.res" 1906
"../../../Engine/Content/Internationalization/icudt64l/region/yo_BJ.res" 1907
"../../../Engine/Content/Internationalization/icudt64l/region/yo.res" 1908
"../../../Engine/Content/Internationalization/icudt64l/lang/yue.res" 1909
"../../../Engine/Content/Internationalization/icudt64l/lang/yue_Hans.res" 1910
"../../../Engine/Content/Internationalization/icudt64l/lang/yue_CN.res" 1911
"../../../Engine/Content/Internationalization/icudt64l/lang/yue_Hans_CN.res" 1912
"../../../Engine/Content/Internationalization/icudt64l/region/yue_CN.res" 1913
"../../../Engine/Content/Internationalization/icudt64l/region/yue_Hans_CN.res" 1914
"../../../Engine/Content/Internationalization/icudt64l/region/yue_Hans.res" 1915
"../../../Engine/Content/Internationalization/icudt64l/lang/yue_Hant.res" 1916
"../../../Engine/Content/Internationalization/icudt64l/lang/yue_HK.res" 1917
"../../../Engine/Content/Internationalization/icudt64l/lang/yue_Hant_HK.res" 1918
"../../../Engine/Content/Internationalization/icudt64l/region/yue_HK.res" 1919
"../../../Engine/Content/Internationalization/icudt64l/region/yue_Hant_HK.res" 1920
"../../../Engine/Content/Internationalization/icudt64l/region/yue_Hant.res" 1921
"../../../Engine/Content/Internationalization/icudt64l/region/yue.res" 1922
"../../../Engine/Content/Internationalization/icudt64l/lang/zgh.res" 1923
"../../../Engine/Content/Internationalization/icudt64l/region/zgh.res" 1924
"../../../Engine/Content/Internationalization/icudt64l/lang/zh.res" 1925
"../../../Engine/Content/Internationalization/icudt64l/lang/zh_Hans.res" 1926
"../../../Engine/Content/Internationalization/icudt64l/lang/zh_CN.res" 1927
"../../../Engine/Content/Internationalization/icudt64l/lang/zh_Hans_CN.res" 1928
"../../../Engine/Content/Internationalization/icudt64l/region/zh_CN.res" 1929
"../../../Engine/Content/Internationalization/icudt64l/region/zh_Hans_CN.res" 1930
"../../../Engine/Content/Internationalization/icudt64l/region/zh_Hans.res" 1931
"../../../Engine/Content/Internationalization/icudt64l/region/zh.res" 1932
"../../../Engine/Content/Internationalization/icudt64l/lang/zh_HK.res" 1933
"../../../Engine/Content/Internationalization/icudt64l/lang/zh_Hant_HK.res" 1934
"../../../Engine/Content/Internationalization/icudt64l/lang/zh_Hant.res" 1935
"../../../Engine/Content/Internationalization/icudt64l/region/zh_HK.res" 1936
"../../../Engine/Content/Internationalization/icudt64l/region/zh_Hant_HK.res" 1937
"../../../Engine/Content/Internationalization/icudt64l/region/zh_Hant.res" 1938
"../../../Engine/Content/Internationalization/icudt64l/lang/zh_MO.res" 1939
"../../../Engine/Content/Internationalization/icudt64l/lang/zh_Hant_MO.res" 1940
"../../../Engine/Content/Internationalization/icudt64l/region/zh_MO.res" 1941
"../../../Engine/Content/Internationalization/icudt64l/region/zh_Hant_MO.res" 1942
"../../../Engine/Content/Internationalization/icudt64l/lang/zh_SG.res" 1943
"../../../Engine/Content/Internationalization/icudt64l/lang/zh_Hans_SG.res" 1944
"../../../Engine/Content/Internationalization/icudt64l/region/zh_SG.res" 1945
"../../../Engine/Content/Internationalization/icudt64l/region/zh_Hans_SG.res" 1946
"../../../Engine/Content/Internationalization/icudt64l/lang/zh_TW.res" 1947
"../../../Engine/Content/Internationalization/icudt64l/lang/zh_Hant_TW.res" 1948
"../../../Engine/Content/Internationalization/icudt64l/region/zh_TW.res" 1949
"../../../Engine/Content/Internationalization/icudt64l/region/zh_Hant_TW.res" 1950
"../../../Engine/Content/Internationalization/icudt64l/lang/zu.res" 1951
"../../../Engine/Content/Internationalization/icudt64l/region/zu.res" 1952
"../../../Engine/Content/Internationalization/icudt64l/lang/no.res" 1953
"../../../Engine/Content/Internationalization/icudt64l/lang/tl.res" 1954
"../../../Engine/Config/Android/DataDrivenPlatformInfo.ini" 1955
"../../../Engine/Config/IOS/DataDrivenPlatformInfo.ini" 1956
"../../../Engine/Config/Linux/DataDrivenPlatformInfo.ini" 1957
"../../../Engine/Config/Mac/DataDrivenPlatformInfo.ini" 1958
"../../../Engine/Config/TVOS/DataDrivenPlatformInfo.ini" 1959
"../../../Engine/Config/Unix/DataDrivenPlatformInfo.ini" 1960
"../../../Engine/Config/VulkanPC/DataDrivenPlatformInfo.ini" 1961
"../../../Engine/Config/Windows/DataDrivenPlatformInfo.ini" 1962
"../../../Engine/Platforms/VisionOS/Config/DataDrivenPlatformInfo.ini" 1963
"../../../Engine/Content/Renderer/TessellationTable.bin" 1964
"../../../Engine/DerivedDataCache/Compressed.ddp" 1965
"C:/Users/Khoa/AppData/Local/UnrealEngine/5.6/Saved/Zen/zen.version" 1966
"C:/Users/Khoa/AppData/Local/UnrealEngine/Common/Zen/Install/zen.version" 1967
"C:/Users/Khoa/AppData/Local/UnrealEngine/Common/Zen/Install/zenserver.runcontext" 1968
"C:/Users/Khoa/AppData/Local/UnrealEngine/Common/DerivedDataCache/TestData/0/TestData_4kb.dat" 1969
"C:/Users/Khoa/AppData/Local/UnrealEngine/Common/DerivedDataCache/TestData/1/TestData_4kb.dat" 1970
"C:/Users/Khoa/AppData/Local/UnrealEngine/Common/DerivedDataCache/TestData/0/TestData_8kb.dat" 1971
"C:/Users/Khoa/AppData/Local/UnrealEngine/Common/DerivedDataCache/TestData/1/TestData_8kb.dat" 1972
"C:/Users/Khoa/AppData/Local/UnrealEngine/Common/DerivedDataCache/TestData/0/TestData_16kb.dat" 1973
"C:/Users/Khoa/AppData/Local/UnrealEngine/Common/DerivedDataCache/TestData/1/TestData_16kb.dat" 1974
"C:/Users/Khoa/AppData/Local/UnrealEngine/Common/DerivedDataCache/TestData/0/TestData_64kb.dat" 1975
"C:/Users/Khoa/AppData/Local/UnrealEngine/Common/DerivedDataCache/TestData/1/TestData_64kb.dat" 1976
"C:/Users/Khoa/AppData/Local/UnrealEngine/Common/DerivedDataCache/TestData/0/TestData_128kb.dat" 1977
"C:/Users/Khoa/AppData/Local/UnrealEngine/Common/DerivedDataCache/TestData/1/TestData_128kb.dat" 1978
"C:/Users/Khoa/AppData/Local/UnrealEngine/Common/DerivedDataCache/TestData/0/TestData_256kb.dat" 1979
"C:/Users/Khoa/AppData/Local/UnrealEngine/Common/DerivedDataCache/TestData/1/TestData_256kb.dat" 1980
"C:/Users/Khoa/AppData/Roaming/Unreal Engine/UnrealBuildTool/BuildConfiguration.xml" 1981
"../../../../Unreal Projects/NoNeedToBrain/Intermediate/ShaderAutogen/PCD3D_SM6/AutogenShaderHeaders.ush" 1982
"../../../Engine/Shaders/Private/HairStrands/HairStrandsVertexFactory.ush" 1983
"../../../Engine/Shaders/Private/VertexFactoryCommon.ush" 1984
"../../../Engine/Shaders/Private/Common.ush" 1985
"../../../Engine/Shaders/Public/Platform.ush" 1986
"../../../Engine/Shaders/Public/FP16Math.ush" 1987
"../../../Engine/Shaders/Public/Platform/D3D/D3DCommon.ush" 1988
"../../../Engine/Shaders/Shared/HLSLReservedSpaces.h" 1989
"../../../Engine/Shaders/Public/BindlessResources.ush" 1990
"../../../Engine/Shaders/Public/Platform/D3D/PlatformBindlessResources.ush" 1991
"../../../Engine/Shaders/Shared/RayTracingBuiltInResources.h" 1992
"../../../Engine/Shaders/Shared/RayTracingDefinitions.h" 1993
"../../../Engine/Shaders/Public/OverloadMacros.ush" 1994
"../../../Engine/Shaders/Public/ShaderVersion.ush" 1995
"../../../Engine/Shaders/Shared/ThirdParty/NVIDIA/nvHLSLExtns.h" 1996
"../../../Engine/Shaders/Shared/ThirdParty/NVIDIA/nvHLSLExtnsInternal.h" 1997
"../../../Engine/Shaders/Shared/ThirdParty/NVIDIA/nvShaderExtnEnums.h" 1998
"../../../Engine/Shaders/Private/PackUnpack.ush" 1999
"../../../Engine/Shaders/Private/GeneratedUniformBufferTypes.ush" 2000
"../../../Engine/Shaders/Private/Nanite/NanitePackedNaniteView.ush" 2001
"../../../Engine/Shaders/Private/HairStrands/HairStrandsVisibilityCommonStruct.ush" 2002
"../../../Engine/Shaders/Private/HairStrands/HairStrandsVoxelPageCommonStruct.ush" 2003
"../../../Engine/Shaders/Private/HairStrands/HairStrandsDeepShadowCommonStruct.ush" 2004
"../../../Engine/Shaders/Shared/LightSceneData.h" 2005
"../../../Engine/Shaders/Shared/HLSLTypeAliases.h" 2006
"../../../Engine/Shaders/Private/LargeWorldCoordinates.ush" 2007
"../../../Engine/Shaders/Private/DoubleFloat.ush" 2008
"../../../Engine/Shaders/Private/RandomPCG.ush" 2009
"../../../Engine/Shaders/Private/DoubleFloatOperations.ush" 2010
"../../../Engine/Shaders/Private/DoubleFloatVectorDefinition.ush" 2011
"../../../Engine/Shaders/Private/LWCOperations.ush" 2012
"../../../Engine/Shaders/Shared/LightViewData.h" 2013
"../../../Engine/Shaders/Shared/RayTracingTypes.h" 2014
"../../../Engine/Shaders/Shared/HLSLStaticAssert.h" 2015
"../../../Engine/Shaders/Private/CommonViewUniformBuffer.ush" 2016
"../../../Engine/Shaders/Private/InstancedStereo.ush" 2017
"../../../Engine/Shaders/Private/Definitions.usf" 2018
"../../../Engine/Shaders/Private/AssertionMacros.ush" 2019
"../../../Engine/Shaders/Private/FastMath.ush" 2020
"../../../Engine/Shaders/Private/FastMathThirdParty.ush" 2021
"../../../Engine/Shaders/Private/Random.ush" 2022
"../../../Engine/Shaders/Private/RandomInterleavedGradientNoise.ush" 2023
"../../../Engine/Shaders/Private/SceneData.ush" 2024
"../../../Engine/Shaders/Private/OctahedralCommon.ush" 2025
"../../../Engine/Shaders/Private/WaveOpUtil.ush" 2026
"../../../Engine/Shaders/Private/ByteBuffer.ush" 2027
"../../../Engine/Shaders/Shared/SceneDefinitions.h" 2028
"../../../Engine/Shaders/Private/SceneDataMobileLoader.ush" 2029
"../../../Engine/Shaders/Private/LocalVertexFactoryCommon.ush" 2030
"../../../Engine/Shaders/Private/HairStrands/HairStrandsVisibilityCommon.ush" 2031
"../../../Engine/Shaders/Shared/HairStrandsDefinitions.h" 2032
"../../../Engine/Shaders/Private/HairStrands/HairStrandsVertexFactoryCommon.ush" 2033
"../../../Engine/Shaders/Private/HairStrands/HairStrandsPack.ush" 2034
"../../../Engine/Shaders/Private/HairStrands/HairStrandsAttributeCommon.ush" 2035
"../../../Engine/Shaders/Private/HairStrands/HairStrandsAttributeTemplate.ush" 2036
"../../../Engine/Shaders/Private/VertexFactoryDefaultInterface.ush" 2037
"../../../Engine/Shaders/Private/HairStrands/HairCardsVertexFactory.ush" 2038
"../../../Engine/Shaders/Private/HairStrands/HairCardsAttributeCommon.ush" 2039
"../../../Engine/Shaders/Private/RayTracing/RayTracingCommon.ush" 2040
"../../../Engine/Shaders/Private/ShadingCommon.ush" 2041
"../../../Engine/Shaders/Shared/RayTracingPayloadType.h" 2042
"../../../Engine/Shaders/Private/RayTracing/RayTracingRayCone.ush" 2043
"../../../Engine/Shaders/Private/Substrate/Substrate.ush" 2044
"../../../Engine/Shaders/Private/ShadingEnergyConservation.ush" 2045
"../../../Engine/Shaders/Private/ShadingEnergyConservationTemplate.ush" 2046
"../../../Engine/Shaders/Private/BRDF.ush" 2047
"../../../Engine/Shaders/Private/ColorSpace.ush" 2048
"../../../Engine/Shaders/Private/DeferredShadingCommon.ush" 2049
"../../../Engine/Shaders/Private/LightAccumulator.ush" 2050
"../../../Engine/Shaders/Private/SceneTexturesCommon.ush" 2051
"../../../Engine/Shaders/Private/MonteCarlo.ush" 2052
"../../../Engine/Shaders/Private/GBufferHelpers.ush" 2053
"../../../Engine/Shaders/Private/SceneTextureParameters.ush" 2054
"E:/Unreal Projects/NoNeedToBrain/Intermediate/ShaderAutogen/PCD3D_SM6/AutogenShaderHeaders.ush" 2055
"../../../Engine/Shaders/Private/ParticipatingMediaCommon.ush" 2056
"../../../Engine/Shaders/Private/ThinFilmBSDF.ush" 2057
"../../../Engine/Shaders/Private/MortonCode.ush" 2058
"../../../Engine/Shaders/Private/SubsurfaceProfileCommon.ush" 2059
"../../../Engine/Shaders/Private/BurleyNormalizedSSSCommon.ush" 2060
"../../../Engine/Shaders/Private/GammaCorrectionCommon.ush" 2061
"../../../Engine/Shaders/Shared/SubstrateDefinitions.h" 2062
"../../../Engine/Shaders/Private/Substrate/SubstrateStatisticalOperators.ush" 2063
"../../../Engine/Shaders/Private/Substrate/SubstrateSubsurface.ush" 2064
"../../../Engine/Shaders/Private/TransmissionCommon.ush" 2065
"../../../Engine/Shaders/Private/Substrate/SubstrateExportCommon.ush" 2066
"../../../Engine/Shaders/Private/SpecularProfileCommon.ush" 2067
"../../../Engine/Shaders/Private/RayTracing/RayTracingCommonMetal.ush" 2068
"../../../Engine/Shaders/Private/PositionReconstructionCommon.ush" 2069
"../../../Engine/Shaders/Private/RayTracing/TraceRayInline.ush" 2070
"../../../Engine/Shaders/Private/RayTracing/TraceRayInlineCommon.ush" 2071
"../../../Engine/Shaders/Private/RayTracing/TraceRayInlineVulkan.ush" 2072
"../../../Engine/Shaders/Private/RayTracing/TraceRayInlineMetal.ush" 2073
"../../../Engine/Shaders/Private/RayTracing/TraceRayInlineD3D12.ush" 2074
"../../../Engine/Shaders/Private/RayTracing/RayTracingHitGroupCommon.ush" 2075
"../../../Engine/Shaders/Private/Nanite/NaniteRayTrace.ush" 2076
"../../../Engine/Shaders/Private/Nanite/NaniteDataDecode.ush" 2077
"../../../Engine/Shaders/Private/BitPacking.ush" 2078
"../../../Engine/Shaders/Private/BitStreamReaderImplementation.ush" 2079
"../../../Engine/Shaders/Private/BoneTransform.ush" 2080
"../../../Engine/Shaders/Private/Quaternion.ush" 2081
"../../../Engine/Shaders/Shared/NaniteDefinitions.h" 2082
"../../../Engine/Shaders/Shared/SkinningDefinitions.h" 2083
"../../../Engine/Shaders/Private/Nanite/NaniteAttributeDecode.ush" 2084
"../../../Engine/Shaders/Private/Barycentrics.ush" 2085
"../../../Engine/Shaders/Private/DualNumber.ush" 2086
"../../../Engine/Shaders/Shared/ThirdParty/RayTriangleIntersection.h" 2087
"../../../Engine/Shaders/Private/Nanite/NaniteVertexFetch.ush" 2088
"../../../Engine/Shaders/Private/Nanite/NaniteSceneCommon.ush" 2089
"../../../Engine/Plugins/FX/Niagara/Shaders/Private/NiagaraSpriteVertexFactory.ush" 2090
"../../../Engine/Shaders/Private/ParticleVertexFactoryCommon.ush" 2091
"../../../Engine/Plugins/FX/Niagara/Shaders/Private/NiagaraVFCommon.usf" 2092
"../../../Engine/Plugins/FX/Niagara/Shaders/Private/NiagaraVFParticleAccess.usf" 2093
"../../../Engine/Plugins/FX/Niagara/Shaders/Private/NiagaraParticleAccess.ush" 2094
"../../../Engine/Plugins/FX/Niagara/Shaders/Private/NiagaraRibbonVertexFactory.ush" 2095
"../../../Engine/Plugins/FX/Niagara/Shaders/Private/NiagaraMeshVertexFactory.ush" 2096
"../../../Engine/Plugins/FX/Niagara/Shaders/Private/NiagaraCommon.ush" 2097
"../../../Engine/Plugins/FX/Niagara/Shaders/Private/NiagaraMeshParticleUtils.ush" 2098
"../../../Engine/Shaders/Private/VectorFieldVisualizationVertexFactory.ush" 2099
"../../../Engine/Shaders/Private/Nanite/NaniteVertexFactory.ush" 2100
"../../../Engine/Shaders/Private/LightmapData.ush" 2101
"../../../Engine/Shaders/Private/SplineMeshCommon.ush" 2102
"../../../Engine/Shaders/Shared/SplineMeshShaderParams.h" 2103
"../../../Engine/Shaders/Private/ShaderPrint.ush" 2104
"../../../Engine/Shaders/Private/ShaderPrintCommon.ush" 2105
"../../../Engine/Shaders/Private/MiniFontCommon.ush" 2106
"../../../Engine/Shaders/Private/MaterialCache/MaterialCacheCommon.ush" 2107
"../../../Engine/Shaders/Shared/MaterialCacheDefinitions.h" 2108
"../../../Engine/Shaders/Private/Nanite/NaniteVertexDeformation.ush" 2109
"../../../Engine/Shaders/Private/ViewData.ush" 2110
"../../../Engine/Shaders/Shared/ViewDefinitions.h" 2111
"../../../Engine/Shaders/Private/Matrices.ush" 2112
"../../../Engine/Shaders/Private/ParticleSpriteVertexFactory.ush" 2113
"../../../Engine/Shaders/Private/ParticleGPUSpriteVertexFactory.ush" 2114
"../../../Engine/Shaders/Private/ParticleSimulationCommon.ush" 2115
"../../../Engine/Shaders/Private/ParticleBeamTrailVertexFactory.ush" 2116
"../../../Engine/Shaders/Private/MeshParticleVertexFactory.ush" 2117
"../../../Engine/Shaders/Private/LocalVertexFactory.ush" 2118
"../../../Engine/Shaders/Private/GpuSkinCommon.ush" 2119
"../../../Engine/Shaders/Private/GpuSkinVertexFactory.ush" 2120
"../../../Engine/Shaders/Private/GeometryCollectionVertexFactory.ush" 2121
"../../../Engine/Shaders/Private/GeometryCacheVertexFactory.ush" 2122
"../../../Engine/Shaders/Private/LandscapeVertexFactory.ush" 2123
"../../../Engine/Plugins/Experimental/Compositing/CompositeCore/Shaders/Private/CompositeCoreMerge.usf" 2124
"../../../Engine/Shaders/Private/ScreenPass.ush" 2125
"../../../Engine/Shaders/Private/LensDistortion.ush" 2126
"../../../Engine/Plugins/Experimental/Compositing/CompositeCore/Shaders/Private/CompositeCoreDisplayTransform.usf" 2127
"../../../Engine/Plugins/Experimental/Compositing/CompositeCore/Shaders/Private/CompositeCoreDilate.usf" 2128
"../../../Engine/Plugins/Runtime/HairStrands/Shaders/Private/NiagaraCopyVelocityGrid.usf" 2129
"../../../Engine/Plugins/Runtime/HairStrands/Shaders/Private/NiagaraClearVelocityGrid.usf" 2130
"../../../Engine/Plugins/Runtime/HairStrands/Shaders/Private/NiagaraClearPressureGrid.usf" 2131
"../../../Engine/Plugins/Runtime/HairStrands/Shaders/Private/NiagaraInterpolateGroomGuides.usf" 2132
"../../../Engine/Plugins/Runtime/HairStrands/Shaders/Private/NiagaraGroomInterpolationUtils.ush" 2133
"../../../Engine/Plugins/FX/Niagara/Shaders/Private/NiagaraQuaternionUtils.ush" 2134
"../../../Engine/Shaders/Private/HairStrands/HairStrandsMesh.usf" 2135
"../../../Engine/Shaders/Private/HairStrands/HairStrandsBindingCommon.ush" 2136
"../../../Engine/Shaders/Private/HairStrands/HairStrandsFollicleMask.usf" 2137
"../../../Engine/Shaders/Private/HairStrands/HairStrandsSkinUpdate.usf" 2138
"../../../Engine/Shaders/Private/HairStrands/HairStrandsClusterCulling.usf" 2139
"../../../Engine/Shaders/Private/ColorMap.ush" 2140
"../../../Engine/Shaders/Private/HairStrands/HairStrandsAABBCommon.ush" 2141
"../../../Engine/Shaders/Private/HairStrands/HairStrandsClusterCommon.ush" 2142
"../../../Engine/Shaders/Private/ThreadGroupPrefixSum.ush" 2143
"../../../Engine/Shaders/Private/HairStrands/HairStrandsRaytracingGeometry.usf" 2144
"../../../Engine/Shaders/Private/HairStrands/HairStrandsTangent.usf" 2145
"../../../Engine/Shaders/Private/HairStrands/HairCardsDeformation.usf" 2146
"../../../Engine/Shaders/Private/HairStrands/HairStrandsInterpolation.usf" 2147
"../../../Engine/Shaders/Private/HairStrands/HairStrandsGuideDeform.usf" 2148
"../../../Engine/Shaders/Private/HairStrands/HairStrandsTexturesGeneration.usf" 2149
"../../../Engine/Shaders/Private/HairStrands/HairCardsTextureCommon.ush" 2150
"../../../Engine/Shaders/Private/HairStrands/HairStrandsTranscode.usf" 2151
"../../../Engine/Shaders/Private/HairStrands/HairStrandsDebug.usf" 2152
"../../../Engine/Shaders/Private/HairShadingCommon.ush" 2153
"../../../Engine/Shaders/Private/PostProcessCommon.ush" 2154
"../../../Engine/Shaders/Private/ShadingModels.ush" 2155
"../../../Engine/Shaders/Private/CapsuleLight.ush" 2156
"../../../Engine/Shaders/Private/RectLight.ush" 2157
"../../../Engine/Shaders/Private/LightData.ush" 2158
"../../../Engine/Shaders/Shared/LightDefinitions.h" 2159
"../../../Engine/Shaders/Private/AreaLightCommon.ush" 2160
"../../../Engine/Shaders/Private/HairBsdf.ush" 2161
"../../../Engine/Shaders/Private/MobileGGX.ush" 2162
"../../../Engine/Shaders/Private/HairStrands/HairStrandsCommon.ush" 2163
"../../../Engine/Shaders/Private/HairStrands/HairStrandsEnvironmentLightingCommon.ush" 2164
"../../../Engine/Shaders/Private/HairStrands/HairStrandsDeepTransmittanceCommon.ush" 2165
"../../../Engine/Shaders/Private/HairStrands/HairStrandsDeepTransmittanceDualScattering.ush" 2166
"../../../Engine/Shaders/Private/HairStrands/HairStrandsDeepShadowCommon.ush" 2167
"../../../Engine/Shaders/Private/HairStrands/HairStrandsDebugCommonStruct.ush" 2168
"../../../Engine/Plugins/Enterprise/GLTFExporter/Shaders/Private/SimpleTexture2DPS.usf" 2169
"../../../Engine/Shaders/Private/SimpleElementNormalMapPixelShader.usf" 2170
"../../../Engine/Plugins/FX/Niagara/Shaders/Private/NiagaraVertexFactoryExport.usf" 2171
"../../../Engine/Shaders/Private/ComputeShaderUtils.ush" 2172
"../../../Engine/Shaders/Private/MaterialTemplate.ush" 2173
"../../../Engine/Shaders/Private/WorldSpaceMath.ush" 2174
"../../../Engine/Shaders/Private/EyeAdaptationCommon.ush" 2175
"../../../Engine/Shaders/Private/SobolRandom.ush" 2176
"../../../Engine/Shaders/Private/DepthOfFieldCommon.ush" 2177
"../../../Engine/Shaders/Private/CircleDOFCommon.ush" 2178
"../../../Engine/Shaders/Private/DistanceField/GlobalDistanceFieldShared.ush" 2179
"../../../Engine/Shaders/Private/PhysicsFieldSampler.ush" 2180
"../../../Engine/Shaders/Private/PhysicsFieldShared.ush" 2181
"../../../Engine/Shaders/Private/SparseVolumeTexture/SparseVolumeTextureCommon.ush" 2182
"../../../Engine/Shaders/Shared/EnvironmentComponentsFlags.h" 2183
"../../../Engine/Shaders/Private/MeshPaintTextureCommon.ush" 2184
"../../../Engine/Shaders/Private/VirtualTextureMaterial.ush" 2185
"../../../Engine/Shaders/Private/MaterialCache/MaterialCacheMaterialCommon.ush" 2186
"../../../Engine/Shaders/Private/MaterialCache/MaterialCacheABuffer.ush" 2187
"../../../Engine/Shaders/Private/SpeedTreeCommon.ush" 2188
"../../../Engine/Shaders/Private/VirtualTextureCommon.ush" 2189
"../../../Engine/Shaders/Private/MaterialTexture.ush" 2190
"../../../Engine/Shaders/Private/MinMaterialTexCoords.ush" 2191
"../../../Engine/Shaders/Private/SkyAtmosphereCommon.ush" 2192
"../../../Engine/Shaders/Private/SingleLayerWaterCommon.ush" 2193
"../../../Engine/Shaders/Private/TextureSampling.ush" 2194
"../../../Engine/Shaders/Private/PaniniProjection.ush" 2195
"../../../Engine/Shaders/Private/DBufferNormalReprojection.ush" 2196
"../../../Engine/Shaders/Public/SubstratePublic.ush" 2197
"../../../Engine/Shaders/Private/Substrate/SubstrateTree.ush" 2198
"../../../Engine/Shaders/Private/Substrate/SubstrateEvaluation.ush" 2199
"../../../Engine/Shaders/Private/Substrate/Glint/GlintThirdParty.ush" 2200
"../../../Engine/Shaders/Private/BlueNoise.ush" 2201
"../../../Engine/Shaders/Private/SHCommon.ush" 2202
"../../../Engine/Shaders/Private/ShadingModelsSampling.ush" 2203
"../../../Engine/Shaders/Private/HairStrands/HairBsdfSample.ush" 2204
"../../../Engine/Shaders/Private/Substrate/SubstrateLegacyConversion.ush" 2205
"../../../Engine/Shaders/Private/DBufferDecalShared.ush" 2206
"../../../Engine/Plugins/FX/Niagara/Shaders/Private/NiagaraSortKeyGen.usf" 2207
"../../../Engine/Plugins/FX/Niagara/Shaders/Private/NiagaraGPURayTracingTransforms.usf" 2208
"../../../Engine/Plugins/FX/Niagara/Shaders/Private/NiagaraDrawIndirectArgsGen.usf" 2209
"../../../Engine/Plugins/FX/Niagara/Shaders/Private/NiagaraDispatchIndirectArgsGen.usf" 2210
"../../../Engine/Plugins/FX/Niagara/Shaders/Private/Stateless/NiagaraStatelessSimulationDefault.usf" 2211
"../../../Engine/Plugins/FX/Niagara/Shaders/Private/Stateless/NiagaraStatelessSimulationTemplate.ush" 2212
"../../../Engine/Plugins/FX/Niagara/Shaders/Private/Stateless/NiagaraStatelessCommon.ush" 2213
"../../../Engine/Plugins/FX/Niagara/Shaders/Shared/NiagaraStatelessDefinitions.h" 2214
"../../../Engine/Plugins/FX/Niagara/Shaders/Shared/NiagaraStatelessBuiltDistribution.h" 2215
"../../../Engine/Plugins/FX/Niagara/Shaders/Private/Stateless/NiagaraStatelessDistribution.ush" 2216
"../../../Engine/Plugins/FX/Niagara/Shaders/Private/Stateless/Modules/NiagaraStatelessModule_CalculateAccurateVelocity.ush" 2217
"../../../Engine/Plugins/FX/Niagara/Shaders/Private/Stateless/Modules/NiagaraStatelessModule_CameraOffset.ush" 2218
"../../../Engine/Plugins/FX/Niagara/Shaders/Private/Stateless/Modules/NiagaraStatelessModule_DynamicMaterialParameters.ush" 2219
"../../../Engine/Plugins/FX/Niagara/Shaders/Private/Stateless/Modules/NiagaraStatelessModule_InitializeParticle.ush" 2220
"../../../Engine/Plugins/FX/Niagara/Shaders/Private/Stateless/Modules/NiagaraStatelessModule_InitialMeshOrientation.ush" 2221
"../../../Engine/Plugins/FX/Niagara/Shaders/Private/Stateless/Modules/NiagaraStatelessModule_MeshIndex.ush" 2222
"../../../Engine/Plugins/FX/Niagara/Shaders/Private/Stateless/Modules/NiagaraStatelessModule_MeshRotationRate.ush" 2223
"../../../Engine/Plugins/FX/Niagara/Shaders/Private/Stateless/Modules/NiagaraStatelessModule_RotateAroundPoint.ush" 2224
"../../../Engine/Plugins/FX/Niagara/Shaders/Private/Stateless/Modules/NiagaraStatelessModule_ShapeLocation.ush" 2225
"../../../Engine/Plugins/FX/Niagara/Shaders/Private/Stateless/Modules/NiagaraStatelessModule_ScaleColor.ush" 2226
"../../../Engine/Plugins/FX/Niagara/Shaders/Private/Stateless/Modules/NiagaraStatelessModule_ScaleRibbonWidth.ush" 2227
"../../../Engine/Plugins/FX/Niagara/Shaders/Private/Stateless/Modules/NiagaraStatelessModule_ScaleSpriteSize.ush" 2228
"../../../Engine/Plugins/FX/Niagara/Shaders/Private/Stateless/Modules/NiagaraStatelessModule_ScaleSpriteSizeBySpeed.ush" 2229
"../../../Engine/Plugins/FX/Niagara/Shaders/Private/Stateless/Modules/NiagaraStatelessModule_ScaleMeshSize.ush" 2230
"../../../Engine/Plugins/FX/Niagara/Shaders/Private/Stateless/Modules/NiagaraStatelessModule_ScaleMeshSizebySpeed.ush" 2231
"../../../Engine/Plugins/FX/Niagara/Shaders/Private/Stateless/Modules/NiagaraStatelessModule_SolveVelocitiesAndForces.ush" 2232
"../../../Engine/Plugins/FX/Niagara/Shaders/Private/Stateless/Modules/NiagaraStatelessModule_SpriteFacingAndAlignment.ush" 2233
"../../../Engine/Plugins/FX/Niagara/Shaders/Private/Stateless/Modules/NiagaraStatelessModule_SpriteRotationRate.ush" 2234
"../../../Engine/Plugins/FX/Niagara/Shaders/Private/Stateless/Modules/NiagaraStatelessModule_SubUVAnimation.ush" 2235
"../../../Engine/Plugins/FX/Niagara/Shaders/Private/NiagaraBlendSVTsToDenseBuffer.usf" 2236
"../../../Engine/Plugins/FX/Niagara/Shaders/Private/NiagaraSVTToDenseBuffer.usf" 2237
"../../../Engine/Plugins/FX/Niagara/Shaders/Private/NiagaraFillIntBuffer.usf" 2238
"../../../Engine/Plugins/FX/Niagara/Shaders/Private/NiagaraComputeFreeIDs.usf" 2239
"../../../Engine/Plugins/FX/Niagara/Shaders/Private/NiagaraInitFreeIDBuffer.usf" 2240
"../../../Engine/Plugins/FX/Niagara/Shaders/Private/NiagaraEmitterInstanceShader.usf" 2241
"../../../Engine/Plugins/FX/Niagara/Shaders/Private/NiagaraShaderVersion.ush" 2242
"../../../Engine/Plugins/FX/Niagara/Shaders/Private/NiagaraPhysicsCommon.ush" 2243
"../../../Engine/Plugins/FX/Niagara/Shaders/Private/Ribbons/NiagaraRibbonAggregationApply.usf" 2244
"../../../Engine/Plugins/FX/Niagara/Shaders/Private/Ribbons/NiagaraRibbonCommon.ush" 2245
"../../../Engine/Plugins/FX/Niagara/Shaders/Private/Ribbons/NiagaraRibbonAggregationStep.usf" 2246
"../../../Engine/Plugins/FX/Niagara/Shaders/Private/Ribbons/NiagaraRibbonGenerateIndices.usf" 2247
"../../../Engine/Plugins/FX/Niagara/Shaders/Private/Ribbons/NiagaraRibbonInitializeIndices.usf" 2248
"../../../Engine/Plugins/FX/Niagara/Shaders/Private/Ribbons/NiagaraRibbonRibbonUVParamCalculation.usf" 2249
"../../../Engine/Plugins/FX/Niagara/Shaders/Private/Ribbons/NiagaraRibbonVertexReductionFinalization.usf" 2250
"../../../Engine/Plugins/FX/Niagara/Shaders/Private/Ribbons/NiagaraRibbonVertexReductionInitialization.usf" 2251
"../../../Engine/Plugins/FX/Niagara/Shaders/Private/Ribbons/NiagaraRibbonSortParticles.usf" 2252
"../../../Engine/Plugins/FX/Niagara/Shaders/Private/NiagaraLWCHelper.usf" 2253
"../../../Engine/Plugins/FX/Niagara/Shaders/Private/NiagaraUpdateMeshGPUSceneInstances.usf" 2254
"../../../Engine/Shaders/Private/GPUScene/GPUSceneWriter.ush" 2255
"../../../Engine/Plugins/FX/Niagara/Shaders/Private/NiagaraGenerateMips.usf" 2256
"../../../Engine/Plugins/FX/Niagara/Shaders/Private/NiagaraDebugDraw.usf" 2257
"../../../Engine/Plugins/FX/Niagara/Shaders/Private/NiagaraDebugDraw.ush" 2258
"../../../Engine/Plugins/FX/Niagara/Shaders/Private/NiagaraVisualizeTexture.usf" 2259
"../../../Engine/Plugins/FX/Niagara/Shaders/Private/NiagaraClearCounts.usf" 2260
"../../../Engine/Plugins/FX/Niagara/Shaders/Private/NiagaraBatchedElements.usf" 2261
"../../../Engine/Plugins/FX/Niagara/Shaders/Private/NiagaraRayTracingShaders.usf" 2262
"../../../Engine/Plugins/FX/Niagara/Shaders/Private/NiagaraAsyncGpuTraceCommon.ush" 2263
"../../../Engine/Shaders/Private/HashTable.ush" 2264
"../../../Engine/Shaders/Private/Hash.ush" 2265
"../../../Engine/Shaders/Private/RayTracing/VFXTraceRay.ush" 2266
"../../../Engine/Plugins/FX/Niagara/Shaders/Private/NiagaraRayMarchingShaders.usf" 2267
"../../../Engine/Plugins/FX/Niagara/Shaders/Private/NiagaraRayTraceCollisionGroupShaders.usf" 2268
"../../../Engine/Plugins/FX/Niagara/Shaders/Private/NiagaraAsyncGpuTraceUtils.usf" 2269
"../../../Engine/Plugins/Runtime/ComputeFramework/Shaders/Private/ComputeKernel.usf" 2270
"../../../Engine/Plugins/Runtime/ComputeFramework/Shaders/Private/ComputeKernelCommon.ush" 2271
"../../../Engine/Plugins/VirtualProduction/CameraCalibrationCore/Shaders/Private/CrosshairOverlay.usf" 2272
"../../../Engine/Plugins/VirtualProduction/CameraCalibrationCore/Shaders/Private/DisplacementMapBlending.usf" 2273
"../../../Engine/Plugins/VirtualProduction/CameraCalibrationCore/Shaders/Private/RecenterSTDisplacementMaps.usf" 2274
"../../../Engine/Plugins/VirtualProduction/CameraCalibrationCore/Shaders/Private/FillSTDisplacementMap.usf" 2275
"../../../Engine/Plugins/VirtualProduction/CameraCalibrationCore/Shaders/Private/InvertDisplacementMap.usf" 2276
"../../../Engine/Plugins/VirtualProduction/CameraCalibrationCore/Shaders/Private/CropDisplacementMap.usf" 2277
"../../../Engine/Plugins/VirtualProduction/CameraCalibrationCore/Shaders/Private/BlendDisplacementMaps.usf" 2278
"../../../Engine/Plugins/VirtualProduction/CameraCalibrationCore/Shaders/Private/DrawDisplacementMaps.usf" 2279
"../../../Engine/Plugins/VirtualProduction/CameraCalibrationCore/Shaders/Private/UndistortImagePoints.usf" 2280
"../../../Engine/Plugins/VirtualProduction/CameraCalibrationCore/Shaders/Private/DistortionSTMapProcessor.usf" 2281
"../../../Engine/Plugins/NNE/NNEDenoiser/Shaders/NNEDenoiserShadersTransferFunctionOidn.usf" 2282
"../../../Engine/Plugins/NNE/NNEDenoiser/Shaders/NNEDenoiserShadersMappedCopy.usf" 2283
"../../../Engine/Plugins/NNE/NNEDenoiser/Shaders/NNEDenoiserShadersDefaultIOProcess.usf" 2284
"../../../Engine/Plugins/NNE/NNEDenoiser/Shaders/NNEDenoiserShadersAutoExposureReduceFinal.usf" 2285
"../../../Engine/Plugins/NNE/NNEDenoiser/Shaders/NNEDenoiserShadersAutoExposureReduce.usf" 2286
"../../../Engine/Plugins/NNE/NNEDenoiser/Shaders/NNEDenoiserShadersAutoExposureDownsample.usf" 2287
"../../../Engine/Plugins/Media/WmfMedia/Shaders/Private/MediaHardwareVideoDecoding.usf" 2288
"../../../Engine/Shaders/Private/ColorUtils.ush" 2289
"../../../Engine/Plugins/Media/ImgMedia/Shaders/Private/ExrSwizzler.usf" 2290
"../../../Engine/Plugins/Experimental/NFORDenoise/Shaders/NFORDenoise.usf" 2291
"../../../Engine/Plugins/Experimental/NFORDenoise/Shaders/NFORRegressionCommon.ush" 2292
"../../../Engine/Plugins/Experimental/NFORDenoise/Shaders/NFORRegression.ush" 2293
"../../../Engine/Shaders/Private/VirtualTextureAdapter.usf" 2294
"../../../Engine/Shaders/Private/BlockCompressionCommon.ush" 2295
"../../../Engine/Shaders/Private/BCCompressionCommon.ush" 2296
"../../../Engine/Shaders/Private/TranslucentLightingShaders.usf" 2297
"../../../Engine/Shaders/Private/CubemapCommon.ush" 2298
"../../../Engine/Shaders/Private/VectorFieldCompositeShaders.usf" 2299
"../../../Engine/Shaders/Private/UpdateTextureShaders.usf" 2300
"../../../Engine/Shaders/Private/StereoLayerShader.usf" 2301
"../../../Engine/Shaders/Private/SparseVolumeTexture/UpdateSparseVolumeTexture.usf" 2302
"../../../Engine/Shaders/Private/MorphTargets.usf" 2303
"../../../Engine/Shaders/Private/SimpleElementColorChannelMaskPixelShader.usf" 2304
"../../../Engine/Shaders/Private/SimpleElementHitProxyPixelShader.usf" 2305
"../../../Engine/Shaders/Private/SimpleElementPixelShader.usf" 2306
"../../../Engine/Shaders/Private/IESLightProfilesCommon.ush" 2307
"../../../Engine/Shaders/Private/SimpleElementVertexShader.usf" 2308
"../../../Engine/Shaders/Private/ScreenPixelShaderOES.usf" 2309
"../../../Engine/Shaders/Private/ScreenVertexShader.usf" 2310
"../../../Engine/Shaders/Private/ScreenPixelShader.usf" 2311
"../../../Engine/Shaders/Private/SSProfilePreIntegratedMobile.usf" 2312
"../../../Engine/Shaders/Private/SpecularProfile.usf" 2313
"../../../Engine/Shaders/Private/Nanite/NaniteStreaming.usf" 2314
"../../../Engine/Shaders/Private/Nanite/NaniteStreaming.ush" 2315
"../../../Engine/Shaders/Private/Nanite/NaniteTranscode.usf" 2316
"../../../Engine/Shaders/Private/VolumetricLightmapStreaming.usf" 2317
"../../../Engine/Shaders/Private/PhysicsFieldReset.usf" 2318
"../../../Engine/Shaders/Private/PhysicsFieldBuilder.usf" 2319
"../../../Engine/Shaders/Private/PhysicsFieldEval.ush" 2320
"../../../Engine/Shaders/Private/ParticleSortKeyGen.usf" 2321
"../../../Engine/Shaders/Private/ParticleBoundsShader.usf" 2322
"../../../Engine/Shaders/Private/ParticleSimVisualizeShader.usf" 2323
"../../../Engine/Shaders/Private/ParticleInjectionShader.usf" 2324
"../../../Engine/Shaders/Private/ParticleSimulationShader.usf" 2325
"../../../Engine/Shaders/Private/ParticleCurveInjectionShader.usf" 2326
"../../../Engine/Shaders/Private/CopyUIntBuffer.usf" 2327
"../../../Engine/Shaders/Private/RadixSortShaders.usf" 2328
"../../../Engine/Shaders/Private/RecomputeTangentsPerVertexPass.usf" 2329
"../../../Engine/Shaders/Private/RecomputeTangentsCommon.ush" 2330
"../../../Engine/Shaders/Private/RecomputeTangentsPerTrianglePass.usf" 2331
"../../../Engine/Shaders/Private/GpuSkinCacheComputeShader.usf" 2332
"../../../Engine/Shaders/Private/HeightFieldAtlasManagement.usf" 2333
"../../../Engine/Shaders/Private/Landscape/LandscapeEditLayersUtils.usf" 2334
"../../../Engine/Shaders/Private/Landscape/LandscapeCommon.ush" 2335
"../../../Engine/Shaders/Private/Landscape/LandscapeEditLayersWeightmaps.usf" 2336
"../../../Engine/Shaders/Private/Landscape/LandscapeEditLayersHeightmaps.usf" 2337
"../../../Engine/Shaders/Private/Landscape/LandscapeLayersWeightmapsPS.usf" 2338
"../../../Engine/Shaders/Private/Landscape/LandscapeLayersHeightmapsPS.usf" 2339
"../../../Engine/Shaders/Private/LandscapeLayersCS.usf" 2340
"../../../Engine/Shaders/Private/LandscapeLayersPS.usf" 2341
"../../../Engine/Shaders/Private/LandscapeLayersVS.usf" 2342
"../../../Engine/Shaders/Private/LandscapePhysicalMaterial.usf" 2343
"../../../Engine/Shaders/Private/LandscapeGrassWeight.usf" 2344
"../../../Engine/Shaders/Private/Landscape/LandscapeCulling.usf" 2345
"../../../Engine/Shaders/Private/Nanite/NaniteHZBCull.ush" 2346
"../../../Engine/Shaders/Private/HZB.ush" 2347
"../../../Engine/Shaders/Private/Landscape/LandscapeMergeTexturesPS.usf" 2348
"../../../Engine/Shaders/Private/WideCustomResolveShaders.usf" 2349
"../../../Engine/Shaders/Private/WideCustomResolve_Wide.ush" 2350
"../../../Engine/Shaders/Private/WideCustomResolve_Wider.ush" 2351
"../../../Engine/Shaders/Private/WideCustomResolve_Widest.ush" 2352
"../../../Engine/Shaders/Private/WaterInfoTextureBlur.usf" 2353
"../../../Engine/Shaders/Private/WaterInfoTextureMerge.usf" 2354
"../../../Engine/Shaders/Private/PageTableUpdate.usf" 2355
"../../../Engine/Shaders/Private/VirtualTextureCompress.usf" 2356
"../../../Engine/Shaders/Private/ASTCCompressionCommon.ush" 2357
"../../../Engine/Shaders/Private/IntegerSequenceEncoding.ush" 2358
"../../../Engine/Shaders/Private/ETCCompressionCommon.ush" 2359
"../../../Engine/Shaders/Private/VirtualTextureMaterial.usf" 2360
"../../../Engine/Shaders/Private/PixelShaderOutputCommon.ush" 2361
"../../../Engine/Shaders/Private/ShaderOutputCommon.ush" 2362
"../../../Engine/Shaders/Private/VolumetricRenderTarget.usf" 2363
"../../../Engine/Shaders/Private/HeightFogCommon.ush" 2364
"../../../Engine/Shaders/Private/LocalFogVolumes/LocalFogVolumeCommon.ush" 2365
"../../../Engine/Shaders/Private/ReflectionEnvironmentShared.ush" 2366
"../../../Engine/Shaders/Private/VolumetricFogVoxelization.usf" 2367
"../../../Engine/Shaders/Private/VolumetricCloudMaterialPixelCommon.ush" 2368
"../../../Engine/Shaders/Private/VolumetricFogLightFunction.usf" 2369
"../../../Engine/Shaders/Private/LightFunctionCommon.ush" 2370
"../../../Engine/Shaders/Private/VolumetricFog.usf" 2371
"../../../Engine/Shaders/Private/DeferredLightingCommon.ush" 2372
"../../../Engine/Shaders/Private/DynamicLightingCommon.ush" 2373
"../../../Engine/Shaders/Private/CapsuleLightIntegrate.ush" 2374
"../../../Engine/Shaders/Private/CapsuleLightSampling.ush" 2375
"../../../Engine/Shaders/Private/RectLightIntegrate.ush" 2376
"../../../Engine/Shaders/Private/ScreenSpaceShadowRayCast.ush" 2377
"../../../Engine/Shaders/Private/LightFunctionAtlas/LightFunctionAtlasCommon.usf" 2378
"../../../Engine/Shaders/Private/HeterogeneousVolumes/HeterogeneousVolumesAdaptiveVolumetricShadowMapSampling.ush" 2379
"../../../Engine/Shaders/Private/HeterogeneousVolumes/HeterogeneousVolumesAdaptiveVolumetricShadowMapUtils.ush" 2380
"../../../Engine/Shaders/Private/HeterogeneousVolumes/HeterogeneousVolumesRayMarchingUtils.ush" 2381
"../../../Engine/Shaders/Private/HeterogeneousVolumes/HeterogeneousVolumesRayMarchingTypes.ush" 2382
"../../../Engine/Shaders/Private/PathTracing/Utilities/PathTracingRandomSequence.ush" 2383
"../../../Engine/Shaders/Private/HeterogeneousVolumes/HeterogeneousVolumesTracingUtils.ush" 2384
"../../../Engine/Shaders/Private/VelocityCommon.ush" 2385
"../../../Engine/Shaders/Private/HeterogeneousVolumes/HeterogeneousVolumesTransmittanceVolumeUtils.ush" 2386
"../../../Engine/Shaders/Private/ForwardShadowingCommon.ush" 2387
"../../../Engine/Shaders/Private/ShadowFilteringCommon.ush" 2388
"../../../Engine/Shaders/Private/PixelQuadMessagePassing.ush" 2389
"../../../Engine/Shaders/Private/VolumeLightingCommon.ush" 2390
"../../../Engine/Shaders/Private/ShadowProjectionCommon.ush" 2391
"../../../Engine/Shaders/Private/VolumeLightingCommonSampling.ush" 2392
"../../../Engine/Shaders/Private/Lumen/LumenTranslucencyVolumeShared.ush" 2393
"../../../Engine/Shaders/Private/Lumen/LumenRadianceCacheInterpolation.ush" 2394
"../../../Engine/Shaders/Private/HeterogeneousVolumes/HeterogeneousVolumesAdaptiveVolumetricShadowMapSampler.ush" 2395
"../../../Engine/Shaders/Private/LightGridCommon.ush" 2396
"../../../Engine/Shaders/Private/DistanceFieldAOShared.ush" 2397
"../../../Engine/Shaders/Private/IntersectionUtils.ush" 2398
"../../../Engine/Shaders/Private/VolumetricLightmapShared.ush" 2399
"../../../Engine/Shaders/Private/LightDataUniforms.ush" 2400
"../../../Engine/Shaders/Private/VirtualShadowMaps/VirtualShadowMapProjectionCommon.ush" 2401
"../../../Engine/Shaders/Private/VirtualShadowMaps/VirtualShadowMapPageAccessCommon.ush" 2402
"../../../Engine/Shaders/Shared/VirtualShadowMapDefinitions.h" 2403
"../../../Engine/Shaders/Shared/HLSLMathAliases.h" 2404
"../../../Engine/Shaders/Private/VirtualShadowMaps/VirtualShadowMapProjectionStructs.ush" 2405
"../../../Engine/Shaders/Private/VolumetricCloudCommon.ush" 2406
"../../../Engine/Shaders/Private/VolumetricCloud.usf" 2407
"../../../Engine/Shaders/Private/VisualizeVolumetricLightmap.usf" 2408
"../../../Engine/Shaders/Private/VirtualShadowMaps/VirtualShadowMapProjectionComposite.usf" 2409
"../../../Engine/Shaders/Private/LightShaderParameters.ush" 2410
"../../../Engine/Shaders/Private/VirtualShadowMaps/VirtualShadowMapMaskBitsCommon.ush" 2411
"../../../Engine/Shaders/Private/VirtualShadowMaps/VirtualShadowMapLightGrid.ush" 2412
"../../../Engine/Shaders/Private/VirtualShadowMaps/VirtualShadowMapProjection.usf" 2413
"../../../Engine/Shaders/Private/Visualization.ush" 2414
"../../../Engine/Shaders/Private/VirtualShadowMaps/VirtualShadowMapProjectionFilter.ush" 2415
"../../../Engine/Shaders/Private/VirtualShadowMaps/VirtualShadowMapProjectionDirectional.ush" 2416
"../../../Engine/Shaders/Private/VirtualShadowMaps/VirtualShadowMapSMRTCommon.ush" 2417
"../../../Engine/Shaders/Private/VirtualShadowMaps/VirtualShadowMapSMRTTemplate.ush" 2418
"../../../Engine/Shaders/Private/VirtualShadowMaps/VirtualShadowMapProjectionSpot.ush" 2419
"../../../Engine/Shaders/Private/VirtualShadowMaps/VirtualShadowMapTransmissionCommon.ush" 2420
"../../../Engine/Shaders/Private/VirtualShadowMaps/VirtualShadowMapScreenRayTrace.ush" 2421
"../../../Engine/Shaders/Private/VirtualShadowMaps/VirtualShadowMapStats.ush" 2422
"../../../Engine/Shaders/Private/HairStrands/HairStrandsVoxelPageCommon.ush" 2423
"../../../Engine/Shaders/Private/HairStrands/HairStrandsVoxelPageTraversal.ush" 2424
"../../../Engine/Shaders/Private/VirtualShadowMaps/VirtualShadowMapCacheGPUInvalidation.usf" 2425
"../../../Engine/Shaders/Private/VirtualShadowMaps/VirtualShadowMapPageCacheCommon.ush" 2426
"../../../Engine/Shaders/Private/VirtualShadowMaps/VirtualShadowMapCacheInvalidation.ush" 2427
"../../../Engine/Shaders/Private/VirtualShadowMaps/VirtualShadowMapPageOverlap.ush" 2428
"../../../Engine/Shaders/Private/ScreenSpaceDenoise/SSDDefinitions.ush" 2429
"../../../Engine/Shaders/Private/InstanceCulling/InstanceCullingLoadBalancer.ush" 2430
"../../../Engine/Shaders/Private/VirtualShadowMaps/VirtualShadowMapCacheLoadBalancer.usf" 2431
"../../../Engine/Shaders/Private/VirtualShadowMaps/VirtualShadowMapCopyStats.usf" 2432
"../../../Engine/Shaders/Private/VirtualShadowMaps/VirtualShadowMapDebug.usf" 2433
"../../../Engine/Shaders/Private/VirtualShadowMaps/Desaturate.usf" 2434
"../../../Engine/Shaders/Private/VirtualShadowMaps/VirtualShadowMapPhysicalPageManagement.usf" 2435
"../../../Engine/Shaders/Private/ReductionCommon.ush" 2436
"../../../Engine/Shaders/Private/GPUMessaging.ush" 2437
"../../../Engine/Shaders/Private/VirtualShadowMaps/VirtualShadowMapPerPageDispatch.ush" 2438
"../../../Engine/Shaders/Private/VirtualShadowMaps/VirtualShadowMapCompactViews.usf" 2439
"../../../Engine/Shaders/Shared/SceneCullingDefinitions.h" 2440
"../../../Engine/Shaders/Private/VirtualShadowMaps/VirtualShadowMapBuildPerPageDrawCommands.usf" 2441
"../../../Engine/Shaders/Private/Nanite/NaniteCullingCommon.ush" 2442
"../../../Engine/Shaders/Private/Nanite/NaniteCulling.ush" 2443
"../../../Engine/Shaders/Private/Nanite/NaniteHierarchyTraversalCommon.ush" 2444
"../../../Engine/Shaders/Private/InstanceCulling/InstanceCullingCommon.ush" 2445
"../../../Engine/Shaders/Shared/InstanceCullingDefinitions.h" 2446
"../../../Engine/Shaders/Private/VirtualShadowMaps/VirtualShadowMapPrintStats.usf" 2447
"../../../Engine/Shaders/Private/VirtualShadowMaps/VirtualShadowMapPageManagement.usf" 2448
"../../../Engine/Shaders/Private/VirtualShadowMaps/VirtualShadowMapPageMarking.usf" 2449
"../../../Engine/Shaders/Shared/SingleLayerWaterDefinitions.h" 2450
"../../../Engine/Shaders/Private/HairStrands/HairStrandsTileCommon.ush" 2451
"../../../Engine/Shaders/Private/Froxel/Froxel.ush" 2452
"../../../Engine/Shaders/Shared/FroxelDefinitions.h" 2453
"../../../Engine/Shaders/Private/DiaphragmDOF/DOFCommon.ush" 2454
"../../../Engine/Shaders/Private/VariableRateShading/VRSShadingRatePreview.usf" 2455
"../../../Engine/Shaders/Private/VariableRateShading/VRSShadingRateCommon.ush" 2456
"../../../Engine/Shaders/Private/VariableRateShading/VRSShadingRateCombine.usf" 2457
"../../../Engine/Shaders/Private/VariableRateShading/VRSShadingRateFoveated.usf" 2458
"../../../Engine/Shaders/Private/VariableRateShading/VRSShadingRateReproject.usf" 2459
"../../../Engine/Shaders/Private/VariableRateShading/VRSShadingRateCalculate.usf" 2460
"../../../Engine/Shaders/Private/TranslucencyUpsampling.usf" 2461
"../../../Engine/Shaders/Private/ComposeSeparateTranslucency.usf" 2462
"../../../Engine/Shaders/Private/SeparateTranslucency.ush" 2463
"../../../Engine/Shaders/Private/TranslucentLightInjectionShaders.usf" 2464
"../../../Engine/Shaders/Private/TranslucentShadowDepthShaders.usf" 2465
"../../../Engine/Shaders/Private/ShadowDepthCommon.ush" 2466
"../../../Engine/Shaders/Private/RayTracing/RayTracingTest.usf" 2467
"../../../Engine/Shaders/Private/PostprocessSubsurfaceTile.usf" 2468
"../../../Engine/Shaders/Private/PostProcessSubsurfaceCommon.ush" 2469
"../../../Engine/Shaders/Private/Substrate/SubstrateVisualize.usf" 2470
"../../../Engine/Shaders/Private/Substrate/SubstrateTile.ush" 2471
"../../../Engine/Shaders/Shared/SubstrateVisualizeDefinitions.h" 2472
"../../../Engine/Shaders/Private/Substrate/SubstrateVisualizeCommon.ush" 2473
"../../../Engine/Shaders/Private/SkyLightingDiffuseShared.ush" 2474
"../../../Engine/Shaders/Private/SkyLightingShared.ush" 2475
"../../../Engine/Shaders/Private/ClearCoatCommon.ush" 2476
"../../../Engine/Shaders/Private/ReflectionEnvironmentComposite.ush" 2477
"../../../Engine/Shaders/Private/Substrate/SubstrateLightingCommon.ush" 2478
"../../../Engine/Shaders/Private/Substrate/SubstrateRoughRefraction.usf" 2479
"../../../Engine/Shaders/Private/PathTracing/Material/PathTracingFresnel.ush" 2480
"../../../Engine/Shaders/Private/PathTracing/Material/PathTracingGlossy.ush" 2481
"../../../Engine/Shaders/Private/Substrate/SubstrateMaterialSampling.usf" 2482
"../../../Engine/Shaders/Private/Substrate/SubstrateMaterialSampling.ush" 2483
"../../../Engine/Shaders/Private/Lumen/LumenPosition.ush" 2484
"../../../Engine/Shaders/Private/Substrate/SubstrateTile.usf" 2485
"../../../Engine/Shaders/Private/Substrate/SubstrateMaterialClassification.usf" 2486
"../../../Engine/Shaders/Private/Substrate/SubstrateDBuffer.usf" 2487
"../../../Engine/Shaders/Private/StochasticLighting/StochasticLightingDenoising.usf" 2488
"../../../Engine/Shaders/Private/Lumen/LumenMaterial.ush" 2489
"../../../Engine/Shaders/Private/StochasticLighting/StochasticLightingCommon.ush" 2490
"../../../Engine/Shaders/Private/SplineMeshSceneTexture.usf" 2491
"../../../Engine/Shaders/Private/SparseVolumeTexture/VisualizeSparseVolumeTexture.usf" 2492
"../../../Engine/Shaders/Private/SkyAtmosphere.usf" 2493
"../../../Engine/Shaders/Private/Skinning/SkinnedMeshDebug.usf" 2494
"../../../Engine/Shaders/Private/Skinning/AnimBankEval.usf" 2495
"../../../Engine/Shaders/Private/SingleLayerWaterComposite.usf" 2496
"../../../Engine/Shaders/Private/Froxel/FroxelBuild.ush" 2497
"../../../Engine/Shaders/Private/SingleLayerWaterRefractionCulling.usf" 2498
"../../../Engine/Shaders/Private/ScreenSpaceShadows.usf" 2499
"../../../Engine/Shaders/Private/bend_sss_gpu.ush" 2500
"../../../Engine/Shaders/Private/ShadowFactorsUpsampleCommon.ush" 2501
"../../../Engine/Shaders/Private/FirstPersonSelfShadow.usf" 2502
"../../../Engine/Shaders/Private/HZBTracing.ush" 2503
"../../../Engine/Shaders/Private/ShadowProjectionVertexShader.usf" 2504
"../../../Engine/Shaders/Private/ShadowProjectionPixelShader.usf" 2505
"../../../Engine/Shaders/Private/MobileLightingCommon.ush" 2506
"../../../Engine/Shaders/Private/PlanarReflectionShared.ush" 2507
"../../../Engine/Shaders/Private/MobileSSR.ush" 2508
"../../../Engine/Shaders/Private/SSRT/SSRTRayCast.ush" 2509
"../../../Engine/Shaders/Private/ShadowPercentageCloserFiltering.ush" 2510
"../../../Engine/Shaders/Private/TransmissionThickness.ush" 2511
"../../../Engine/Shaders/Private/CopyShadowMaps.usf" 2512
"../../../Engine/Shaders/Private/ShadowDepthPixelShader.usf" 2513
"../../../Engine/Shaders/Private/ShadowDepthVertexShader.usf" 2514
"../../../Engine/Shaders/Private/ShadingEnergyConservationTable.usf" 2515
"../../../Engine/Shaders/Shared/PathTracingDefinitions.h" 2516
"../../../Engine/Shaders/Private/ShadingFurnaceTest.usf" 2517
"../../../Engine/Shaders/Private/Substrate/SubstrateDeferredLighting.ush" 2518
"../../../Engine/Shaders/Private/ShaderPrintDraw.usf" 2519
"../../../Engine/Shaders/Private/ShaderPrintDrawPrimitive.usf" 2520
"../../../Engine/Shaders/Private/DefaultSSRTiles.usf" 2521
"../../../Engine/Shaders/Private/ScreenSpaceReflectionTileCommons.ush" 2522
"../../../Engine/Shaders/Private/SSRT/SSRTDiffuseIndirect.usf" 2523
"../../../Engine/Shaders/Private/SSRT/SSRTTileClassificationBuffer.ush" 2524
"../../../Engine/Shaders/Private/SSRT/SSRTReflections.usf" 2525
"../../../Engine/Shaders/Private/ScreenSpaceDenoise/SSDPublic.ush" 2526
"../../../Engine/Shaders/Private/SSRT/SSRTTileClassification.usf" 2527
"../../../Engine/Shaders/Private/SSRT/SSRTPrevFrameReduction.usf" 2528
"../../../Engine/Shaders/Private/ScreenSpaceDenoise/SSDComposeHarmonics.usf" 2529
"../../../Engine/Shaders/Private/ScreenSpaceDenoise/SSDPublicHarmonics.ush" 2530
"../../../Engine/Shaders/Private/ScreenSpaceDenoise/SSDSignalFramework.ush" 2531
"../../../Engine/Shaders/Private/ScreenSpaceDenoise/SSDCommon.ush" 2532
"../../../Engine/Shaders/Private/SphericalGaussian.ush" 2533
"../../../Engine/Shaders/Public/WaveBroadcastIntrinsics.ush" 2534
"../../../Engine/Shaders/Private/ScreenSpaceDenoise/SSDMetadata.ush" 2535
"../../../Engine/Shaders/Private/ScreenSpaceDenoise/SSDSignalCore.ush" 2536
"../../../Engine/Shaders/Private/ScreenSpaceDenoise/DenoisingCommon.ush" 2537
"../../../Engine/Shaders/Private/ScreenSpaceDenoise/SSDSignalArray.ush" 2538
"../../../Engine/Shaders/Private/ScreenSpaceDenoise/SSDSignalBufferEncoding.ush" 2539
"../../../Engine/Shaders/Private/ScreenSpaceDenoise/SSDPublicBufferEncoding.ush" 2540
"../../../Engine/Shaders/Private/Lumen/LumenBufferEncoding.ush" 2541
"../../../Engine/Shaders/Private/ScreenSpaceDenoise/SSDTemporalAccumulation.usf" 2542
"../../../Engine/Shaders/Private/ScreenSpaceDenoise/SSDSpatialKernel.ush" 2543
"../../../Engine/Shaders/Private/ScreenSpaceDenoise/SSDSignalAccumulatorArray.ush" 2544
"../../../Engine/Shaders/Private/ScreenSpaceDenoise/SSDSignalAccumulator.ush" 2545
"../../../Engine/Shaders/Private/ScreenSpaceDenoise/SSDSignalCompression.ush" 2546
"../../../Engine/Shaders/Private/ScreenSpaceDenoise/SSDSpatialAccumulation.usf" 2547
"../../../Engine/Shaders/Private/ScreenSpaceDenoise/SSDInjest.usf" 2548
"../../../Engine/Shaders/Private/ScreenSpaceDenoise/SSDCompressMetadata.usf" 2549
"../../../Engine/Shaders/Private/DownsampleDepthPixelShader.usf" 2550
"../../../Engine/Shaders/Private/ScreenPass.usf" 2551
"../../../Engine/Shaders/Private/HZB.usf" 2552
"../../../Engine/Shaders/Private/OcclusionFeedbackShaders.usf" 2553
"../../../Engine/Shaders/Private/HZBOcclusion.usf" 2554
"../../../Engine/Shaders/Private/OcclusionQueryPixelShader.usf" 2555
"../../../Engine/Shaders/Private/OcclusionQueryVertexShader.usf" 2556
"../../../Engine/Shaders/Private/HitProxyCopy.usf" 2557
"../../../Engine/Shaders/Private/HitProxyPixelShader.usf" 2558
"../../../Engine/Shaders/Private/HitProxyVertexShader.usf" 2559
"../../../Engine/Shaders/Private/SceneCulling/SceneCullingDebugRender.usf" 2560
"../../../Engine/Shaders/Private/SceneCulling/SceneCulling.ush" 2561
"../../../Engine/Shaders/Private/SceneCulling/SceneCullingBuildExplicitBounds.usf" 2562
"../../../Engine/Shaders/Private/SceneCapturePixelShader.usf" 2563
"../../../Engine/Shaders/Private/RendererUtils.usf" 2564
"../../../Engine/Shaders/Private/RTWriteMaskDecode.usf" 2565
"../../../Engine/Shaders/Private/ReflectionEnvironmentShaders.usf" 2566
"../../../Engine/Shaders/Private/RectLightAtlas.usf" 2567
"../../../Engine/Shaders/Private/RayTracing/TraceRayInlineStatistics.usf" 2568
"../../../Engine/Shaders/Private/RayTracing/CompositeSkyLightPS.usf" 2569
"../../../Engine/Shaders/Private/RayTracing/GenerateSkyLightVisibilityRaysCS.usf" 2570
"../../../Engine/Shaders/Private/RayTracing/RayTracingSkyLightCommon.ush" 2571
"../../../Engine/Shaders/Private/RayTracing/SkyLightVisibilityRaysData.ush" 2572
"../../../Engine/Shaders/Private/Raytracing/RaytracingSkylightRGS.usf" 2573
"../../../Engine/Shaders/Private/HairStrands/HairStrandsRaytracing.ush" 2574
"../../../Engine/Shaders/Private/Raytracing/RayTracingSkyLightEvaluation.ush" 2575
"../../../Engine/Shaders/Private/Raytracing/RayTracingDeferredShadingCommon.ush" 2576
"../../../Engine/Shaders/Private/RayTracing/RayTracingOcclusionRGS.usf" 2577
"../../../Engine/Shaders/Private/RayTracing/RayTracingDirectionalLight.ush" 2578
"../../../Engine/Shaders/Private/RayTracing/RayTracingRectLight.ush" 2579
"../../../Engine/Shaders/Private/RayTracing/RayTracingSphereLight.ush" 2580
"../../../Engine/Shaders/Private/RayTracing/RayTracingCapsuleLight.ush" 2581
"../../../Engine/Shaders/Private/Raytracing/RayTracingFeedback.usf" 2582
"../../../Engine/Shaders/Shared/RayTracingDebugTypes.h" 2583
"../../../Engine/Shaders/Private/RayTracing/RayTracingPrimaryRays.usf" 2584
"../../../Engine/Shaders/Private/RayTracing/RayTracingLightingCommon.ush" 2585
"../../../Engine/Shaders/Private/RayTracing/RayTracingLightCullingCommon.ush" 2586
"../../../Engine/Shaders/Private/RayTracing/RayTracingMaterialDefaultHitShaders.usf" 2587
"../../../Engine/Shaders/Private/RayTracing/RayTracingMaterialHitShaders.usf" 2588
"../../../Engine/Shaders/Private/RayTracing/RayTracingShaderUtils.ush" 2589
"../../../Engine/Shaders/Private/RayTracing/RayTracingCalcInterpolants.ush" 2590
"../../../Engine/Shaders/Private/LightmapCommon.ush" 2591
"../../../Engine/Shaders/Private/Lumen/LumenHardwareRayTracingPayloadCommon.ush" 2592
"../../../Engine/Shaders/Shared/LumenDefinitions.h" 2593
"../../../Engine/Shaders/Private/Substrate/SubstrateExport.ush" 2594
"../../../Engine/Shaders/Private/RayTracing/RayTracingLightingMS.usf" 2595
"../../../Engine/Shaders/Private/Lumen/LumenDiffuseColorBoost.ush" 2596
"../../../Engine/Shaders/Private/RayTracing/RayTracingLightFunctionCommon.ush" 2597
"../../../Engine/Shaders/Private/RayTracing/RayTracingBuildLightGrid.usf" 2598
"../../../Engine/Shaders/Private/Raytracing/RayTracingInstanceBufferUtil.usf" 2599
"../../../Engine/Shaders/Private/RayTracing/RayTracingDynamicMesh.usf" 2600
"../../../Engine/Shaders/Private/RayTracing/RayTracingDefaultDecalHitShader.usf" 2601
"../../../Engine/Shaders/Private/RayTracing/RayTracingDecalMaterialShader.usf" 2602
"../../../Engine/Shaders/Private/PathTracing/PathTracingShaderUtils.ush" 2603
"../../../Engine/Shaders/Private/PathTracing/PathTracingCommon.ush" 2604
"../../../Engine/Shaders/Private/PathTracing/Material/PathTracingMaterialCommon.ush" 2605
"../../../Engine/Shaders/Private/PathTracing/Utilities/PathTracingRIS.ush" 2606
"../../../Engine/Shaders/Private/RayTracing/RayTracingBuildDecalGrid.usf" 2607
"../../../Engine/Shaders/Private/RayTracing/RayTracingDebugHitStatsUtils.usf" 2608
"../../../Engine/Shaders/Private/RayTracing/RayTracingDebugInstanceOverlap.usf" 2609
"../../../Engine/Shaders/Private/RayTracing/RayTracingDebugPicking.usf" 2610
"../../../Engine/Shaders/Private/RayTracing/RayTracingDebugUtils.ush" 2611
"../../../Engine/Shaders/Private/RayTracing/RayTracingDebugTraversal.usf" 2612
"../../../Engine/Shaders/Private/RayTracing/RayTracingDeferredMaterials.ush" 2613
"../../../Engine/Shaders/Shared/ThirdParty/AMD/ags_shader_intrinsics_dx12.h" 2614
"../../../Engine/Shaders/Shared/RayTracingDebugDefinitions.h" 2615
"../../../Engine/Shaders/Private/RayTracing/RayTracingDebugHitStatsCHS.usf" 2616
"../../../Engine/Shaders/Private/RayTracing/RayTracingDebugHitStats.usf" 2617
"../../../Engine/Shaders/Private/RayTracing/RayTracingDebugMS.usf" 2618
"../../../Engine/Shaders/Private/RayTracing/RayTracingDebugCHS.usf" 2619
"../../../Engine/Shaders/Private/RayTracing/RayTracingDebug.usf" 2620
"../../../Engine/Shaders/Private/RayTracing/RayTracingBuiltInShaders.usf" 2621
"../../../Engine/Shaders/Private/RayTracing/RayTracingBarycentrics.usf" 2622
"../../../Engine/Shaders/Private/RayTracing/RayTracingAmbientOcclusionRGS.usf" 2623
"../../../Engine/Shaders/Private/VisualizeShadingModels.usf" 2624
"../../../Engine/Shaders/Private/MotionBlur/VisualizeMotionVectors.usf" 2625
"../../../Engine/Shaders/Private/TemporalSuperResolution/TSRVisualize.usf" 2626
"../../../Engine/Shaders/Private/TemporalSuperResolution/TSRColorSpace.ush" 2627
"../../../Engine/Shaders/Private/TemporalSuperResolution/TSRCommon.ush" 2628
"../../../Engine/Shaders/Public/DualPixelVectorization.ush" 2629
"../../../Engine/Shaders/Private/TemporalSuperResolution/TSRReprojectionField.ush" 2630
"../../../Engine/Shaders/Private/TemporalSuperResolution/TSRResolveHistory.usf" 2631
"../../../Engine/Shaders/Private/TemporalSuperResolution/TSRConvolutionNetwork.ush" 2632
"../../../Engine/Shaders/Private/TemporalSuperResolution/TSRKernels.ush" 2633
"../../../Engine/Shaders/Public/LaneVectorization.ush" 2634
"../../../Engine/Shaders/Private/TemporalSuperResolution/TSRUpdateHistory.usf" 2635
"../../../Engine/Shaders/Private/TemporalSuperResolution/TSRSpatialAntiAliasing.ush" 2636
"../../../Engine/Shaders/Private/TemporalSuperResolution/TSRSpatialAntiAliasing.usf" 2637
"../../../Engine/Shaders/Private/TemporalSuperResolution/TSRRejectShading.usf" 2638
"../../../Engine/Shaders/Private/TemporalSuperResolution/TSRShadingAnalysis.ush" 2639
"../../../Engine/Shaders/Private/TemporalSuperResolution/TSRConvolutionNetworkPass.ush" 2640
"../../../Engine/Shaders/Private/TemporalSuperResolution/TSRDecimateHistory.usf" 2641
"../../../Engine/Shaders/Private/TemporalSuperResolution/TSRDepthVelocityAnalysis.ush" 2642
"../../../Engine/Shaders/Private/TemporalSuperResolution/TSRClosestOccluder.ush" 2643
"../../../Engine/Shaders/Private/TemporalSuperResolution/TSRWeightRelaxation.usf" 2644
"../../../Engine/Shaders/Private/TemporalSuperResolution/TSRThinGeometryCommon.ush" 2645
"../../../Engine/Shaders/Private/TemporalSuperResolution/TSRDetectThinGeometry.usf" 2646
"../../../Engine/Shaders/Private/TemporalSuperResolution/TSRDilateVelocity.usf" 2647
"../../../Engine/Shaders/Private/MotionBlur/MotionBlurVelocityFlatten.ush" 2648
"../../../Engine/Shaders/Private/MotionBlur/MotionBlurCommon.ush" 2649
"../../../Engine/Shaders/Private/TemporalSuperResolution/TSRClearPrevTextures.usf" 2650
"../../../Engine/Shaders/Private/TemporalSuperResolution/TSRMeasureCoverage.usf" 2651
"../../../Engine/Shaders/Private/TemporalSuperResolution/TSRMeasureFlickeringLuma.usf" 2652
"../../../Engine/Shaders/Private/TemporalAA.usf" 2653
"../../../Engine/Shaders/Private/FilterPixelShader.usf" 2654
"../../../Engine/Shaders/Private/FilterVertexShader.usf" 2655
"../../../Engine/Shaders/Private/VisualizeVirtualTexture.usf" 2656
"../../../Engine/Shaders/Private/PostProcessVisualizeBuffer.usf" 2657
"../../../Engine/Shaders/Private/PostProcessVisualizeLocalExposure.usf" 2658
"../../../Engine/Shaders/Private/PostProcessHistogramCommon.ush" 2659
"../../../Engine/Shaders/Private/TonemapCommon.ush" 2660
"../../../Engine/Shaders/Private/ACES/ACESCommon.ush" 2661
"../../../Engine/Shaders/Private/ACES/ACESOutputTransform.ush" 2662
"../../../Engine/Shaders/Private/ACES/ACESUtilities.ush" 2663
"../../../Engine/Shaders/Private/ACES/ACESTonescale.ush" 2664
"../../../Engine/Shaders/Private/ACES/ACESDisplayEncoding.ush" 2665
"../../../Engine/Shaders/Private/ACES/ACES_v1.3.ush" 2666
"../../../Engine/Shaders/Private/PostProcessVisualizeLevelInstance.usf" 2667
"../../../Engine/Shaders/Private/PostProcessVisualizeHDR.usf" 2668
"../../../Engine/Shaders/Private/ShaderComplexityApplyPixelShader.usf" 2669
"../../../Engine/Shaders/Private/QuadOverdraw.ush" 2670
"../../../Engine/Shaders/Private/PostProcessUpscale.usf" 2671
"../../../Engine/Shaders/Private/PostProcessTonemap.usf" 2672
"../../../Engine/Shaders/Private/PostProcessing/FilmGrainPackConstants.usf" 2673
"../../../Engine/Shaders/Private/PostProcessing/FilmGrainReduce.usf" 2674
"../../../Engine/Shaders/Private/PostProcessTestImage.usf" 2675
"../../../Engine/Shaders/Private/PostProcessSubsurface.usf" 2676
"../../../Engine/Shaders/Private/SeparableSSS.ush" 2677
"../../../Engine/Shaders/Private/SubsurfaceBurleyNormalized.ush" 2678
"../../../Engine/Shaders/Private/PostProcessSelectionOutline.usf" 2679
"../../../Engine/Shaders/Private/MotionBlur/MotionBlurVisualize.usf" 2680
"../../../Engine/Shaders/Private/MotionBlur/MotionBlurApply.usf" 2681
"../../../Engine/Shaders/Private/MotionBlur/MotionBlurFilterTileClassify.usf" 2682
"../../../Engine/Shaders/Private/MotionBlur/MotionBlurTileScatter.usf" 2683
"../../../Engine/Shaders/Private/MotionBlur/MotionBlurTileGather.usf" 2684
"../../../Engine/Shaders/Private/MotionBlur/MotionBlurVelocityFlatten.usf" 2685
"../../../Engine/Shaders/Private/PostProcessMobile.usf" 2686
"../../../Engine/Shaders/Private/PostProcessMitchellNetravali.usf" 2687
"../../../Engine/Shaders/Private/PostProcessMaterialShaders.usf" 2688
"../../../Engine/Shaders/Private/NeuralPostProcessCommon.usf" 2689
"../../../Engine/Shaders/Private/PostProcessLocalExposure.usf" 2690
"../../../Engine/Shaders/Private/PostProcessLensFlares.usf" 2691
"../../../Engine/Shaders/Private/PostProcessGBufferHints.usf" 2692
"../../../Engine/Shaders/Private/PostProcessHMD.usf" 2693
"../../../Engine/Shaders/Private/Histogram.usf" 2694
"../../../Engine/Shaders/Private/PostProcessHistogramReduce.usf" 2695
"../../../Engine/Shaders/Private/PostProcessHistogram.usf" 2696
"../../../Engine/Shaders/Private/Bloom/BloomFinalizeApplyConstants.usf" 2697
"../../../Engine/Shaders/Private/Bloom/BloomCommon.ush" 2698
"../../../Engine/Shaders/Private/Bloom/BloomResizeKernel.usf" 2699
"../../../Engine/Shaders/Private/Bloom/BloomDownsampleKernel.usf" 2700
"../../../Engine/Shaders/Private/Bloom/BloomClampKernel.usf" 2701
"../../../Engine/Shaders/Private/Bloom/BloomPackKernelConstants.usf" 2702
"../../../Engine/Shaders/Private/Bloom/BloomSumScatterDispersionEnergy.usf" 2703
"../../../Engine/Shaders/Private/Bloom/BloomReduceKernelSurvey.usf" 2704
"../../../Engine/Shaders/Private/Bloom/BloomSurveyKernelCenterEnergy.usf" 2705
"../../../Engine/Shaders/Private/Bloom/BloomSurveyMaxScatterDispersion.usf" 2706
"../../../Engine/Shaders/Private/Bloom/BloomFindKernelCenter.usf" 2707
"../../../Engine/Shaders/Private/PostProcessEyeAdaptation.usf" 2708
"../../../Engine/Shaders/Private/TranslucencyVolumeCommon.ush" 2709
"../../../Engine/Shaders/Private/PostProcessEyeAdaptationUtils.usf" 2710
"../../../Engine/Shaders/Private/PostProcessDownsample.usf" 2711
"../../../Engine/Shaders/Private/PostProcessDOF.usf" 2712
"../../../Engine/Shaders/Private/PostProcessDeviceEncodingOnly.usf" 2713
"../../../Engine/Shaders/Private/PostProcessCompositePrimitives.usf" 2714
"../../../Engine/Shaders/Private/PostProcessCombineLUTs.usf" 2715
"../../../Engine/Shaders/Private/PostProcessVisualizeDOF.usf" 2716
"../../../Engine/Shaders/Private/PostProcessBloom.usf" 2717
"../../../Engine/Shaders/Private/PostProcessAmbientOcclusionMobile.usf" 2718
"../../../Engine/Shaders/Private/PostProcessAmbientOcclusionCommon.ush" 2719
"../../../Engine/Shaders/Private/FXAAShader.usf" 2720
"../../../Engine/Shaders/Private/Fxaa3_11.ush" 2721
"../../../Engine/Shaders/Private/PaniniProjection.usf" 2722
"../../../Engine/Shaders/Private/DiaphragmDOF/DOFRecombine.usf" 2723
"../../../Engine/Shaders/Private/DiaphragmDOF/DOFHybridScatterPixelShader.usf" 2724
"../../../Engine/Shaders/Private/DiaphragmDOF/DOFHybridScatterCommon.ush" 2725
"../../../Engine/Shaders/Private/DiaphragmDOF/DOFVignetteCommon.ush" 2726
"../../../Engine/Shaders/Private/DiaphragmDOF/DOFHybridScatterVertexShader.usf" 2727
"../../../Engine/Shaders/Private/DiaphragmDOF/DOFPostfiltering.usf" 2728
"../../../Engine/Shaders/Private/DiaphragmDOF/DOFGatherTileSuggest.ush" 2729
"../../../Engine/Shaders/Private/DiaphragmDOF/DOFCocTileCommon.ush" 2730
"../../../Engine/Shaders/Private/DiaphragmDOF/DOFGatherPass.usf" 2731
"../../../Engine/Shaders/Private/DiaphragmDOF/DOFGatherCommon.ush" 2732
"../../../Engine/Shaders/Private/DiaphragmDOF/DOFGatherAccumulator.ush" 2733
"../../../Engine/Shaders/Private/DiaphragmDOF/DOFGatherKernel.ush" 2734
"../../../Engine/Shaders/Private/DiaphragmDOF/DOFBokehLUT.usf" 2735
"../../../Engine/Shaders/Private/DiaphragmDOF/DOFHybridScatterCompilation.usf" 2736
"../../../Engine/Shaders/Private/DiaphragmDOF/DOFReduce.usf" 2737
"../../../Engine/Shaders/Private/DiaphragmDOF/DOFDownsample.ush" 2738
"../../../Engine/Shaders/Private/DiaphragmDOF/DOFHybridScatterCompilation.ush" 2739
"../../../Engine/Shaders/Private/DiaphragmDOF/DOFDownsample.usf" 2740
"../../../Engine/Shaders/Private/DiaphragmDOF/DOFCocTileDilate.usf" 2741
"../../../Engine/Shaders/Private/DiaphragmDOF/DOFCocTileFlatten.usf" 2742
"../../../Engine/Shaders/Private/DiaphragmDOF/DOFSetup.usf" 2743
"../../../Engine/Shaders/Private/Tools/DebugAlphaChannel.usf" 2744
"../../../Engine/Shaders/Private/PostProcessAlphaInvert.usf" 2745
"../../../Engine/Shaders/Private/PlanarReflectionShaders.usf" 2746
"../../../Engine/Shaders/Private/PhysicsFieldVisualizer.usf" 2747
"../../../Engine/Shaders/Private/PathTracing/PathTracingSpatialTemporalDenoising.usf" 2748
"../../../Engine/Shaders/Private/ColorDifference.ush" 2749
"../../../Engine/Shaders/Private/PathTracing/PathTracingCompositingPixelShader.usf" 2750
"../../../Engine/Shaders/Private/PathTracing/PathTracingAdaptiveUtils.ush" 2751
"../../../Engine/Shaders/Private/PathTracing/PathTracingDefaultHitShader.usf" 2752
"../../../Engine/Shaders/Private/PathTracing/PathTracingGPULightmassMaterialHitShader.usf" 2753
"../../../Engine/Shaders/Private/PathTracing/PathTracingMaterialHitShader.usf" 2754
"../../../Engine/Shaders/Private/PathTracing/Material/PathTracingSubstrateCommon.ush" 2755
"../../../Engine/Shaders/Private/PathTracing/PathTracingLightingMissShader.usf" 2756
"../../../Engine/Shaders/Private/PathTracing/PathTracingMissShader.usf" 2757
"../../../Engine/Shaders/Private/PathTracing/PathTracingAdaptiveStart.usf" 2758
"../../../Engine/Shaders/Private/PathTracing/PathTracingBuildAdaptiveError.usf" 2759
"../../../Engine/Shaders/Private/PathTracing/PathTracingVolumetricCloudMaterialShader.usf" 2760
"../../../Engine/Shaders/Private/PathTracing/Volume/PathTracingCloudsMaterialCommon.ush" 2761
"../../../Engine/Shaders/Private/PathTracing/Volume/PathTracingVolumeCommon.ush" 2762
"../../../Engine/Shaders/Private/PathTracing/Volume/PathTracingCloudsCommon.ush" 2763
"../../../Engine/Shaders/Private/PathTracing/Volume/PathTracingFog.ush" 2764
"../../../Engine/Shaders/Private/PathTracing/Volume/PathTracingAtmosphere.ush" 2765
"../../../Engine/Shaders/Private/PathTracing/Volume/PathTracingAtmosphereCommon.ush" 2766
"../../../Engine/Shaders/Private/PathTracing/Volume/PathTracingVolumeSampling.ush" 2767
"../../../Engine/Shaders/Private/PathTracing/PathTracingBuildCloudAccelerationMap.usf" 2768
"../../../Engine/Shaders/Private/PathTracing/PathTracingBuildAtmosphereLUT.usf" 2769
"../../../Engine/Shaders/Private/PathTracing/PathTracingSwizzleScanlines.usf" 2770
"../../../Engine/Shaders/Private/PathTracing/PathTracingInitExtinctionCoefficient.usf" 2771
"../../../Engine/Shaders/Private/PathTracing/PathTracingCopyDepth.usf" 2772
"../../../Engine/Shaders/Private/PathTracing/PathTracingDebug.usf" 2773
"../../../Engine/Shaders/Private/RayTracing/RayTracingDecalGrid.ush" 2774
"../../../Engine/Shaders/Private/PathTracing/Material/PathTracingMaterialSampling.ush" 2775
"../../../Engine/Shaders/Private/PathTracing/Material/PathTracingLambert.ush" 2776
"../../../Engine/Shaders/Private/PathTracing/Material/PathTracingSubstrate.ush" 2777
"../../../Engine/Shaders/Private/PathTracing/Material/PathTracingSubstrateFoliage.ush" 2778
"../../../Engine/Shaders/Private/PathTracing/Material/PathTracingSubstrateSolidGlass.ush" 2779
"../../../Engine/Shaders/Private/PathTracing/Material/PathTracingSubstrateThinGlass.ush" 2780
"../../../Engine/Shaders/Private/PathTracing/Material/PathTracingSolidGlass.ush" 2781
"../../../Engine/Shaders/Private/PathTracing/Material/PathTracingEnergyConservation.ush" 2782
"../../../Engine/Shaders/Private/PathTracing/Material/PathTracingThinGlass.ush" 2783
"../../../Engine/Shaders/Private/PathTracing/Material/PathTracingDefaultLit.ush" 2784
"../../../Engine/Shaders/Private/PathTracing/Material/PathTracingClearCoat.ush" 2785
"../../../Engine/Shaders/Private/PathTracing/Material/PathTracingTwoSidedFoliage.ush" 2786
"../../../Engine/Shaders/Private/PathTracing/Material/PathTracingCloth.ush" 2787
"../../../Engine/Shaders/Private/PathTracing/Material/PathTracingSubsurfaceProfile.ush" 2788
"../../../Engine/Shaders/Private/PathTracing/Material/PathTracingEye.ush" 2789
"../../../Engine/Shaders/Private/PathTracing/Material/PathTracingHair.ush" 2790
"../../../Engine/Shaders/Private/PathTracing/Material/PathTracingMedium.ush" 2791
"../../../Engine/Shaders/Private/PathTracing/Light/PathTracingLightSampling.ush" 2792
"../../../Engine/Shaders/Private/PathTracing/Light/PathTracingLightCommon.ush" 2793
"../../../Engine/Shaders/Private/PathTracing/Light/PathTracingDirectionalLight.ush" 2794
"../../../Engine/Shaders/Private/PathTracing/Light/PathTracingPointLight.ush" 2795
"../../../Engine/Shaders/Private/PathTracing/Light/PathTracingCapsuleLight.ush" 2796
"../../../Engine/Shaders/Private/PathTracing/Light/PathTracingRectLight.ush" 2797
"../../../Engine/Shaders/Private/PathTracing/Light/PathTracingSkyLight.ush" 2798
"../../../Engine/Shaders/Private/PathTracing/Light/PathTracingLightGrid.ush" 2799
"../../../Engine/Shaders/Private/PathTracing/PathTracing.usf" 2800
"../../../Engine/Shaders/Private/PathTracing/PathTracingCore.ush" 2801
"../../../Engine/Shaders/Private/HeterogeneousVolumes/HeterogeneousVolumesVoxelGridTypes.ush" 2802
"../../../Engine/Shaders/Private/PathTracing/Volume/PathTracingVolume.ush" 2803
"../../../Engine/Shaders/Private/PathTracing/Volume/PathTracingClouds.ush" 2804
"../../../Engine/Shaders/Private/PathTracing/Volume/PathTracingHeterogeneousVolumes.ush" 2805
"../../../Engine/Shaders/Private/HeterogeneousVolumes/HeterogeneousVolumesVoxelGridTraversal.ush" 2806
"../../../Engine/Shaders/Private/HeterogeneousVolumes/HeterogeneousVolumesVoxelGridUtils.ush" 2807
"../../../Engine/Shaders/Private/HeterogeneousVolumes/HeterogeneousVolumesFrustumVoxelGridUtils.ush" 2808
"../../../Engine/Shaders/Private/PathTracing/PathTracingBuildLightGrid.usf" 2809
"../../../Engine/Shaders/Private/PathTracing/PathTracingSkylightMISCompensation.usf" 2810
"../../../Engine/Shaders/Private/PathTracing/PathTracingSkylightPrepare.usf" 2811
"../../../Engine/Shaders/Private/OIT/OITSorting.usf" 2812
"../../../Engine/Shaders/Private/OITCombine.usf" 2813
"../../../Engine/Shaders/Private/OITCommon.ush" 2814
"../../../Engine/Shaders/Private/Nanite/Voxel/RasterizeBricks.usf" 2815
"../../../Engine/Shaders/Private/Nanite/Voxel/Brick.ush" 2816
"../../../Engine/Shaders/Private/Nanite/Voxel/Voxel.ush" 2817
"../../../Engine/Shaders/Private/Nanite/Voxel/ScatterBricks.usf" 2818
"../../../Engine/Shaders/Private/Nanite/Voxel/TileBricks.usf" 2819
"../../../Engine/Shaders/Private/Nanite/Voxel/AutoVoxel.usf" 2820
"../../../Engine/Shaders/Private/Nanite/NaniteDebugViews.usf" 2821
"../../../Engine/Shaders/Private/Nanite/NaniteEditorCommon.ush" 2822
"../../../Engine/Shaders/Private/BinarySearch.ush" 2823
"../../../Engine/Shaders/Private/Nanite/NaniteDepthDecode.usf" 2824
"../../../Engine/Shaders/Private/HTileEncoding.ush" 2825
"../../../Engine/Shaders/Private/Nanite/NaniteVisualize.usf" 2826
"../../../Engine/Shaders/Private/Nanite/NaniteStreamOut.usf" 2827
"../../../Engine/Shaders/Private/Nanite/NaniteHierarchyTraversal.ush" 2828
"../../../Engine/Shaders/Private/Nanite/NaniteSkinningUpdateViewData.usf" 2829
"../../../Engine/Shaders/Private/Skinning/TransformProviders.usf" 2830
"../../../Engine/Shaders/Private/Nanite/NaniteShadeBinning.usf" 2831
"../../../Engine/Shaders/Private/Nanite/NaniteShadeCommon.ush" 2832
"../../../Engine/Shaders/Private/Nanite/NaniteFastClear.usf" 2833
"../../../Engine/Shaders/Private/Nanite/NaniteExportGBuffer.usf" 2834
"../../../Engine/Shaders/Private/Nanite/NaniteClusterCulling.usf" 2835
"../../../Engine/Shaders/Private/Nanite/NanitePrintStats.usf" 2836
"../../../Engine/Shaders/Private/Nanite/NaniteRasterizer.usf" 2837
"../../../Engine/Shaders/Private/Nanite/NaniteRasterizationCommon.ush" 2838
"../../../Engine/Shaders/Private/Nanite/NaniteRasterizer.ush" 2839
"../../../Engine/Shaders/Private/Nanite/NaniteWritePixel.ush" 2840
"../../../Engine/Shaders/Private/Nanite/NaniteTessellation.ush" 2841
"../../../Engine/Shaders/Private/WorkDistribution.ush" 2842
"../../../Engine/Shaders/Private/Nanite/NaniteDice.ush" 2843
"../../../Engine/Shaders/Private/ShaderBundleWorkGraphCommon.ush" 2844
"../../../Engine/Shaders/Public/RootConstants.ush" 2845
"../../../Engine/Shaders/Public/Platform/D3D/D3DRootConstants.ush" 2846
"../../../Engine/Shaders/Private/Nanite/NaniteSplit.usf" 2847
"../../../Engine/Shaders/Private/Nanite/NaniteRasterBinning.usf" 2848
"../../../Engine/Shaders/Private/Nanite/NaniteInstanceCulling.usf" 2849
"../../../Engine/Shaders/Private/Nanite/NaniteImposter.ush" 2850
"../../../Engine/Shaders/Private/Nanite/NaniteInstanceHierarchyCulling.usf" 2851
"../../../Engine/Shaders/Private/WorkGroupLoadBalancer.ush" 2852
"../../../Engine/Shaders/Private/Nanite/NanitePrimitiveFilter.usf" 2853
"../../../Engine/Shaders/Private/Nanite/NaniteRasterClear.usf" 2854
"../../../Engine/Shaders/Private/Nanite/NaniteDepthExport.usf" 2855
"../../../Engine/Shaders/Private/Nanite/NaniteEmitShadow.usf" 2856
"../../../Engine/Shaders/Private/MobileDeferredUtils.usf" 2857
"../../../Engine/Shaders/Private/MobileLocalLightsBuffer.usf" 2858
"../../../Engine/Shaders/Private/MobileFog.usf" 2859
"../../../Engine/Shaders/Private/DistortApplyScreenPS.usf" 2860
"../../../Engine/Shaders/Private/MobileDeferredShading.usf" 2861
"../../../Engine/Shaders/Private/MobileBasePassPixelShader.usf" 2862
"../../../Engine/Shaders/Private/MobileBasePassCommon.ush" 2863
"../../../Engine/Shaders/Private/BasePassCommon.ush" 2864
"../../../Engine/Shaders/Private/ShadingModelsMaterial.ush" 2865
"../../../Engine/Shaders/Private/ThinTranslucentCommon.ush" 2866
"../../../Engine/Shaders/Private/SingleLayerWaterShading.ush" 2867
"../../../Engine/Shaders/Private/DistortionCommon.ush" 2868
"../../../Engine/Shaders/Private/Substrate/SubstrateMobileForwardLighting.ush" 2869
"../../../Engine/Shaders/Private/MobileBasePassVertexShader.usf" 2870
"../../../Engine/Shaders/Private/MeshEdges.usf" 2871
"../../../Engine/Shaders/Private/MegaLights/MegaLightsVSMTracing.usf" 2872
"../../../Engine/Shaders/Private/MegaLights/MegaLights.ush" 2873
"../../../Engine/Shaders/Shared/MegaLightsDefinitions.h" 2874
"../../../Engine/Shaders/Private/HairStrands/HairStrandsVisibilityUtils.ush" 2875
"../../../Engine/Shaders/Private/MegaLights/MegaLightsRayTracing.ush" 2876
"../../../Engine/Shaders/Private/MegaLights/MegaLightsRayTracing.usf" 2877
"../../../Engine/Shaders/Private/DistanceField/GlobalDistanceFieldUtils.ush" 2878
"../../../Engine/Shaders/Private/Lumen/LumenScreenTracing.ush" 2879
"../../../Engine/Shaders/Private/MegaLights/MegaLightsVolumeRayTracing.usf" 2880
"../../../Engine/Shaders/Private/MegaLights/MegaLightsVolume.ush" 2881
"../../../Engine/Shaders/Private/MegaLights/MegaLightsVolumeHardwareRayTracing.usf" 2882
"../../../Engine/Shaders/Private/Lumen/LumenHardwareRayTracingCommon.ush" 2883
"../../../Engine/Shaders/Private/RayTracing/RayTracingReflectionEnvironment.ush" 2884
"../../../Engine/Shaders/Private/Lumen/LumenHardwareRayTracingPlatformCommon.ush" 2885
"../../../Engine/Shaders/Private/Lumen/LumenReflectionsCombine.ush" 2886
"../../../Engine/Shaders/Private/Lumen/LumenTracingCommon.ush" 2887
"../../../Engine/Shaders/Private/Lumen/SurfaceCache/LumenSurfaceCacheSampling.ush" 2888
"../../../Engine/Shaders/Private/Lumen/SurfaceCache/LumenSurfaceCache.ush" 2889
"../../../Engine/Shaders/Private/Lumen/LumenCardCommon.ush" 2890
"../../../Engine/Shaders/Private/Lumen/LumenCardTileShadowDownsampleFactor.ush" 2891
"../../../Engine/Shaders/Private/MegaLights/MegaLightsHardwareRayTracing.usf" 2892
"../../../Engine/Shaders/Private/MegaLights/MegaLights.usf" 2893
"../../../Engine/Shaders/Private/MegaLights/MegaLightsShading.ush" 2894
"../../../Engine/Shaders/Private/MegaLights/MegaLightsFilterVisibleLightHash.usf" 2895
"../../../Engine/Shaders/Private/MegaLights/MegaLightsDenoiserSpatial.usf" 2896
"../../../Engine/Shaders/Private/Lumen/LumenReflectionDenoiserCommon.ush" 2897
"../../../Engine/Shaders/Private/MegaLights/MegaLightsDenoiserTemporal.usf" 2898
"../../../Engine/Shaders/Private/MegaLights/MegaLightsShading.usf" 2899
"../../../Engine/Shaders/Private/StochasticLighting/StochasticLightingUpsample.ush" 2900
"../../../Engine/Shaders/Private/MegaLights/MegaLightsVisibleLightHash.usf" 2901
"../../../Engine/Shaders/Private/MegaLights/MegaLightsVolumeShading.usf" 2902
"../../../Engine/Shaders/Private/MegaLights/MegaLightsSampling.usf" 2903
"../../../Engine/Shaders/Private/MegaLights/MegaLightsSampling.ush" 2904
"../../../Engine/Shaders/Private/MegaLights/MegaLightsVolumeSampling.usf" 2905
"../../../Engine/Shaders/Private/MaterialCache/MaterialCacheABufferPages.usf" 2906
"../../../Engine/Shaders/Private/MaterialCache/MaterialCacheShade.usf" 2907
"../../../Engine/Shaders/Private/MaterialCache/MaterialCacheUnwrapNaniteShade.usf" 2908
"../../../Engine/Shaders/Private/MaterialCache/MaterialCacheUnwrapPixelShader.usf" 2909
"../../../Engine/Shaders/Private/MaterialCache/MaterialCacheUnwrapVertexShader.usf" 2910
"../../../Engine/Shaders/Private/Lumen/LumenVisualizeRadianceCache.usf" 2911
"../../../Engine/Shaders/Private/Lumen/LumenRadianceCacheCommon.ush" 2912
"../../../Engine/Shaders/Private/Lumen/LumenVisualizeHardwareRayTracing.usf" 2913
"../../../Engine/Shaders/Private/Lumen/LumenVisualize.ush" 2914
"../../../Engine/Shaders/Private/Lumen/LumenHairTracing.ush" 2915
"../../../Engine/Shaders/Private/Lumen/LumenVisualize.usf" 2916
"../../../Engine/Shaders/Private/Lumen/LumenSoftwareRayTracing.ush" 2917
"../../../Engine/Shaders/Private/DistanceField/GlobalDistanceFieldObjectGrid.ush" 2918
"../../../Engine/Shaders/Private/DistanceFieldLightingShared.ush" 2919
"../../../Engine/Shaders/Private/Lumen/LumenVisualizeTraces.ush" 2920
"../../../Engine/Shaders/Private/Lumen/LumenTranslucencyVolumeLighting.usf" 2921
"../../../Engine/Shaders/Private/Lumen/LumenRadianceCacheMarkCommon.ush" 2922
"../../../Engine/Shaders/Private/Lumen/LumenTranslucencyVolumeLightingShared.ush" 2923
"../../../Engine/Shaders/Private/Lumen/LumenScreenProbeCommon.ush" 2924
"../../../Engine/Shaders/Private/RayTracing/RayGenUtils.ush" 2925
"../../../Engine/Shaders/Private/Lumen/LumenRadianceCacheTracingCommon.ush" 2926
"../../../Engine/Shaders/Private/Lumen/LumenTranslucencyVolumeHardwareRayTracing.usf" 2927
"../../../Engine/Shaders/Private/Lumen/LumenTranslucencyRadianceCacheMarkShaders.usf" 2928
"../../../Engine/Shaders/Private/Lumen/SurfaceCache/LumenSurfaceCache.usf" 2929
"../../../Engine/Shaders/Private/Lumen/LumenShortRangeAOHardwareRayTracing.usf" 2930
"../../../Engine/Shaders/Private/Lumen/LumenScreenSpaceBentNormal.ush" 2931
"../../../Engine/Shaders/Private/Lumen/LumenScreenSpaceBentNormal.usf" 2932
"../../../Engine/Shaders/Private/Lumen/LumenScreenProbeTracing.usf" 2933
"../../../Engine/Shaders/Private/Lumen/LumenScreenProbeTracingCommon.ush" 2934
"../../../Engine/Shaders/Private/Lumen/LumenFloatQuantization.ush" 2935
"../../../Engine/Shaders/Private/Lumen/LumenScreenProbeImportanceSampling.usf" 2936
"../../../Engine/Shaders/Private/Lumen/LumenScreenProbeImportanceSamplingShared.ush" 2937
"../../../Engine/Shaders/Private/Lumen/LumenScreenProbeHardwareRayTracing.usf" 2938
"../../../Engine/Shaders/Private/Lumen/LumenScreenProbeDebug.usf" 2939
"../../../Engine/Shaders/Private/Lumen/LumenScreenProbeGather.usf" 2940
"../../../Engine/Shaders/Private/Lumen/LumenScreenProbeGatherTemporal.usf" 2941
"../../../Engine/Shaders/Private/Lumen/LumenScreenProbeFiltering.usf" 2942
"../../../Engine/Shaders/Private/Lumen/LumenSceneLighting.usf" 2943
"../../../Engine/Shaders/Private/Lumen/LumenCardTile.ush" 2944
"../../../Engine/Shaders/Private/Lumen/LumenSceneLighting.ush" 2945
"../../../Engine/Shaders/Private/Lumen/Radiosity/LumenRadiosity.ush" 2946
"../../../Engine/Shaders/Private/Lumen/LumenSceneLightingDebug.usf" 2947
"../../../Engine/Shaders/Private/Lumen/LumenScene.usf" 2948
"../../../Engine/Shaders/Private/Lumen/LumenSceneDirectLightingHardwareRayTracing.usf" 2949
"../../../Engine/Shaders/Private/Lumen/LumenSceneDirectLightingStochastic.ush" 2950
"../../../Engine/Shaders/Private/Lumen/LumenReflectionCommon.ush" 2951
"../../../Engine/Shaders/Private/Lumen/LumenSceneDirectLighting.ush" 2952
"../../../Engine/Shaders/Private/Lumen/LumenSceneDebugHardwareRayTracing.usf" 2953
"../../../Engine/Shaders/Private/Lumen/LumenSceneDirectLightingStochastic.usf" 2954
"../../../Engine/Shaders/Private/Lumen/LumenSceneDirectLightingSoftwareRayTracing.usf" 2955
"../../../Engine/Shaders/Private/DistanceFieldShadowingShared.ush" 2956
"../../../Engine/Shaders/Private/Lumen/LumenSceneDirectLightingPerLightShadowCommon.ush" 2957
"../../../Engine/Shaders/Private/Lumen/LumenSceneDirectLightingShadowMask.usf" 2958
"../../../Engine/Shaders/Private/Lumen/LumenSceneDirectLighting.usf" 2959
"../../../Engine/Shaders/Private/Lumen/LumenSceneDirectLightingCulling.usf" 2960
"../../../Engine/Shaders/Private/Lumen/LumenCardComputeShader.usf" 2961
"../../../Engine/Shaders/Private/Lumen/LumenCardBasePass.ush" 2962
"../../../Engine/Shaders/Private/Lumen/LumenCardPixelShader.usf" 2963
"../../../Engine/Shaders/Private/Lumen/LumenCardVertexShader.usf" 2964
"../../../Engine/Shaders/Private/Lumen/LumenReSTIRGather.usf" 2965
"../../../Engine/Shaders/Private/Lumen/LumenReflectionTracing.usf" 2966
"../../../Engine/Shaders/Private/Lumen/LumenReflectionDenoiserSpatial.usf" 2967
"../../../Engine/Shaders/Private/Lumen/LumenReflectionDenoiserClear.usf" 2968
"../../../Engine/Shaders/Private/Lumen/LumenReflectionDenoiserTemporal.usf" 2969
"../../../Engine/Shaders/Private/Lumen/LumenReflectionResolve.usf" 2970
"../../../Engine/Shaders/Private/Lumen/LumenReflections.usf" 2971
"../../../Engine/Shaders/Private/Lumen/RayTracedTranslucency.usf" 2972
"../../../Engine/Shaders/Private/Lumen/LumenReflectionHardwareRayTracing.usf" 2973
"../../../Engine/Shaders/Private/Lumen/Radiosity/LumenVisualizeRadiosityProbes.usf" 2974
"../../../Engine/Shaders/Private/Lumen/Radiosity/LumenRadiosity.usf" 2975
"../../../Engine/Shaders/Private/Lumen/Radiosity/LumenRadiosityHardwareRayTracing.usf" 2976
"../../../Engine/Shaders/Private/Lumen/Radiosity/LumenRadiosityCulling.usf" 2977
"../../../Engine/Shaders/Private/Lumen/LumenRadianceCacheHardwareRayTracing.usf" 2978
"../../../Engine/Shaders/Private/Lumen/LumenRadianceCache.usf" 2979
"../../../Engine/Shaders/Private/Lumen/LumenRadianceCacheUpdate.ush" 2980
"../../../Engine/Shaders/Private/Lumen/LumenRadianceCacheDebug.usf" 2981
"../../../Engine/Shaders/Private/Lumen/LumenRadianceCacheUpdate.usf" 2982
"../../../Engine/Shaders/Private/Lumen/LumenMeshSDFCulling.usf" 2983
"../../../Engine/Shaders/Private/HybridIndirectLighting.ush" 2984
"../../../Engine/Shaders/Private/MeshDistanceFieldCommon.ush" 2985
"../../../Engine/Shaders/Private/Lumen/LumenIrradianceFieldGather.usf" 2986
"../../../Engine/Shaders/Private/Lumen/LumenHardwareRayTracingMaterials.usf" 2987
"../../../Engine/Shaders/Private/Lumen/LumenFrontLayerTranslucency.usf" 2988
"../../../Engine/Shaders/Private/LocalFogVolumes/LocalFogVolumeSplat.usf" 2989
"../../../Engine/Shaders/Private/LocalFogVolumes/LocalFogVolumeTiledCulling.usf" 2990
"../../../Engine/Shaders/Private/LightShaftShader.usf" 2991
"../../../Engine/Shaders/Private/StationaryLightOverlapShaders.usf" 2992
"../../../Engine/Shaders/Private/DeferredLightPixelShaders.usf" 2993
"../../../Engine/Shaders/Private/DeferredLightVertexShaders.usf" 2994
"../../../Engine/Shaders/Private/LightMapDensityShader.usf" 2995
"../../../Engine/Shaders/Private/LightGridInjection.usf" 2996
"../../../Engine/Shaders/Shared/LightGridDefinitions.h" 2997
"../../../Engine/Shaders/Private/LightFunctionPixelShader.usf" 2998
"../../../Engine/Shaders/Private/LightFunctionVertexShader.usf" 2999
"../../../Engine/Shaders/Private/LightFunctionAtlas/LightFunctionAtlasRender.usf" 3000
"../../../Engine/Shaders/Private/InstanceCulling/InstanceCullingOcclusionQuery.usf" 3001
"../../../Engine/Shaders/Private/InstanceCulling/InstanceCullingSetup.ush" 3002
"../../../Engine/Shaders/Private/InstanceCulling/BuildInstanceDrawCommands.usf" 3003
"../../../Engine/Shaders/Private/InstanceCulling/InstanceCompactionCommon.ush" 3004
"../../../Engine/Shaders/Private/SceneDataMobileWriter.ush" 3005
"../../../Engine/Shaders/Private/InstanceCulling/CompactVisibleInstances.usf" 3006
"../../../Engine/Shaders/Private/ReflectionEnvironmentPixelShader.usf" 3007
"../../../Engine/Shaders/Private/AmbientCubemapComposite.usf" 3008
"../../../Engine/Shaders/Private/DiffuseIndirectComposite.usf" 3009
"../../../Engine/Shaders/Private/IESAtlas.usf" 3010
"../../../Engine/Shaders/Private/HeterogeneousVolumes/HeterogeneousVolumesVoxelGridShadows.usf" 3011
"../../../Engine/Shaders/Private/HeterogeneousVolumes/HeterogeneousVolumesStochasticFiltering.ush" 3012
"../../../Engine/Shaders/Private/HeterogeneousVolumes/HeterogeneousVolumesVoxelGridRenderingUtils.ush" 3013
"../../../Engine/Shaders/Private/HeterogeneousVolumes/HeterogeneousVolumesLightingUtils.ush" 3014
"../../../Engine/Shaders/Private/HeterogeneousVolumes/HeterogeneousVolumesVoxelGridRendering.usf" 3015
"../../../Engine/Shaders/Private/HeterogeneousVolumes/HeterogeneousVolumesVoxelGridPipeline.usf" 3016
"../../../Engine/Shaders/Private/HeterogeneousVolumes/HeterogeneousVolumesMaterialBakingPipeline.usf" 3017
"../../../Engine/Shaders/Private/HeterogeneousVolumes/HeterogeneousVolumesLiveShadingUtils.ush" 3018
"../../../Engine/Shaders/Private/HeterogeneousVolumes/HeterogeneousVolumesFrustumVoxelGrid.usf" 3019
"../../../Engine/Shaders/Private/HeterogeneousVolumes/HeterogeneousVolumesSparseVoxelPipeline.usf" 3020
"../../../Engine/Shaders/Private/HeterogeneousVolumes/HeterogeneousVolumesSparseVoxelUtils.ush" 3021
"../../../Engine/Shaders/Private/HeterogeneousVolumes/HeterogeneousVolumesSparseVoxelUniformBufferUtils.ush" 3022
"../../../Engine/Shaders/Private/HeterogeneousVolumes/HeterogeneousVolumesPreshadingPipeline.usf" 3023
"../../../Engine/Shaders/Private/HeterogeneousVolumes/HeterogeneousVolumesLiveShadingShadows.usf" 3024
"../../../Engine/Shaders/Private/HeterogeneousVolumes/HeterogeneousVolumesLiveShadingGlobalPipeline.usf" 3025
"../../../Engine/Shaders/Private/HeterogeneousVolumes/HeterogeneousVolumesLiveShadingPipeline.usf" 3026
"../../../Engine/Shaders/Private/HeterogeneousVolumes/HeterogeneousVolumesHardwareRayTracing.usf" 3027
"../../../Engine/Shaders/Private/HeterogeneousVolumes/HeterogeneousVolumesAmbientOcclusionPipeline.usf" 3028
"../../../Engine/Shaders/Private/HeterogeneousVolumes/HeterogeneousVolumesComposite.usf" 3029
"../../../Engine/Shaders/Private/HdrCustomResolveShaders.usf" 3030
"../../../Engine/Shaders/Private/HairStrands/RenderCurveRaster.usf" 3031
"../../../Engine/Shaders/Private/HairStrands/HairStrandsVoxelRasterCompute.usf" 3032
"../../../Engine/Shaders/Private/HairStrands/HairStrandsHitProxy.usf" 3033
"../../../Engine/Shaders/Private/HairStrands/HairStrandsVisibilityRasterComputeNaive.usf" 3034
"../../../Engine/Shaders/Private/HairStrands/HairStrandsVisibilityRasterHW.usf" 3035
"../../../Engine/Shaders/Private/HairStrands/HairStrandsVisibilityRasterCompute.usf" 3036
"../../../Engine/Shaders/Private/HairStrands/HairStrandsVisibilityRasterClassification.usf" 3037
"../../../Engine/Shaders/Private/HairStrands/HairStrandsCoverage.usf" 3038
"../../../Engine/Shaders/Private/HairStrands/HairStrandsVisibilityDepthPS.usf" 3039
"../../../Engine/Shaders/Private/HairStrands/HairStrandsVisibilityTransmittanceDepthPS.usf" 3040
"../../../Engine/Shaders/Private/HairStrands/HairStrandsVisibilityFillOpaqueDepthPS.usf" 3041
"../../../Engine/Shaders/Private/HairStrands/HairStrandsVisibilityCompactionComputeRaster.usf" 3042
"../../../Engine/Shaders/Private/HairStrands/HairStrandsVisibilityCompaction.usf" 3043
"../../../Engine/Shaders/Private/HairStrands/HairStrandsVisibilityCopyIndirectArg.usf" 3044
"../../../Engine/Shaders/Private/HairStrands/HairStrandsVisibilityClearPS.usf" 3045
"../../../Engine/Shaders/Private/HairStrands/HairStrandsVisibilityPS.usf" 3046
"../../../Engine/Shaders/Private/HairStrands/HairStrandsVisibilityVS.usf" 3047
"../../../Engine/Shaders/Private/HairStrands/HairStrandsVelocity.usf" 3048
"../../../Engine/Shaders/Private/HairStrands/HairStrandsVisibilityComputeSampleCoverage.usf" 3049
"../../../Engine/Shaders/Private/HairStrands/HairStrandsMaterialPS.usf" 3050
"../../../Engine/Shaders/Private/HairStrands/HairStrandsMaterialCommon.ush" 3051
"../../../Engine/Shaders/Private/HairStrands/HairStrandsMaterialVS.usf" 3052
"../../../Engine/Shaders/Private/HairStrands/HairStrandsLightSample.usf" 3053
"../../../Engine/Shaders/Private/HairStrands/HairStrandsDeepShadowMask.usf" 3054
"../../../Engine/Shaders/Private/HairStrands/HairStrandsDeepTransmittanceMask.usf" 3055
"../../../Engine/Shaders/Private/HairStrands/HairStrandsVisibilityTile.usf" 3056
"../../../Engine/Shaders/Private/HairStrands/HairStrandsDeepShadowPS.usf" 3057
"../../../Engine/Shaders/Private/HairStrands/HairStrandsDeepShadowVS.usf" 3058
"../../../Engine/Shaders/Private/HairStrands/HairStrandsAABB.usf" 3059
"../../../Engine/Shaders/Private/HairStrands/HairStrandsLUT.usf" 3060
"../../../Engine/Shaders/Private/HairStrands/HairStrandsForwardRaster.usf" 3061
"../../../Engine/Shaders/Private/HairStrands/HairStrandsForwardCulling.usf" 3062
"../../../Engine/Shaders/Private/HairStrands/HairStrandsEnvironmentLighting.usf" 3063
"../../../Engine/Shaders/Private/HairStrands/HairStrandsEnvironmentAO.usf" 3064
"../../../Engine/Shaders/Private/HairStrands/HairStrandsDeepShadowAllocation.usf" 3065
"../../../Engine/Shaders/Private/HairStrands/HairStrandsVoxelDebug.usf" 3066
"../../../Engine/Shaders/Private/HairStrands/HairStrandsComposition.usf" 3067
"../../../Engine/Shaders/Private/HairStrands/HairStrandsGBufferCommon.ush" 3068
"../../../Engine/Shaders/Private/GPUScene/GPUSceneDataManagement.usf" 3069
"../../../Engine/Shaders/Private/GPUSceneDebugRender.usf" 3070
"../../../Engine/Shaders/Private/GPUFeedbackCompaction.usf" 3071
"../../../Engine/Shaders/Private/GPUFastFourierTransform.usf" 3072
"../../../Engine/Shaders/Private/GPUFastFourierTransform2DCore.ush" 3073
"../../../Engine/Shaders/Private/GPUFastFourierTransformCore.ush" 3074
"../../../Engine/Shaders/Private/GPUBenchmark.usf" 3075
"../../../Engine/Shaders/Private/DistanceField/GlobalDistanceFieldDebug.usf" 3076
"../../../Engine/Shaders/Private/DistanceField/GlobalDistanceFieldUpdate.ush" 3077
"../../../Engine/Shaders/Private/DistanceField/GlobalDistanceFieldMip.usf" 3078
"../../../Engine/Shaders/Private/DistanceField/GlobalDistanceField.usf" 3079
"../../../Engine/Shaders/Private/DistanceField/GlobalDistanceFieldCompositeObjects.usf" 3080
"../../../Engine/Shaders/Private/DistanceField/GlobalDistanceFieldHeightfields.usf" 3081
"../../../Engine/Shaders/Private/HeightfieldLightingShared.ush" 3082
"../../../Engine/Shaders/Private/GenerateConservativeDepth.usf" 3083
"../../../Engine/Shaders/Private/HeightFogPixelShader.usf" 3084
"../../../Engine/Shaders/Private/HeightFogVertexShader.usf" 3085
"../../../Engine/Shaders/Private/DistortFiltering.usf" 3086
"../../../Engine/Shaders/Private/DistortAccumulatePS.usf" 3087
"../../../Engine/Shaders/Private/DistortAccumulateVS.usf" 3088
"../../../Engine/Shaders/Private/DistanceFieldVisualization.usf" 3089
"../../../Engine/Shaders/Private/DistanceFieldStreaming.usf" 3090
"../../../Engine/Shaders/Private/DistanceFieldShadowing.usf" 3091
"../../../Engine/Shaders/Private/DistanceFieldScreenGridLighting.usf" 3092
"../../../Engine/Shaders/Private/DistanceFieldObjectCulling.usf" 3093
"../../../Engine/Shaders/Private/DistanceFieldLightingPost.usf" 3094
"../../../Engine/Shaders/Private/DitheredTransitionStencil.usf" 3095
"../../../Engine/Shaders/Private/CopyDepthTexture.usf" 3096
"../../../Engine/Shaders/Private/CopyDepthTextureCS.usf" 3097
"../../../Engine/Shaders/Private/DeferredDecal.usf" 3098
"../../../Engine/Shaders/Private/DecalCommon.ush" 3099
"../../../Engine/Shaders/Private/DebugViewModeVertexShader.usf" 3100
"../../../Engine/Shaders/Private/DebugViewModeCommon.ush" 3101
"../../../Engine/Shaders/Private/DebugViewModePixelShader.usf" 3102
"../../../Engine/Shaders/Private/DebugProbes.usf" 3103
"../../../Engine/Shaders/Private/MeshDecals.usf" 3104
"../../../Engine/Shaders/Private/PostProcessAmbientOcclusion.usf" 3105
"../../../Engine/Shaders/Private/ClusteredDeferredShadingPixelShader.usf" 3106
"../../../Engine/Shaders/Private/ClusteredDeferredShadingVertexShader.usf" 3107
"../../../Engine/Shaders/Private/CapsuleShadowShaders.usf" 3108
"../../../Engine/Shaders/Private/BasePassPixelShader.usf" 3109
"../../../Engine/Shaders/Private/ForwardLightingCommon.ush" 3110
"../../../Engine/Shaders/Private/Substrate/SubstrateForwardLighting.ush" 3111
"../../../Engine/Shaders/Private/ComputeShaderOutputCommon.ush" 3112
"../../../Engine/Shaders/Private/BasePassVertexShader.usf" 3113
"../../../Engine/Shaders/Private/BasePassVertexCommon.ush" 3114
"../../../Engine/Shaders/Private/SimpleElementVolumeTexturePreviewPixelShader.usf" 3115
"../../../Engine/Shaders/Private/SimpleElementTexture2DPreviewPixelShader.usf" 3116
"../../../Engine/Shaders/Private/meshpaintdilatepixelshader.usf" 3117
"../../../Engine/Shaders/Private/meshpaintdilatevertexshader.usf" 3118
"../../../Engine/Shaders/Private/MeshPaintPixelShader.usf" 3119
"../../../Engine/Shaders/Private/MeshPaintVertexShader.usf" 3120
"../../../Engine/Shaders/Private/SlateElementPixelShader.usf" 3121
"../../../Engine/Shaders/Private/SlateShaderCommon.ush" 3122
"../../../Engine/Shaders/Private/SlateMaskingShader.usf" 3123
"../../../Engine/Shaders/Private/SlateVertexShader.usf" 3124
"../../../Engine/Shaders/Private/CompositeUIPixelShader.usf" 3125
"../../../Engine/Shaders/Private/ColorDeficiency.ush" 3126
"../../../Engine/Shaders/Private/SlatePostProcessColorDeficiencyPixelShader.usf" 3127
"../../../Engine/Shaders/Private/SlatePostProcessPixelShader.usf" 3128
"../../../Engine/Shaders/Private/Tools/VisualizeTexture.usf" 3129
"../../../Engine/Shaders/Private/UpdateDescriptorHandle.usf" 3130
"../../../Engine/Shaders/Private/ByteBuffer.usf" 3131
"../../../Engine/Shaders/Private/ShaderBundleWorkGraphDispatch.usf" 3132
"../../../Engine/Shaders/Private/ShaderBundleDispatch.usf" 3133
"../../../Engine/Shaders/Private/ResolveVertexShader.usf" 3134
"../../../Engine/Shaders/Private/ResolvePixelShader.usf" 3135
"../../../Engine/Shaders/Private/Tools/SetupIndirectArgs.usf" 3136
"../../../Engine/Shaders/Private/ClearReplacementShaders.usf" 3137
"../../../Engine/Shaders/Private/Tools/DrawTexture.usf" 3138
"../../../Engine/Shaders/Private/RayTracing/RayTracingValidation.usf" 3139
"../../../Engine/Shaders/Private/RenderGraphUtilities.usf" 3140
"../../../Engine/Shaders/Private/OneColorShader.usf" 3141
"../../../Engine/Shaders/Private/OculusShaders.usf" 3142
"../../../Engine/Shaders/Private/MediaShaders.usf" 3143
"../../../Engine/Shaders/Private/GPUMessaging.usf" 3144
"../../../Engine/Shaders/Private/Tools/GPUDebugCrashUtils.usf" 3145
"../../../Engine/Shaders/Private/NullPixelShader.usf" 3146
"../../../Engine/Shaders/Private/ComputeGenerateMips.usf" 3147
"../../../Engine/Shaders/Private/Tools/DumpTexture.usf" 3148
"../../../Engine/Shaders/Private/CopyTextureShaders.usf" 3149
"../../../Engine/Shaders/Private/Tools/FullscreenVertexShader.usf" 3150
"../../../Engine/Shaders/Private/RayTracing/RayTracingDispatchDesc.usf" 3151
"../../../Engine/Shaders/Private/Bink.usf" 3152
"../../../Engine/Shaders/Private/VelocityShader.usf" 3153
"../../../Engine/Shaders/Private/DepthOnlyPixelShader.usf" 3154
"../../../Engine/Shaders/Private/PositionOnlyDepthVertexShader.usf" 3155
"../../../Engine/Shaders/Private/DepthOnlyVertexShader.usf" 3156
"../../../Engine/Shaders/Private/AnisotropyPassShader.usf" 3157
"E:/Unreal Projects/NoNeedToBrain/Content/UI/Widget_PlayMenu.uasset" 3158
"E:/Unreal Projects/NoNeedToBrain/Content/Maps/MainMenu.umap" 3159
"E:/Unreal Projects/NoNeedToBrain/Content/UI/Widget_MainMenu.uasset" 3160
"/Engine/EngineResources/WhiteSquareTexture" 3161
"../../../Engine/Content/EngineResources/WhiteSquareTexture.uasset" 3162
"/Engine/EngineResources/GradientTexture0" 3163
"../../../Engine/Content/EngineResources/GradientTexture0.uasset" 3164
"/Engine/EngineResources/Black" 3165
"../../../Engine/Content/EngineResources/Black.uasset" 3166
"/Engine/EditorResources/S_Actor" 3167
"../../../Engine/Content/EditorResources/S_Actor.uasset" 3168
"/Engine/EngineFonts/RobotoDistanceField" 3169
"../../../Engine/Content/EngineFonts/RobotoDistanceField.uasset" 3170
"/Engine/EngineMaterials/DefaultTextMaterialOpaque" 3171
"../../../Engine/Content/EngineMaterials/DefaultTextMaterialOpaque.uasset" 3172
"/Engine/Functions/Engine_MaterialFunctions01/Shading/PowerToRoughness" 3173
"../../../Engine/Content/Functions/Engine_MaterialFunctions01/Shading/PowerToRoughness.uasset" 3174
"/Engine/Functions/Engine_MaterialFunctions01/Shading/ConvertFromDiffSpec" 3175
"../../../Engine/Content/Functions/Engine_MaterialFunctions01/Shading/ConvertFromDiffSpec.uasset" 3176
"/Engine/EngineMaterials/WorldGridMaterial" 3177
"../../../Engine/Content/EngineMaterials/WorldGridMaterial.uasset" 3178
"../../../Engine/Content/Functions/Engine_MaterialFunctions01/Opacity/CameraDepthFade.uasset" 3179
"../../../Engine/Content/EngineMaterials/T_Default_Material_Grid_M.uasset" 3180
"../../../Engine/Content/EngineMaterials/T_Default_Material_Grid_N.uasset" 3181
"/Engine/EngineMaterials/DefaultDeferredDecalMaterial" 3182
"../../../Engine/Content/EngineMaterials/DefaultDeferredDecalMaterial.uasset" 3183
"../../../Engine/Content/EngineMaterials/DefaultDiffuse.uasset" 3184
"/Engine/EngineMaterials/DefaultLightFunctionMaterial" 3185
"../../../Engine/Content/EngineMaterials/DefaultLightFunctionMaterial.uasset" 3186
"/Engine/EngineMaterials/DefaultPostProcessMaterial" 3187
"../../../Engine/Content/EngineMaterials/DefaultPostProcessMaterial.uasset" 3188
"../../../Engine/Content/Functions/Engine_MaterialFunctions02/Utility/BreakOutFloat2Components.uasset" 3189
"/Engine/EditorResources/S_Trigger" 3190
"../../../Engine/Content/EditorResources/S_Trigger.uasset" 3191
"/Engine/EditorResources/S_BoxReflectionCapture" 3192
"../../../Engine/Content/EditorResources/S_BoxReflectionCapture.uasset" 3193
"/Engine/EngineResources/DefaultTexture" 3194
"../../../Engine/Content/EngineResources/DefaultTexture.uasset" 3195
"/Engine/EditorResources/S_TriggerBox" 3196
"../../../Engine/Content/EditorResources/S_TriggerBox.uasset" 3197
"/Engine/EditorResources/S_TriggerCapsule" 3198
"../../../Engine/Content/EditorResources/S_TriggerCapsule.uasset" 3199
"/Engine/EditorResources/S_TriggerSphere" 3200
"../../../Engine/Content/EditorResources/S_TriggerSphere.uasset" 3201
"/Engine/EngineDamageTypes/DmgTypeBP_Environmental" 3202
"../../../Engine/Content/EngineDamageTypes/DmgTypeBP_Environmental.uasset" 3203
"/Engine/EngineMeshes/Sphere" 3204
"../../../Engine/Content/EngineMeshes/Sphere.uasset" 3205
"/Engine/EngineResources/DefaultTextureCube" 3206
"../../../Engine/Content/EngineResources/DefaultTextureCube.uasset" 3207
"/Engine/EngineResources/DefaultVolumeTexture" 3208
"../../../Engine/Content/EngineResources/DefaultVolumeTexture.uasset" 3209
"../../../Engine/Content/EngineResources/DefaultVolumeTexture2D.uasset" 3210
"/Engine/VREditor/TransformGizmo/SM_Sequencer_Node" 3211
"../../../Engine/Content/VREditor/TransformGizmo/SM_Sequencer_Node.uasset" 3212
"../../../Engine/Content/VREditor/TransformGizmo/Main.uasset" 3213
"../../../Engine/Content/VREditor/TransformGizmo/Xray.uasset" 3214
"/Engine/EditorResources/S_Solver" 3215
"../../../Engine/Content/EditorResources/S_Solver.uasset" 3216
"/Engine/EngineDebugMaterials/VolumeToRender" 3217
"../../../Engine/Content/EngineDebugMaterials/VolumeToRender.uasset" 3218
"/Engine/EngineDebugMaterials/M_VolumeRenderSphereTracePP" 3219
"../../../Engine/Content/EngineDebugMaterials/M_VolumeRenderSphereTracePP.uasset" 3220
"../../../Engine/Content/Functions/Engine_MaterialFunctions02/Utility/CameraDirectionVector.uasset" 3221
"/Engine/EditorMeshes/Camera/SM_CraneRig_Base" 3222
"../../../Engine/Content/EditorMeshes/Camera/SM_CraneRig_Base.uasset" 3223
"../../../Engine/Content/EditorMaterials/Camera/MI_CineMat_Rig.uasset" 3224
"../../../Engine/Content/EditorMaterials/Camera/CineMat.uasset" 3225
"/Engine/EditorMeshes/Camera/SM_CraneRig_Arm" 3226
"../../../Engine/Content/EditorMeshes/Camera/SM_CraneRig_Arm.uasset" 3227
"/Engine/EditorMeshes/Camera/SM_CraneRig_Mount" 3228
"../../../Engine/Content/EditorMeshes/Camera/SM_CraneRig_Mount.uasset" 3229
"/Engine/EditorMeshes/Camera/SM_CraneRig_Body" 3230
"../../../Engine/Content/EditorMeshes/Camera/SM_CraneRig_Body.uasset" 3231
"/Engine/EditorMeshes/Camera/SM_RailRig_Track" 3232
"../../../Engine/Content/EditorMeshes/Camera/SM_RailRig_Track.uasset" 3233
"/Engine/EditorMeshes/Camera/SM_RailRig_Mount" 3234
"../../../Engine/Content/EditorMeshes/Camera/SM_RailRig_Mount.uasset" 3235
"/Engine/EditorLandscapeResources/SplineEditorMesh" 3236
"../../../Engine/Content/EditorLandscapeResources/SplineEditorMesh.uasset" 3237
"../../../Engine/Content/EditorLandscapeResources/SplineEditorMeshMat.uasset" 3238
"/Engine/BasicShapes/Cube" 3239
"../../../Engine/Content/BasicShapes/Cube.uasset" 3240
"/CameraCalibrationCore/Materials/M_DefaultOddSquare" 3241
"../../Plugins/VirtualProduction/CameraCalibrationCore/Content/Materials/M_DefaultOddSquare.uasset" 3242
"/CameraCalibrationCore/Materials/M_DefaultEvenSquare" 3243
"../../Plugins/VirtualProduction/CameraCalibrationCore/Content/Materials/M_DefaultEvenSquare.uasset" 3244
"/HairStrands/Materials/HairDebugMaterial" 3245
"../../Plugins/Runtime/HairStrands/Content/Materials/HairDebugMaterial.uasset" 3246
"../../../Engine/Content/Functions/Engine_MaterialFunctions02/Utility/MakeFloat2.uasset" 3247
"../../../Engine/Content/Functions/Engine_MaterialFunctions02/Utility/MakeFloat3.uasset" 3248
"../../../Engine/Content/EngineMaterials/HairColorMap.uasset" 3249
"../../../Engine/Content/EngineMaterials/HairDebugColor.uasset" 3250
"../../Plugins/Runtime/HairStrands/Content/Materials/HairGroupColors.uasset" 3251
"/HairStrands/Materials/HairDefaultMaterial" 3252
"../../Plugins/Runtime/HairStrands/Content/Materials/HairDefaultMaterial.uasset" 3253
"/HairStrands/Materials/HairCardsDefaultMaterial" 3254
"../../Plugins/Runtime/HairStrands/Content/Materials/HairCardsDefaultMaterial.uasset" 3255
"/HairStrands/Materials/HairMeshesDefaultMaterial" 3256
"../../Plugins/Runtime/HairStrands/Content/Materials/HairMeshesDefaultMaterial.uasset" 3257
"/Engine/EngineMaterials/Widget3DPassThrough_Translucent" 3258
"../../../Engine/Content/EngineMaterials/Widget3DPassThrough_Translucent.uasset" 3259
"../../../Engine/Content/EngineMaterials/Widget3DPassThrough.uasset" 3260
"/Engine/EngineMaterials/Widget3DPassThrough_Translucent_OneSided" 3261
"../../../Engine/Content/EngineMaterials/Widget3DPassThrough_Translucent_OneSided.uasset" 3262
"/Engine/EngineMaterials/Widget3DPassThrough_Opaque" 3263
"../../../Engine/Content/EngineMaterials/Widget3DPassThrough_Opaque.uasset" 3264
"/Engine/EngineMaterials/Widget3DPassThrough_Opaque_OneSided" 3265
"../../../Engine/Content/EngineMaterials/Widget3DPassThrough_Opaque_OneSided.uasset" 3266
"/Engine/EngineMaterials/Widget3DPassThrough_Masked" 3267
"../../../Engine/Content/EngineMaterials/Widget3DPassThrough_Masked.uasset" 3268
"/Engine/EngineMaterials/Widget3DPassThrough_Masked_OneSided" 3269
"../../../Engine/Content/EngineMaterials/Widget3DPassThrough_Masked_OneSided.uasset" 3270
"/Engine/VREditor/ViewportInteractionAssetContainerData" 3271
"../../../Engine/Content/VREditor/ViewportInteractionAssetContainerData.uasset" 3272
"../../../Engine/Content/VREditor/SnapGrid/SnapGridMaterial.uasset" 3273
"../../../Engine/Content/VREditor/TransformGizmo/TransformGizmoMaterial_Inst.uasset" 3274
"../../../Engine/Content/VREditor/TransformGizmo/TranslucentTransformGizmoMaterial_Inst.uasset" 3275
"../../../Engine/Content/VREditor/SnapGrid/SnapGridPlaneMesh.uasset" 3276
"../../../Engine/Content/VREditor/Sounds/UI/Drop_Item_From_ContentBrowser.uasset" 3277
"../../../Engine/Content/VREditor/Sounds/UI/Gizmo_Handle_Clicked.uasset" 3278
"../../../Engine/Content/VREditor/Sounds/UI/Object_PickUp.uasset" 3279
"../../../Engine/Content/VREditor/Sounds/UI/Object_Snaps_To_Another_Actor.uasset" 3280
"../../../Engine/Content/VREditor/Sounds/UI/Object_Snaps_To_Grid.uasset" 3281
"../../../Engine/Content/VREditor/Sounds/UI/Scaling_Down.uasset" 3282
"../../../Engine/Content/VREditor/Sounds/UI/Scaling_Up.uasset" 3283
"../../../Engine/Content/VREditor/Sounds/UI/Selection_Changes.uasset" 3284
"../../../Engine/Content/VREditor/TransformGizmo/PlaneTranslationHandle.uasset" 3285
"../../../Engine/Content/VREditor/TransformGizmo/RotationHandleFull.uasset" 3286
"../../../Engine/Content/VREditor/TransformGizmo/RotationHandleIndicator.uasset" 3287
"../../../Engine/Content/VREditor/TransformGizmo/RotationHandleQuarter.uasset" 3288
"../../../Engine/Content/VREditor/TransformGizmo/StartRotationHandleIndicator.uasset" 3289
"../../../Engine/Content/VREditor/TransformGizmo/TransformGizmoFreeRotation.uasset" 3290
"../../../Engine/Content/VREditor/TransformGizmo/TranslateArrowHandle.uasset" 3291
"../../../Engine/Content/VREditor/TransformGizmo/UniformScaleHandle.uasset" 3292
"../../../Engine/Content/Functions/Engine_MaterialFunctions02/Math/Transform3x3Matrix.uasset" 3293
"../../../Engine/Content/Functions/Engine_MaterialFunctions02/SplitComponents.uasset" 3294
"../../../Engine/Content/VREditor/TransformGizmo/TransformGizmoMaterial.uasset" 3295
"../../../Engine/Content/VREditor/TransformGizmo/TranslucentTransformGizmoMaterial.uasset" 3296
"../../../Engine/Content/Functions/Engine_MaterialFunctions02/Utility/BreakOutFloat3Components.uasset" 3297
"../../../Engine/Content/VREditor/LaserPointer/VR_LaserPower_01.uasset" 3298
"/Engine/VREditor/TransformGizmo/BoundingBoxCorner" 3299
"../../../Engine/Content/VREditor/TransformGizmo/BoundingBoxCorner.uasset" 3300
"/Engine/VREditor/TransformGizmo/BoundingBoxEdge" 3301
"../../../Engine/Content/VREditor/TransformGizmo/BoundingBoxEdge.uasset" 3302
"/Engine/ArtTools/RenderToTexture/Meshes/S_1_Unit_Plane" 3303
"../../../Engine/Content/ArtTools/RenderToTexture/Meshes/S_1_Unit_Plane.uasset" 3304
"/Engine/EngineDebugMaterials/M_SimpleUnlitTranslucent" 3305
"../../../Engine/Content/EngineDebugMaterials/M_SimpleUnlitTranslucent.uasset" 3306
"/Engine/EngineFonts/Roboto" 3307
"../../../Engine/Content/EngineFonts/Roboto.uasset" 3308
"../../../Engine/Content/EngineFonts/Faces/DroidSansFallback.uasset" 3309
"../../../Engine/Content/EngineFonts/Faces/RobotoBold.uasset" 3310
"../../../Engine/Content/EngineFonts/Faces/RobotoBoldItalic.uasset" 3311
"../../../Engine/Content/EngineFonts/Faces/RobotoItalic.uasset" 3312
"../../../Engine/Content/EngineFonts/Faces/RobotoLight.uasset" 3313
"../../../Engine/Content/EngineFonts/Faces/RobotoRegular.uasset" 3314
"/Engine/EditorMaterials/ParticleSystems/PSysThumbnail_NoImage" 3315
"../../../Engine/Content/EditorMaterials/ParticleSystems/PSysThumbnail_NoImage.uasset" 3316
"/Engine/EditorMaterials/ParticleSystems/PSysThumbnail_OOD" 3317
"../../../Engine/Content/EditorMaterials/ParticleSystems/PSysThumbnail_OOD.uasset" 3318
"/Engine/EngineResources/LandscapeVisibilityLayerInfo" 3319
"../../../Engine/Content/EngineResources/LandscapeVisibilityLayerInfo.uasset" 3320
"/ACLPlugin/ACLAnimBoneCompressionSettings" 3321
"../../Plugins/Animation/ACLPlugin/Content/ACLAnimBoneCompressionSettings.uasset" 3322
"/Engine/Animation/DefaultRecorderBoneCompression" 3323
"../../../Engine/Content/Animation/DefaultRecorderBoneCompression.uasset" 3324
"/ACLPlugin/ACLAnimCurveCompressionSettings" 3325
"../../Plugins/Animation/ACLPlugin/Content/ACLAnimCurveCompressionSettings.uasset" 3326
"/Engine/Animation/DefaultVariableFrameStrippingSettings" 3327
"../../../Engine/Content/Animation/DefaultVariableFrameStrippingSettings.uasset" 3328
"/ControlRig/Controls/ControlRigXRayMaterial" 3329
"../../Plugins/Animation/ControlRig/Content/Controls/ControlRigXRayMaterial.uasset" 3330
"/ControlRig/Controls/DefaultGizmoLibraryNormalized" 3331
"../../Plugins/Animation/ControlRig/Content/Controls/DefaultGizmoLibraryNormalized.uasset" 3332
"/Paper2D/MaskedUnlitSpriteMaterial" 3333
"../../Plugins/2D/Paper2D/Content/MaskedUnlitSpriteMaterial.uasset" 3334
"../../Plugins/2D/Paper2D/Content/DefaultSpriteMaterial.uasset" 3335
"../../Plugins/2D/Paper2D/Content/PlaceholderTextures/DummySpriteTexture.uasset" 3336
"/Paper2D/OpaqueUnlitSpriteMaterial" 3337
"../../Plugins/2D/Paper2D/Content/OpaqueUnlitSpriteMaterial.uasset" 3338
"/Paper2D/DefaultPaperTerrainMaterial" 3339
"../../Plugins/2D/Paper2D/Content/DefaultPaperTerrainMaterial.uasset" 3340
"../../Plugins/2D/Paper2D/Content/DummySprite.uasset" 3341
"/ControlRig/M_Manip" 3342
"../../Plugins/Animation/ControlRig/Content/M_Manip.uasset" 3343
"../../../Engine/Content/Functions/Engine_MaterialFunctions02/WorldPositionOffset/CameraOffset.uasset" 3344
"/AudioWidgets/Resources/ScrubHandleDown_Clamped" 3345
"../../Plugins/Runtime/AudioWidgets/Content/Resources/ScrubHandleDown_Clamped.uasset" 3346
"/MediaPlate/SM_MediaPlateScreen" 3347
"../../Plugins/Media/MediaPlate/Content/SM_MediaPlateScreen.uasset" 3348
"../../../Engine/Intermediate/ProjectFiles/PrimaryProjectPath.txt" 3349
"/SpeedTreeImporter/SpeedTree9/SpeedTreeMaster" 3350
"../../Plugins/Editor/SpeedTreeImporter/Content/SpeedTree9/SpeedTreeMaster.uasset" 3351
"../../../Engine/Content/Functions/Engine_MaterialFunctions02/ObjectLocalBounds.uasset" 3352
"../../../Engine/Content/Functions/Engine_MaterialFunctions02/SafeNormalize.uasset" 3353
"../../../Engine/Content/Functions/Engine_MaterialFunctions02/Utility/VectorLength.uasset" 3354
"../../../Engine/Content/Functions/Engine_MaterialFunctions02/UVs/BoundingBoxBased_0-1_UVW.uasset" 3355
"../../../Engine/Content/Functions/Engine_MaterialFunctions02/WorldPositionOffset/ObjectScale.uasset" 3356
"../../Plugins/Editor/SpeedTreeImporter/Content/SpeedTree9/SpeedTreeBranchMotion.uasset" 3357
"../../Plugins/Editor/SpeedTreeImporter/Content/SpeedTree9/SpeedTreeCameraFacing.uasset" 3358
"../../Plugins/Editor/SpeedTreeImporter/Content/SpeedTree9/SpeedTreeWind.uasset" 3359
"../../Plugins/Editor/SpeedTreeImporter/Content/SpeedTree9/SpeedTreeWindMotion.uasset" 3360
"../../Plugins/Editor/SpeedTreeImporter/Content/SpeedTree9/UnpackDirection.uasset" 3361
"../../Plugins/Editor/SpeedTreeImporter/Content/SpeedTree9/UnpackInteger3.uasset" 3362
"../../Plugins/Editor/SpeedTreeImporter/Content/SpeedTree9/Empty.uasset" 3363
"../../Plugins/Editor/SpeedTreeImporter/Content/SpeedTree9/EmptyNormal.uasset" 3364
"../../Plugins/Editor/SpeedTreeImporter/Content/SpeedTree9/game_wind_noise.uasset" 3365
"/SpeedTreeImporter/SpeedTree9/SpeedTreeBillboardMaster" 3366
"../../Plugins/Editor/SpeedTreeImporter/Content/SpeedTree9/SpeedTreeBillboardMaster.uasset" 3367
"../../Plugins/Editor/SpeedTreeImporter/Content/SpeedTree9/SpeedTreeBillboard.uasset" 3368
"/Engine/BasicShapes/BasicShapeMaterial" 3369
"../../../Engine/Content/BasicShapes/BasicShapeMaterial.uasset" 3370
"/Engine/EditorMaterials/Dataflow/DataflowVertexMaterial" 3371
"../../../Engine/Content/EditorMaterials/Dataflow/DataflowVertexMaterial.uasset" 3372
"/Engine/EditorMaterials/Dataflow/DataflowTwoSidedVertexMaterial" 3373
"../../../Engine/Content/EditorMaterials/Dataflow/DataflowTwoSidedVertexMaterial.uasset" 3374
"/Engine/EditorLandscapeResources/LayerVisMaterial" 3375
"../../../Engine/Content/EditorLandscapeResources/LayerVisMaterial.uasset" 3376
"../../../Engine/Content/EditorLandscapeResources/WhiteSquareTexture.uasset" 3377
"/Engine/EditorLandscapeResources/SelectBrushMaterial_Selected" 3378
"../../../Engine/Content/EditorLandscapeResources/SelectBrushMaterial_Selected.uasset" 3379
"../../../Engine/Content/EditorLandscapeResources/SelectBrushMaterial.uasset" 3380
"../../../Engine/Content/Functions/Engine_MaterialFunctions03/Math/WithinRangeFloat2.uasset" 3381
"../../../Engine/Content/EditorLandscapeResources/DefaultAlphaTexture.uasset" 3382
"/Engine/EditorLandscapeResources/SelectBrushMaterial_SelectedRegion" 3383
"../../../Engine/Content/EditorLandscapeResources/SelectBrushMaterial_SelectedRegion.uasset" 3384
"/Engine/EditorLandscapeResources/MaskBrushMaterial_MaskedRegion" 3385
"../../../Engine/Content/EditorLandscapeResources/MaskBrushMaterial_MaskedRegion.uasset" 3386
"../../../Engine/Content/EditorLandscapeResources/MaskBrushMaterial.uasset" 3387
"/Engine/EditorLandscapeResources/ColorMaskBrushMaterial_MaskedRegion" 3388
"../../../Engine/Content/EditorLandscapeResources/ColorMaskBrushMaterial_MaskedRegion.uasset" 3389
"../../../Engine/Content/EditorLandscapeResources/ColorMaskBrushMaterial.uasset" 3390
"/Engine/EditorLandscapeResources/LandscapeDirtyMaterial" 3391
"../../../Engine/Content/EditorLandscapeResources/LandscapeDirtyMaterial.uasset" 3392
"/Engine/EditorLandscapeResources/LandscapeLayerUsageMaterial" 3393
"../../../Engine/Content/EditorLandscapeResources/LandscapeLayerUsageMaterial.uasset" 3394
"../../../Engine/Content/Functions/Engine_MaterialFunctions01/Debug/DebugIntValues.uasset" 3395
"../../../Engine/Content/Functions/Engine_MaterialFunctions01/Texturing/ScaleUVsByCenter.uasset" 3396
"../../../Engine/Content/Functions/Engine_MaterialFunctions02/WorldPositionOffset/LocalPosition.uasset" 3397
"../../../Engine/Content/Functions/Engine_MaterialFunctions01/Texturing/TextureCropping.uasset" 3398
"../../../Engine/Content/Functions/Engine_MaterialFunctions02/ExampleContent/DebugNumberStrip.uasset" 3399
"C:/Users/Khoa/AppData/Local/UnrealEngine/Editor/UInteractiveToolsPresetCollectionAsset_DefaultCollection.json" 3400
"/Engine/EngineMaterials/NaniteHiddenSectionMaterial" 3401
"../../../Engine/Content/EngineMaterials/NaniteHiddenSectionMaterial.uasset" 3402
"/Engine/EngineMaterials/RemoveSurfaceMaterial" 3403
"../../../Engine/Content/EngineMaterials/RemoveSurfaceMaterial.uasset" 3404
"/Engine/EngineDebugMaterials/DebugMeshMaterial" 3405
"../../../Engine/Content/EngineDebugMaterials/DebugMeshMaterial.uasset" 3406
"/Engine/EngineMaterials/EmissiveMeshMaterial" 3407
"../../../Engine/Content/EngineMaterials/EmissiveMeshMaterial.uasset" 3408
"../../../Engine/Content/EngineMaterials/DefaultWhiteGrid_Low.uasset" 3409
"/Engine/EngineMaterials/M_InvalidLightmapSettings" 3410
"../../../Engine/Content/EngineMaterials/M_InvalidLightmapSettings.uasset" 3411
"../../../Engine/Content/EngineMaterials/InvalidLightmapSettings.uasset" 3412
"/Engine/EngineMaterials/GizmoMaterial" 3413
"../../../Engine/Content/EngineMaterials/GizmoMaterial.uasset" 3414
"/Engine/EngineMaterials/PhAT_JointLimitMaterial" 3415
"../../../Engine/Content/EngineMaterials/PhAT_JointLimitMaterial.uasset" 3416
"/Engine/EngineMaterials/FlattenMaterial" 3417
"../../../Engine/Content/EngineMaterials/FlattenMaterial.uasset" 3418
"../../../Engine/Content/EngineMaterials/BaseFlattenDiffuseMap.uasset" 3419
"../../../Engine/Content/EngineMaterials/BaseFlattenEmissiveMap.uasset" 3420
"../../../Engine/Content/EngineMaterials/BaseFlattenGrayscaleMap.uasset" 3421
"../../../Engine/Content/EngineMaterials/BaseFlattenLinearColor.uasset" 3422
"../../../Engine/Content/EngineMaterials/BaseFlattenNormalMap.uasset" 3423
"../../../Engine/Content/Functions/Engine_MaterialFunctions02/PivotPainter2/Black_1x1_EXR_Texture.uasset" 3424
"/Engine/EngineMaterials/FlattenMaterial_VT" 3425
"../../../Engine/Content/EngineMaterials/FlattenMaterial_VT.uasset" 3426
"../../../Engine/Content/EngineMaterials/BaseFlattenDiffuseMap_VT.uasset" 3427
"../../../Engine/Content/EngineMaterials/BaseFlattenEmissiveMap_VT.uasset" 3428
"../../../Engine/Content/EngineMaterials/BaseFlattenGrayscaleMap_VT.uasset" 3429
"../../../Engine/Content/EngineMaterials/BaseFlattenLinearColor_VT.uasset" 3430
"../../../Engine/Content/EngineMaterials/BaseFlattenNormalMap_VT.uasset" 3431
"../../../Engine/Content/EngineMaterials/Black_1x1_EXR_Texture_VT.uasset" 3432
"/Engine/EngineMaterials/FlattenMaterial_WS_Normal_VT" 3433
"../../../Engine/Content/EngineMaterials/FlattenMaterial_WS_Normal_VT.uasset" 3434
"/Engine/EngineMaterials/Good64x64TilingNoiseHighFreq" 3435
"../../../Engine/Content/EngineMaterials/Good64x64TilingNoiseHighFreq.uasset" 3436
"/Engine/EngineMaterials/DefaultBokeh" 3437
"../../../Engine/Content/EngineMaterials/DefaultBokeh.uasset" 3438
"/Engine/EngineMaterials/MiniFont" 3439
"../../../Engine/Content/EngineMaterials/MiniFont.uasset" 3440
"/Engine/EngineMaterials/WeightMapPlaceholderTexture" 3441
"../../../Engine/Content/EngineMaterials/WeightMapPlaceholderTexture.uasset" 3442
"/Engine/EngineMaterials/WeightMapArrayPlaceholderTexture" 3443
"../../../Engine/Content/EngineMaterials/WeightMapArrayPlaceholderTexture.uasset" 3444
"/Engine/EngineMaterials/DefaultWhiteGrid" 3445
"../../../Engine/Content/EngineMaterials/DefaultWhiteGrid.uasset" 3446
"/Engine/EngineMaterials/PreintegratedSkinBRDF" 3447
"../../../Engine/Content/EngineMaterials/PreintegratedSkinBRDF.uasset" 3448
"/Engine/EngineMaterials/LTC/GGX_LTCAmp" 3449
"../../../Engine/Content/EngineMaterials/LTC/GGX_LTCAmp.uasset" 3450
"/Engine/EngineMaterials/LTC/GGX_LTCMat" 3451
"../../../Engine/Content/EngineMaterials/LTC/GGX_LTCMat.uasset" 3452
"/Engine/EngineMaterials/EnergyConservation/GGX_ReflectionEnergy" 3453
"../../../Engine/Content/EngineMaterials/EnergyConservation/GGX_ReflectionEnergy.uasset" 3454
"/Engine/EngineMaterials/EnergyConservation/GGX_TransmissionEnergyArray" 3455
"../../../Engine/Content/EngineMaterials/EnergyConservation/GGX_TransmissionEnergyArray.uasset" 3456
"/Engine/EngineMaterials/EnergyConservation/SheenLegacy_Energy" 3457
"../../../Engine/Content/EngineMaterials/EnergyConservation/SheenLegacy_Energy.uasset" 3458
"/Engine/EngineMaterials/DefaultPhysicalMaterial" 3459
"../../../Engine/Content/EngineMaterials/DefaultPhysicalMaterial.uasset" 3460
"/Engine/EngineMaterials/DefaultDestructiblePhysicalMaterial" 3461
"../../../Engine/Content/EngineMaterials/DefaultDestructiblePhysicalMaterial.uasset" 3462
"C:/Users/Khoa/AppData/Local/UnrealEngine/Editor/ProjectEditorRecords.json" 3463
"/Niagara/ParameterDefinitions/SpriteRenderer" 3464
"../../Plugins/FX/Niagara/Content/ParameterDefinitions/SpriteRenderer.uasset" 3465
"/Niagara/ParameterDefinitions/RibbonRenderer" 3466
"../../Plugins/FX/Niagara/Content/ParameterDefinitions/RibbonRenderer.uasset" 3467
"/Niagara/ParameterDefinitions/MeshRenderer" 3468
"../../Plugins/FX/Niagara/Content/ParameterDefinitions/MeshRenderer.uasset" 3469
"/Niagara/ParameterDefinitions/LightRenderer" 3470
"../../Plugins/FX/Niagara/Content/ParameterDefinitions/LightRenderer.uasset" 3471
"/Niagara/ParameterDefinitions/DecalRenderer" 3472
"../../Plugins/FX/Niagara/Content/ParameterDefinitions/DecalRenderer.uasset" 3473
"/Niagara/ParameterDefinitions/CoreParameters" 3474
"../../Plugins/FX/Niagara/Content/ParameterDefinitions/CoreParameters.uasset" 3475
"/DeformerGraph/Deformers/DG_LinearBlendSkin_Morph_Cloth" 3476
"../../Plugins/Animation/DeformerGraph/Content/Deformers/DG_LinearBlendSkin_Morph_Cloth.uasset" 3477
"../../Plugins/Animation/DeformerGraph/Content/DeformerFunctions/DG_Function_LinearBlendSkin_Morph_Cloth.uasset" 3478
"/DeformerGraph/Deformers/DG_LinearBlendSkin_Morph_Cloth_RecomputeNormals" 3479
"../../Plugins/Animation/DeformerGraph/Content/Deformers/DG_LinearBlendSkin_Morph_Cloth_RecomputeNormals.uasset" 3480
"../../Plugins/Animation/DeformerGraph/Content/DeformerFunctions/DG_Function_ComputeNormalsTangents.uasset" 3481
"../../Plugins/Animation/DeformerGraph/Content/DeformerFunctions/DG_Function_LinearBlendSkin_Morph_Cloth_PositionOnly.uasset" 3482
"/Engine/EditorResources/SequenceRecorder/Countdown" 3483
"../../../Engine/Content/EditorResources/SequenceRecorder/Countdown.uasset" 3484
"/Engine/EditorResources/SequenceRecorder/RecordingIndicator" 3485
"../../../Engine/Content/EditorResources/SequenceRecorder/RecordingIndicator.uasset" 3486
"/Engine/EditorMaterials/PhAT_UnselectedMaterial" 3487
"../../../Engine/Content/EditorMaterials/PhAT_UnselectedMaterial.uasset" 3488
"/Engine/EditorMaterials/PhAT_NoCollisionMaterial" 3489
"../../../Engine/Content/EditorMaterials/PhAT_NoCollisionMaterial.uasset" 3490
"/Engine/EngineFonts/DroidSansMono" 3491
"../../../Engine/Content/EngineFonts/DroidSansMono.uasset" 3492
"../../../Engine/Content/EngineFonts/Faces/DroidSansMono.uasset" 3493
"/Engine/BasicShapes/Sphere" 3494
"../../../Engine/Content/BasicShapes/Sphere.uasset" 3495
"../../../Engine/Content/EngineMaterials/DefaultMaterial.uasset" 3496
"/Engine/BasicShapes/Cylinder" 3497
"../../../Engine/Content/BasicShapes/Cylinder.uasset" 3498
"/Engine/BasicShapes/Cone" 3499
"../../../Engine/Content/BasicShapes/Cone.uasset" 3500
"/Engine/BasicShapes/Plane" 3501
"../../../Engine/Content/BasicShapes/Plane.uasset" 3502
"../../../Engine/Documentation/Source/Shared/Types/ABrush/ABrush.INT.udn" 3503
"../../../Engine/Content/Internationalization/icudt64l/brkitr/en_US.res" 3504
"../../../Engine/Content/Internationalization/icudt64l/brkitr/en.res" 3505
"../../../Engine/Content/Internationalization/icudt64l/brkitr/root.res" 3506
"../../../Engine/Content/Internationalization/icudt64l/brkitr/char.brk" 3507
"../../../Engine/Content/Internationalization/icudt64l/brkitr/word.brk" 3508
"/Engine/EditorResources/S_Terrain" 3509
"../../../Engine/Content/EditorResources/S_Terrain.uasset" 3510
"../../../Engine/Plugins/FX/Niagara/Shaders/Private/NiagaraDataInterfaceTexture2DArrayTemplate.ush" 3511
"../../../Engine/Plugins/FX/Niagara/Shaders/Private/NiagaraDataInterfaceActorComponentTemplate.ush" 3512
"../../../Engine/Plugins/FX/Niagara/Shaders/Private/NiagaraDataInterfaceArrayTemplate.ush" 3513
"../../../Engine/Plugins/FX/Niagara/Shaders/Private/NiagaraDataInterfaceArrayRWTemplate.ush" 3514
"../../../Engine/Plugins/FX/Niagara/Shaders/Private/NiagaraDataInterfaceAsyncGpuTrace.ush" 3515
"../../../Engine/Plugins/FX/Niagara/Shaders/Private/NiagaraDataInterfaceAsyncGpuTraceTemplate.ush" 3516
"../../../Engine/Plugins/FX/Niagara/Shaders/Private/NiagaraDataInterfaceCamera.ush" 3517
"../../../Engine/Plugins/Experimental/ChaosNiagara/Shaders/NiagaraDataInterfaceChaosDestruction.ush" 3518
"../../../Engine/Plugins/FX/Niagara/Shaders/Private/NiagaraDataInterfaceCollisionQuery.ush" 3519
"../../../Engine/Plugins/FX/Niagara/Shaders/Private/NiagaraDataInterfaceCollisionQueryTemplate.ush" 3520
"../../../Engine/Plugins/FX/Niagara/Shaders/Private/NiagaraDataInterfaceCurveTemplate.ush" 3521
"../../../Engine/Plugins/FX/Niagara/Shaders/Private/NiagaraDataInterfaceCubeTextureTemplate.ush" 3522
"../../../Engine/Plugins/FX/Niagara/Shaders/Private/DataChannel/NiagaraDataInterfaceDataChannelCommon.ush" 3523
"../../../Engine/Plugins/FX/Niagara/Shaders/Private/DataChannel/NiagaraDataInterfaceDataChannelTemplateCommon.ush" 3524
"../../../Engine/Plugins/FX/Niagara/Shaders/Private/DataChannel/NiagaraDataInterfaceDataChannelTemplateReadCommon.ush" 3525
"../../../Engine/Plugins/FX/Niagara/Shaders/Private/DataChannel/NiagaraDataInterfaceDataChannelTemplate_Read.ush" 3526
"../../../Engine/Plugins/FX/Niagara/Shaders/Private/DataChannel/NiagaraDataInterfaceDataChannelTemplate_Consume.ush" 3527
"../../../Engine/Plugins/FX/Niagara/Shaders/Private/DataChannel/NiagaraDataInterfaceDataChannelTemplateWriteCommon.ush" 3528
"../../../Engine/Plugins/FX/Niagara/Shaders/Private/DataChannel/NiagaraDataInterfaceDataChannelTemplate_Append.ush" 3529
"../../../Engine/Plugins/FX/Niagara/Shaders/Private/NiagaraDataInterfaceDataTableTemplate.ush" 3530
"../../../Engine/Plugins/FX/Niagara/Shaders/Private/NiagaraDataInterfaceDebugDraw.ush" 3531
"../../../Engine/Plugins/FX/Niagara/Shaders/Private/NiagaraDataInterfaceDebugDrawTemplate.ush" 3532
"../../../Engine/Plugins/FX/Niagara/Shaders/Private/NiagaraDataInterfaceDynamicMeshTemplate.ush" 3533
"../../../Engine/Plugins/FX/Niagara/Shaders/Private/NiagaraDataInterfaceEmitterPropertiesTemplate.ush" 3534
"../../../Engine/Plugins/FX/Niagara/Shaders/Private/NiagaraDataInterfaceExportTemplate.ush" 3535
"../../../Engine/Plugins/FX/Niagara/Shaders/Private/NiagaraDataInterfaceGBufferTemplate.ush" 3536
"../../../Engine/Plugins/Experimental/ChaosNiagara/Shaders/NiagaraDataInterfaceGeometryCollection.ush" 3537
"../../../Engine/Plugins/FX/Niagara/Shaders/Private/NiagaraTransformUtils.ush" 3538
"../../../Engine/Plugins/Runtime/HairStrands/Shaders/Private/NiagaraStrandsExternalForce.ush" 3539
"../../../Engine/Plugins/Runtime/HairStrands/Shaders/Private/NiagaraHookeSpringMaterial.ush" 3540
"../../../Engine/Plugins/Runtime/HairStrands/Shaders/Private/NiagaraAngularSpringMaterial.ush" 3541
"../../../Engine/Plugins/Runtime/HairStrands/Shaders/Private/NiagaraConstantVolumeMaterial.ush" 3542
"../../../Engine/Plugins/Runtime/HairStrands/Shaders/Private/NiagaraCosseratRodMaterial.ush" 3543
"../../../Engine/Plugins/Runtime/HairStrands/Shaders/Private/NiagaraStaticCollisionConstraint.ush" 3544
"../../../Engine/Plugins/Runtime/HairStrands/Shaders/Private/NiagaraDataInterfaceHairStrands.ush" 3545
"../../../Engine/Plugins/Runtime/HairStrands/Shaders/Private/NiagaraDataInterfaceHairStrandsTemplate.ush" 3546
"../../../Engine/Plugins/FX/Niagara/Shaders/Private/NiagaraDataInterfaceIntRenderTarget2D.ush" 3547
"../../../Engine/Plugins/FX/Niagara/Shaders/Private/NiagaraDataInterfaceLandscape.ush" 3548
"../../../Engine/Plugins/FX/Niagara/Shaders/Private/NiagaraDataInterfaceMemoryBufferTemplate.ush" 3549
"../../../Engine/Plugins/FX/Niagara/Shaders/Private/NiagaraDataInterfaceMeshRendererInfoTemplate.ush" 3550
"../../../Engine/Plugins/FX/Niagara/Shaders/Private/NiagaraDataInterfaceOcclusion.ush" 3551
"../../../Engine/Plugins/FX/Niagara/Shaders/Private/NiagaraDataInterfacePhysicsAsset.ush" 3552
"../../../Engine/Plugins/Experimental/ChaosNiagara/Shaders/NiagaraDataInterfacePhysicsField.ush" 3553
"../../../Engine/Plugins/FX/Niagara/Shaders/Private/NiagaraDataInterfacePlatformSetTemplate.ush" 3554
"../../../Engine/Plugins/Runtime/HairStrands/Shaders/Private/NiagaraDataInterfaceVelocityGrid.ush" 3555
"../../../Engine/Plugins/Runtime/HairStrands/Shaders/Private/NiagaraDataInterfaceVelocityGridTemplate.ush" 3556
"../../../Engine/Plugins/Runtime/HairStrands/Shaders/Private/NiagaraDataInterfacePressureGrid.ush" 3557
"../../../Engine/Plugins/Runtime/HairStrands/Shaders/Private/NiagaraDataInterfacePressureGridTemplate.ush" 3558
"../../../Engine/Plugins/FX/Niagara/Shaders/Private/NiagaraDataInterfaceRenderTarget2DTemplate.ush" 3559
"../../../Engine/Plugins/FX/Niagara/Shaders/Private/NiagaraDataInterfaceRenderTarget2DArrayTemplate.ush" 3560
"../../../Engine/Plugins/FX/Niagara/Shaders/Private/NiagaraDataInterfaceRenderTargetCubeTemplate.ush" 3561
"../../../Engine/Plugins/FX/Niagara/Shaders/Private/NiagaraDataInterfaceRenderTargetVolumeTemplate.ush" 3562
"../../../Engine/Plugins/FX/Niagara/Shaders/Private/NiagaraDataInterfaceRigidMeshCollisionQuery.ush" 3563
"../../../Engine/Plugins/FX/Niagara/Shaders/Private/NiagaraDistanceFieldQueries.ush" 3564
"../../../Engine/Plugins/FX/Niagara/Shaders/Private/NiagaraDataInterfaceSceneCapture2DTemplate.ush" 3565
"../../../Engine/Plugins/FX/Niagara/Shaders/Private/NiagaraDataInterfaceSimCacheReaderTemplate.ush" 3566
"../../../Engine/Plugins/FX/Niagara/Shaders/Private/NiagaraDataInterfaceSimpleCounterTemplate.ush" 3567
"../../../Engine/Plugins/FX/Niagara/Shaders/Private/NiagaraDataInterfaceSkeletalMesh.ush" 3568
"../../../Engine/Plugins/FX/Niagara/Shaders/Private/NiagaraBaryCentricUtils.ush" 3569
"../../../Engine/Plugins/FX/Niagara/Shaders/Private/NiagaraDataInterfaceSkeletalMeshTemplate.ush" 3570
"../../../Engine/Plugins/FX/Niagara/Shaders/Private/NiagaraDataInterfaceSocketReaderTemplate.ush" 3571
"../../../Engine/Plugins/FX/Niagara/Shaders/Private/NiagaraDataInterfaceSparseVolumeTextureTemplate.ush" 3572
"../../../Engine/Plugins/FX/Niagara/Shaders/Private/NiagaraDataInterfaceSplineTemplate.ush" 3573
"../../../Engine/Plugins/FX/Niagara/Shaders/Private/NiagaraDataInterfaceSpriteRendererInfoTemplate.ush" 3574
"../../../Engine/Plugins/FX/Niagara/Shaders/Private/NiagaraDataInterfaceStaticMeshTemplate.ush" 3575
"../../../Engine/Plugins/FX/Niagara/Shaders/Private/NiagaraDataInterfaceTextureTemplate.ush" 3576
"../../../Engine/Plugins/FX/Niagara/Shaders/Private/NiagaraDataInterfaceVirtualTexture.ush" 3577
"../../../Engine/Plugins/FX/Niagara/Shaders/Private/NiagaraDataInterfaceVirtualTextureTemplate.ush" 3578
"../../../Engine/Plugins/FX/Niagara/Shaders/Private/NiagaraDataInterfaceVolumeCache.ush" 3579
"../../../Engine/Plugins/FX/Niagara/Shaders/Private/NiagaraDataInterfaceVolumeTextureTemplate.ush" 3580
"E:/Unreal Projects/NoNeedToBrain/Intermediate/ShaderAutogen/PCD3D_SM5/AutogenShaderHeaders.ush" 3581
"E:/Unreal Projects/NoNeedToBrain/Content/Input/Actions/IA_Look.uasset" 3582
"E:/Unreal Projects/NoNeedToBrain/Content/Input/Actions/IA_MouseLook.uasset" 3583
"E:/Unreal Projects/NoNeedToBrain/Content/ThirdPerson/Blueprints/BP_ThirdPersonPlayerController.uasset" 3584
"E:/Unreal Projects/NoNeedToBrain/Content/Input/Touch/BPI_TouchInterface.uasset" 3585
"E:/Unreal Projects/NoNeedToBrain/Content/Input/IMC_Default.uasset" 3586
"E:/Unreal Projects/NoNeedToBrain/Content/Input/IMC_MouseLook.uasset" 3587
"E:/Unreal Projects/NoNeedToBrain/Content/Input/Actions/IA_Grab.uasset" 3588
"E:/Unreal Projects/NoNeedToBrain/Content/Input/Actions/IA_Attack.uasset" 3589
"E:/Unreal Projects/NoNeedToBrain/Content/Input/Touch/UI_TouchSimple.uasset" 3590
"E:/Unreal Projects/NoNeedToBrain/Content/Input/Actions/IA_Ultimate.uasset" 3591
"E:/Unreal Projects/NoNeedToBrain/Content/Input/Actions/IA_Move.uasset" 3592
"E:/Unreal Projects/NoNeedToBrain/Content/Input/Touch/UI_Thumbstick.uasset" 3593
"E:/Unreal Projects/NoNeedToBrain/Content/Input/Actions/IMC_Player.uasset" 3594
"E:/Unreal Projects/NoNeedToBrain/Content/ThirdPerson/Blueprints/BP_ThirdPersonGameMode.uasset" 3595
"E:/Unreal Projects/NoNeedToBrain/Content/Input/Actions/IA_Sprint.uasset" 3596
"E:/Unreal Projects/NoNeedToBrain/Content/Input/Actions/IA_Jump.uasset" 3597
"../../../Engine/Content/EngineSounds/Submixes/MasterReverbEffectPreset.uasset" 3598
"../../../Engine/Content/EditorBlueprintResources/StandardMacros.uasset" 3599
"../../../Engine/Content/MobileResources/HUD/VirtualJoystick_Background.uasset" 3600
"../../../Engine/Content/MobileResources/HUD/VirtualJoystick_Thumb.uasset" 3601
"../../../Engine/Content/EngineSounds/Submixes/MasterEQSubmixDefault.uasset" 3602
"E:/Unreal Projects/NoNeedToBrain/Content/Input/Actions/IA_Aim.uasset" 3603
"E:/Unreal Projects/NoNeedToBrain/Content/Blueprints/BP_NBCharacter.uasset" 3604
"../../../Engine/Content/EngineSounds/Submixes/MasterEQEffectPreset.uasset" 3605
"../../../Engine/Content/EngineSounds/Submixes/MasterSubmixDefault.uasset" 3606
"../../../Engine/Content/EngineSounds/Submixes/MasterReverbSubmixDefault.uasset" 3607
"../../../Engine/Content/Functions/Engine_MaterialFunctions01/Texturing/FlattenNormal.uasset" 3608
"../../../Engine/Plugins/Interchange/Assets/Content/gltf/MaterialBodies/MF_ClearCoat_Body.uasset" 3609
"/Game/UI/Widget_PlayMenu" 3610
"../../../Engine/Plugins/Interchange/Assets/Content/gltf/MaterialFunctions/MF_Clearcoat.uasset" 3611
"/Game/Input/Touch/BPI_TouchInterface" 3612
"/Engine/MobileResources/HUD/VirtualJoystick_Background" 3613
"/Game/Input/Touch/UI_Thumbstick" 3614
"/Game/Input/Touch/UI_TouchSimple" 3615
"/Game/Input/Actions/IA_Look" 3616
"/Game/Input/IMC_Default" 3617
"/Game/Input/Actions/IA_MouseLook" 3618
"/Game/Input/IMC_MouseLook" 3619
"/Game/ThirdPerson/Blueprints/BP_ThirdPersonPlayerController" 3620
"/Game/Input/Actions/IMC_Player" 3621
"/Game/Blueprints/BP_NBCharacter" 3622
"/Game/ThirdPerson/Blueprints/BP_ThirdPersonGameMode" 3623
"/Engine/EditorBlueprintResources/StandardMacros" 3624
"/Game/Maps/MainMenu" 3625
"../../../../Unreal Projects/NoNeedToBrain/Content/Maps/MainMenu.umap" 3626
"/Engine/EngineSounds/Submixes/MasterReverbEffectPreset" 3627
"/Engine/EngineSounds/Submixes/MasterEQEffectPreset" 3628
"/Engine/EngineSounds/Submixes/MasterEQSubmixDefault" 3629
"/Engine/Functions/Engine_MaterialFunctions01/Texturing/FlattenNormal" 3630
"../../../Engine/Plugins/Interchange/Assets/Content/gltf/MaterialFunctions/MF_Emissive.uasset" 3631
"../../../Engine/Plugins/Interchange/Assets/Content/gltf/MaterialFunctions/MF_RotateNormals_TS.uasset" 3632
"../../../Engine/Plugins/Interchange/Assets/Content/gltf/MaterialFunctions/MF_ScaleNormal.uasset" 3633
"../../../Engine/Plugins/Interchange/Assets/Content/gltf/Textures/T_Anisotropy_Direction_Linear.uasset" 3634
"../../../Engine/Plugins/Interchange/Assets/Content/gltf/MaterialFunctions/MF_Occlusion.uasset" 3635
"../../../Engine/Plugins/Interchange/Assets/Content/gltf/Textures/T_Generic_N.uasset" 3636
"../../../Engine/Plugins/Interchange/Assets/Content/gltf/MaterialFunctions/MF_Normals.uasset" 3637
"../../../Engine/Plugins/Interchange/Assets/Content/gltf/MaterialFunctions/MF_SpecularAnisotropy.uasset" 3638
"../../../Engine/Plugins/Interchange/Assets/Content/gltf/MaterialFunctions/MF_Specular.uasset" 3639
"../../../Engine/Plugins/Interchange/Assets/Content/gltf/Textures/T_White_Linear.uasset" 3640
"../../../Engine/Plugins/Interchange/Assets/Content/gltf/Textures/T_White_srgb.uasset" 3641
"../../../Engine/Plugins/Interchange/Assets/Content/gltf/MaterialFunctions/MF_RotateV2.uasset" 3642
"../../../Engine/Plugins/Interchange/Assets/Content/Functions/MF_Iridescence.uasset" 3643
"../../../Engine/Plugins/Interchange/Assets/Content/gltf/MaterialFunctions/MF_BaseColor.uasset" 3644
"../../../Engine/Plugins/Interchange/Assets/Content/gltf/MaterialFunctions/MF_TransformUVs.uasset" 3645
"../../../Engine/Plugins/Interchange/Assets/Content/Functions/MF_IridescenceNoLUT.uasset" 3646
"../../../Engine/Plugins/Interchange/Assets/Content/gltf/MaterialFunctions/MF_IOR.uasset" 3647
"../../../Engine/Plugins/Interchange/Assets/Content/gltf/MaterialFunctions/MF_MetallicRoughness.uasset" 3648
"../../../Engine/Plugins/Interchange/Assets/Content/gltf/MaterialFunctions/MF_Iridescence.uasset" 3649
"../../../Engine/Plugins/Interchange/Assets/Content/Utilities/New_LUT.uasset" 3650
"../../../Engine/Plugins/Interchange/Assets/Content/gltf/M_ClearCoat.uasset" 3651
"../../../Engine/Plugins/Interchange/Assets/Content/gltf/MaterialBodies/MF_Default_Body.uasset" 3652
"../../../Engine/Content/Functions/Engine_MaterialFunctions03/Math/RemapValueRange.uasset" 3653
"../../../Engine/Plugins/Interchange/Assets/Content/gltf/M_Default.uasset" 3654
"../../../Engine/Plugins/Interchange/Assets/Content/gltf/MaterialInstances/MI_ClearCoat_Blend_DS.uasset" 3655
"../../../Engine/Plugins/Interchange/Assets/Content/gltf/MaterialInstances/MI_ClearCoat_Blend.uasset" 3656
"../../../Engine/Plugins/Interchange/Assets/Content/gltf/MaterialInstances/MI_ClearCoat_Mask_DS.uasset" 3657
"../../../Engine/Plugins/Interchange/Assets/Content/gltf/MaterialInstances/MI_ClearCoat_Mask.uasset" 3658
"../../../Engine/Plugins/Interchange/Assets/Content/gltf/MaterialInstances/MI_ClearCoat_Opaque_DS.uasset" 3659
"../../../Engine/Plugins/Interchange/Assets/Content/gltf/MaterialInstances/MI_ClearCoat_Opaque.uasset" 3660
"/InterchangeAssets/gltf/MaterialInstances/MI_ClearCoat_Blend_DS" 3661
"/InterchangeAssets/gltf/MaterialInstances/MI_ClearCoat_Mask_DS" 3662
"/InterchangeAssets/gltf/MaterialInstances/MI_ClearCoat_Opaque_DS" 3663
"/InterchangeAssets/gltf/MaterialInstances/MI_ClearCoat_Blend" 3664
"../../../Engine/Plugins/Interchange/Assets/Shaders/ThinFilmFunctions.usf" 3665
"/InterchangeAssets/gltf/MaterialInstances/MI_ClearCoat_Mask" 3666
"/InterchangeAssets/gltf/MaterialInstances/MI_ClearCoat_Opaque" 3667
"/InterchangeAssets/gltf/M_Default" 3668
"../../../Engine/Plugins/Interchange/Assets/Content/gltf/MaterialBodies/MF_Sheen_Body.uasset" 3669
"../../../Engine/Plugins/Interchange/Assets/Content/gltf/MaterialInstances/MI_Default_Blend_DS.uasset" 3670
"../../../Engine/Plugins/Interchange/Assets/Content/gltf/MaterialInstances/MI_Default_Blend.uasset" 3671
"../../../Engine/Plugins/Interchange/Assets/Content/gltf/MaterialInstances/MI_Default_Mask_DS.uasset" 3672
"../../../Engine/Plugins/Interchange/Assets/Content/gltf/MaterialInstances/MI_Default_Mask.uasset" 3673
"../../../Engine/Plugins/Interchange/Assets/Content/gltf/MaterialInstances/MI_Default_Opaque.uasset" 3674
"../../../Engine/Plugins/Interchange/Assets/Content/gltf/MaterialInstances/MI_Default_Opaque_DS.uasset" 3675
"/InterchangeAssets/gltf/MaterialInstances/MI_Default_Blend_DS" 3676
"../../../Engine/Plugins/Interchange/Assets/Content/gltf/MaterialInstances/MI_Sheen_Opaque.uasset" 3677
"/InterchangeAssets/gltf/MaterialInstances/MI_Default_Mask_DS" 3678
"/InterchangeAssets/gltf/MaterialInstances/MI_Default_Opaque_DS" 3679
"/InterchangeAssets/gltf/MaterialInstances/MI_Default_Blend" 3680
"../../../Engine/Plugins/Interchange/Assets/Content/gltf/MaterialFunctions/MF_Sheen.uasset" 3681
"/InterchangeAssets/gltf/MaterialInstances/MI_Default_Mask" 3682
"/InterchangeAssets/gltf/MaterialInstances/MI_Default_Opaque" 3683
"/InterchangeAssets/gltf/MaterialBodies/MF_Sheen_Body" 3684
"../../../Engine/Plugins/Interchange/Assets/Content/gltf/M_Sheen.uasset" 3685
"/InterchangeAssets/gltf/MaterialInstances/MI_Sheen_Opaque" 3686
"../../../Engine/Plugins/Interchange/Assets/Content/gltf/MaterialInstances/MI_Sheen_Opaque_DS.uasset" 3687
"../../../Engine/Plugins/Interchange/Assets/Content/gltf/MaterialInstances/MI_Sheen_Blend_DS.uasset" 3688
"../../../Engine/Plugins/Interchange/Assets/Content/gltf/MaterialInstances/MI_Sheen_Blend.uasset" 3689
"../../../Engine/Plugins/Interchange/Assets/Content/gltf/MaterialFunctions/MF_Fresnel_DS.uasset" 3690
"../../../Engine/Plugins/Interchange/Assets/Content/gltf/MaterialInstances/MI_Sheen_Mask_DS.uasset" 3691
"../../../Engine/Plugins/Interchange/Assets/Content/gltf/MaterialFunctions/MF_Transmission.uasset" 3692
"../../../Engine/Plugins/Interchange/Assets/Content/gltf/MaterialInstances/MI_Sheen_Mask.uasset" 3693
"../../../Engine/Plugins/Interchange/Assets/Content/gltf/MaterialBodies/MF_Transmission_Body.uasset" 3694
"../../../Engine/Plugins/Interchange/Assets/Content/gltf/M_Transmission.uasset" 3695
"../../../Engine/Plugins/Interchange/Assets/Content/gltf/MaterialInstances/MI_Transmission.uasset" 3696
"../../../Engine/Plugins/Interchange/Assets/Content/gltf/MaterialFunctions/MF_DiffuseSpecGloss.uasset" 3697
"../../../Engine/Plugins/Interchange/Assets/Content/gltf/MaterialInstances/MI_Transmission_DS.uasset" 3698
"../../../Engine/Plugins/Interchange/Assets/Content/gltf/MaterialFunctions/MF_Temporal_Blur.uasset" 3699
"../../../Engine/Plugins/Interchange/Assets/Content/gltf/MaterialBodies/MF_SpecularGlossiness_Body.uasset" 3700
"../../../Engine/Plugins/Interchange/Assets/Content/gltf/M_SpecularGlossiness.uasset" 3701
"../../../Engine/Plugins/Interchange/Assets/Content/gltf/MaterialInstances/MI_SpecularGlossiness_Opaque.uasset" 3702
"../../../Engine/Plugins/Interchange/Assets/Content/gltf/MaterialFunctions/MF_MaxComponentValue.uasset" 3703
"../../../Engine/Plugins/Interchange/Assets/Content/gltf/MaterialFunctions/MF_PerceivedBrightness.uasset" 3704
"../../../Engine/Plugins/Interchange/Assets/Content/gltf/MaterialInstances/MI_SpecularGlossiness_Mask.uasset" 3705
"../../../Engine/Plugins/Interchange/Assets/Content/gltf/MaterialFunctions/MF_SpecGlossToMetalRoughness.uasset" 3706
"../../../Engine/Plugins/Interchange/Assets/Content/gltf/MaterialInstances/MI_SpecularGlossiness_Opaque_DS.uasset" 3707
"../../../Engine/Plugins/Interchange/Assets/Content/gltf/MaterialInstances/MI_SpecularGlossiness_Blend.uasset" 3708
"../../../Engine/Plugins/Interchange/Assets/Content/gltf/MaterialInstances/MI_SpecularGlossiness_Mask_DS.uasset" 3709
"../../../Engine/Plugins/Interchange/Assets/Content/gltf/MaterialInstances/MI_SpecularGlossiness_Blend_DS.uasset" 3710
"../../../Engine/Plugins/Interchange/Assets/Content/Functions/MF_OrenNayerView.uasset" 3711
"../../../Engine/Content/Functions/Engine_MaterialFunctions02/Math/AddComponents.uasset" 3712
"../../../Engine/Content/Functions/Engine_MaterialFunctions02/Texturing/ScreenAlignedPixelToPixelUVs.uasset" 3713
"../../../Engine/Content/Functions/Substrate/MF_SchlickInternal.uasset" 3714
"/InterchangeAssets/gltf/MaterialInstances/MI_SpecularGlossiness_Mask" 3715
"../../../Engine/Plugins/Interchange/Assets/Content/Functions/MX_StandardSurface.uasset" 3716
"../../../Engine/Plugins/Interchange/Assets/Content/Functions/MX_Transmission.uasset" 3717
"../../../Engine/Plugins/Interchange/Assets/Content/Functions/MX_TransmissionSurface.uasset" 3718
"/InterchangeAssets/gltf/MaterialInstances/MI_SpecularGlossiness_Opaque" 3719
"/InterchangeAssets/gltf/MaterialInstances/MI_Transmission_DS" 3720
"/InterchangeAssets/gltf/MaterialInstances/MI_Transmission" 3721
"/InterchangeAssets/gltf/MaterialInstances/MI_Sheen_Blend_DS" 3722
"../../../Engine/Content/Functions/Engine_MaterialFunctions01/Volumetrics/BeersLaw.uasset" 3723
"/InterchangeAssets/gltf/MaterialInstances/MI_Sheen_Mask_DS" 3724
"/InterchangeAssets/gltf/MaterialInstances/MI_Sheen_Opaque_DS" 3725
"/InterchangeAssets/gltf/MaterialInstances/MI_Sheen_Blend" 3726
"/InterchangeAssets/gltf/MaterialInstances/MI_Sheen_Mask" 3727
"/InterchangeAssets/Functions/MF_OrenNayerView" 3728
"/Engine/Functions/Substrate/MF_SchlickInternal" 3729
"/InterchangeAssets/gltf/MaterialInstances/MI_SpecularGlossiness_Blend_DS" 3730
"/InterchangeAssets/gltf/MaterialInstances/MI_SpecularGlossiness_Mask_DS" 3731
"/InterchangeAssets/gltf/MaterialInstances/MI_SpecularGlossiness_Opaque_DS" 3732
"/InterchangeAssets/gltf/MaterialInstances/MI_SpecularGlossiness_Blend" 3733
"/InterchangeAssets/Functions/MX_TransmissionSurface" 3734
"../../../Engine/Plugins/Interchange/Assets/Content/gltf/MaterialInstances/MI_Unlit_Blend.uasset" 3735
"../../../Engine/Plugins/Interchange/Assets/Content/gltf/MaterialInstances/MI_Unlit_Opaque_DS.uasset" 3736
"../../../Engine/Plugins/Interchange/Assets/Content/gltf/MaterialInstances/MI_Unlit_Mask_DS.uasset" 3737
"../../../Engine/Plugins/Interchange/Assets/Content/gltf/MaterialInstances/MI_Unlit_Blend_DS.uasset" 3738
"../../../Engine/Plugins/Interchange/Assets/Content/gltf/MaterialInstances/MI_Unlit_Mask.uasset" 3739
"../../../Engine/Plugins/Interchange/Assets/Content/gltf/MaterialInstances/MI_Unlit_Opaque.uasset" 3740
"../../../Engine/Plugins/Interchange/Assets/Content/gltf/M_Unlit.uasset" 3741
"../../../Engine/Plugins/Interchange/Assets/Content/Functions/MX_OpenPBR_Translucent.uasset" 3742
"../../../Engine/Plugins/Interchange/Assets/Content/Functions/MX_OpenPBR_Opaque.uasset" 3743
"../../../Engine/Plugins/Interchange/Assets/Content/gltf/MaterialBodies/MF_Unlit_Body.uasset" 3744
"/InterchangeAssets/Functions/MX_OpenPBR_Opaque" 3745
"/InterchangeAssets/gltf/MaterialInstances/MI_Unlit_Blend_DS" 3746
"/InterchangeAssets/gltf/MaterialInstances/MI_Unlit_Mask_DS" 3747
"/InterchangeAssets/gltf/MaterialInstances/MI_Unlit_Opaque_DS" 3748
"/InterchangeAssets/gltf/MaterialInstances/MI_Unlit_Blend" 3749
"/InterchangeAssets/gltf/MaterialInstances/MI_Unlit_Mask" 3750
"/InterchangeAssets/gltf/MaterialInstances/MI_Unlit_Opaque" 3751
"/InterchangeAssets/Functions/MX_OpenPBR_Translucent" 3752
"../../../Engine/Plugins/Animation/ControlRig/Content/Controls/ControlRig_Arrow4_1mm.uasset" 3753
"../../../Engine/Plugins/Animation/ControlRig/Content/Controls/ControlRig_Arrow4_3mm.uasset" 3754
"../../../Engine/Plugins/Animation/ControlRig/Content/Controls/ControlRig_Arrow4_solid.uasset" 3755
"../../../Engine/Plugins/Animation/ControlRig/Content/Controls/ControlRig_Arrow2_1mm.uasset" 3756
"../../../Engine/Plugins/Animation/ControlRig/Content/Controls/ControlRig_Arrow2_3mm.uasset" 3757
"../../../Engine/Plugins/Animation/ControlRig/Content/Controls/ControlRig_Arrow2_solid.uasset" 3758
"../../../Engine/Plugins/Animation/ControlRig/Content/Controls/ControlRig_Arrow_3mm.uasset" 3759
"../../../Engine/Plugins/Animation/ControlRig/Content/Controls/ControlRig_Arrow_1mm.uasset" 3760
"../../../Engine/Plugins/Animation/ControlRig/Content/Controls/ControlRig_Arrow_solid.uasset" 3761
"../../../Engine/Plugins/Animation/ControlRig/Content/Controls/ControlRig_Box_solid.uasset" 3762
"../../../Engine/Plugins/Animation/ControlRig/Content/Controls/ControlRig_Circle_1mm.uasset" 3763
"../../../Engine/Plugins/Animation/ControlRig/Content/Controls/ControlRig_Box_3mm.uasset" 3764
"../../../Engine/Plugins/Animation/ControlRig/Content/Controls/ControlRig_Box_1mm.uasset" 3765
"../../../Engine/Plugins/Animation/ControlRig/Content/Controls/ControlRig_Sphere_solid.uasset" 3766
"../../../Engine/Plugins/Animation/ControlRig/Content/Controls/ControlRig_Circle_3mm.uasset" 3767
"../../../Engine/Plugins/Animation/ControlRig/Content/Controls/ControlRig_Diamond_3mm.uasset" 3768
"../../../Engine/Plugins/Animation/ControlRig/Content/Controls/ControlRig_Diamond_1mm.uasset" 3769
"../../../Engine/Plugins/Animation/ControlRig/Content/Controls/ControlRig_HalfCircle_1mm.uasset" 3770
"../../../Engine/Plugins/Animation/ControlRig/Content/Controls/ControlRig_HalfCircle_solid.uasset" 3771
"../../../Engine/Plugins/Animation/ControlRig/Content/Controls/ControlRig_HalfCircle_3mm.uasset" 3772
"../../../Engine/Plugins/Animation/ControlRig/Content/Controls/ControlRig_Diamond_solid.uasset" 3773
"../../../Engine/Plugins/Animation/ControlRig/Content/Controls/ControlRig_Circle_solid.uasset" 3774
"../../../Engine/Plugins/Animation/ControlRig/Content/Controls/ControlRig_Hexagon_solid.uasset" 3775
"../../../Engine/Plugins/Animation/ControlRig/Content/Controls/ControlRig_Octagon_3mm.uasset" 3776
"../../../Engine/Plugins/Animation/ControlRig/Content/Controls/ControlRig_Octagon_1mm.uasset" 3777
"../../../Engine/Plugins/Animation/ControlRig/Content/Controls/ControlRig_Pyramid_1mm.uasset" 3778
"../../../Engine/Plugins/Animation/ControlRig/Content/Controls/ControlRig_Hexagon_3mm.uasset" 3779
"../../../Engine/Plugins/Animation/ControlRig/Content/Controls/ControlRig_QuarterCircle_1mm.uasset" 3780
"../../../Engine/Plugins/Animation/ControlRig/Content/Controls/ControlRig_Octagon_solid.uasset" 3781
"../../../Engine/Plugins/Animation/ControlRig/Content/Controls/ControlRig_Hexagon_1mm.uasset" 3782
"../../../Engine/Plugins/Animation/ControlRig/Content/Controls/ControlRig_Pyramid_solid.uasset" 3783
"../../../Engine/Plugins/Animation/ControlRig/Content/Controls/ControlRig_Pyramid_3mm.uasset" 3784
"/ControlRig/Controls/ControlRig_Diamond_1mm" 3785
"/ControlRig/Controls/ControlRig_Circle_solid" 3786
"/ControlRig/Controls/ControlRig_Circle_3mm" 3787
"/ControlRig/Controls/ControlRig_Circle_1mm" 3788
"/ControlRig/Controls/ControlRig_Box_solid" 3789
"/ControlRig/Controls/ControlRig_Box_3mm" 3790
"/ControlRig/Controls/ControlRig_Box_1mm" 3791
"/ControlRig/Controls/ControlRig_Arrow_solid" 3792
"/ControlRig/Controls/ControlRig_Arrow_3mm" 3793
"/ControlRig/Controls/ControlRig_Arrow_1mm" 3794
"/ControlRig/Controls/ControlRig_Arrow4_solid" 3795
"/ControlRig/Controls/ControlRig_Arrow4_3mm" 3796
"/ControlRig/Controls/ControlRig_Arrow4_1mm" 3797
"/ControlRig/Controls/ControlRig_Arrow2_solid" 3798
"/ControlRig/Controls/ControlRig_Arrow2_3mm" 3799
"/ControlRig/Controls/ControlRig_Arrow2_1mm" 3800
"/ControlRig/Controls/ControlRig_Sphere_solid" 3801
"/ControlRig/Controls/ControlRig_QuarterCircle_1mm" 3802
"/ControlRig/Controls/ControlRig_Pyramid_solid" 3803
"/ControlRig/Controls/ControlRig_Pyramid_3mm" 3804
"/ControlRig/Controls/ControlRig_Pyramid_1mm" 3805
"/ControlRig/Controls/ControlRig_Octagon_solid" 3806
"/ControlRig/Controls/ControlRig_HalfCircle_solid" 3807
"/ControlRig/Controls/ControlRig_Octagon_3mm" 3808
"/ControlRig/Controls/ControlRig_Octagon_1mm" 3809
"/ControlRig/Controls/ControlRig_HalfCircle_3mm" 3810
"/ControlRig/Controls/ControlRig_HalfCircle_1mm" 3811
"/ControlRig/Controls/ControlRig_Diamond_3mm" 3812
"/ControlRig/Controls/ControlRig_Hexagon_solid" 3813
"/ControlRig/Controls/ControlRig_Hexagon_3mm" 3814
"/ControlRig/Controls/ControlRig_Hexagon_1mm" 3815
"/ControlRig/Controls/ControlRig_Diamond_solid" 3816
"../../../Engine/Plugins/Animation/DeformerGraph/Shaders/Private/DataInterfaceCustomComputeKernel.ush" 3817
"../../../Engine/Plugins/Animation/DeformerGraph/Shaders/Private/DataInterfaceCloth.ush" 3818
"../../../Engine/Plugins/Animation/ControlRig/Content/Controls/ControlRig_QuarterCircle_3mm.uasset" 3819
"../../../Engine/Plugins/Animation/ControlRig/Content/Controls/ControlRig_RoundedSquare_1mm.uasset" 3820
"../../../Engine/Plugins/Animation/ControlRig/Content/Controls/ControlRig_RoundedTriangle_solid.uasset" 3821
"../../../Engine/Plugins/Animation/ControlRig/Content/Controls/ControlRig_Sphere_1mm.uasset" 3822
"../../../Engine/Plugins/Animation/ControlRig/Content/Controls/ControlRig_Sphere_3mm.uasset" 3823
"../../../Engine/Plugins/Animation/ControlRig/Content/Controls/ControlRig_RoundedSquare_3mm.uasset" 3824
"../../../Engine/Plugins/Animation/ControlRig/Content/Controls/ControlRig_Square_1mm.uasset" 3825
"../../../Engine/Plugins/Animation/ControlRig/Content/Controls/ControlRig_Square_solid.uasset" 3826
"../../../Engine/Plugins/Animation/ControlRig/Content/Controls/ControlRig_Square_3mm.uasset" 3827
"../../../Engine/Plugins/Animation/ControlRig/Content/Controls/ControlRig_RoundedTriangle_3mm.uasset" 3828
"../../../Engine/Plugins/Animation/ControlRig/Content/Controls/ControlRig_Star4_1mm.uasset" 3829
"../../../Engine/Plugins/Animation/ControlRig/Content/Controls/ControlRig_Star4_3mm.uasset" 3830
"../../../Engine/Plugins/Animation/ControlRig/Content/Controls/ControlRig_QuarterCircle_solid.uasset" 3831
"../../../Engine/Plugins/Animation/ControlRig/Content/Controls/ControlRig_RoundedSquare_solid.uasset" 3832
"../../../Engine/Content/Maps/Entry.umap" 3833
"../../../Engine/Plugins/Animation/ControlRig/Content/Controls/ControlRig_Star4_solid.uasset" 3834
"../../../Engine/Plugins/Animation/ControlRig/Content/Controls/ControlRig_Triangle_1mm.uasset" 3835
"../../../Engine/Plugins/Animation/ControlRig/Content/Controls/ControlRig_Triangle_3mm.uasset" 3836
"../../../Engine/Plugins/Animation/ControlRig/Content/Controls/ControlRig_Wedge_1mm.uasset" 3837
"../../../Engine/Plugins/Animation/ControlRig/Content/Controls/ControlRig_Triangle_solid.uasset" 3838
"../../../Engine/Content/EditorMaterials/PreviewShadowIndicator.uasset" 3839
"../../../Engine/Content/EditorMaterials/PreviewShadowIndicatorMaterial.uasset" 3840
"../../../Engine/Plugins/Animation/ControlRig/Content/Controls/ControlRig_Wedge_3mm.uasset" 3841
"../../../Engine/Plugins/Animation/DeformerGraph/Shaders/Private/DataInterfaceSkinnedMeshRead.ush" 3842
"../../../Engine/Plugins/Animation/ControlRig/Content/Controls/ControlRig_RoundedTriangle_1mm.uasset" 3843
"../../../Engine/Plugins/Animation/DeformerGraph/Shaders/Private/DataInterfaceSkeleton.ush" 3844
"../../../Engine/Plugins/Animation/DeformerGraph/Shaders/Private/DataInterfaceSkeletonCommon.ush" 3845
"../../../Engine/Plugins/Animation/DeformerGraph/Shaders/Private/DataInterfaceMorphTarget.ush" 3846
"../../../Engine/Plugins/Animation/DeformerGraph/Shaders/Private/DataInterfaceSkinnedMeshWrite.ush" 3847
"../../../Engine/Content/EngineMaterials/Substrate/GLints/dict_16_192_64_0p5_0p02_0000_0000.uasset" 3848
"../../../Engine/Content/EngineMaterials/Substrate/GLints/dict_16_192_64_0p5_0p02_0000_0001.uasset" 3849
"../../../Engine/Content/EngineMaterials/Substrate/GLints/dict_16_192_64_0p5_0p02_0000_0002.uasset" 3850
"../../../Engine/Content/EngineMaterials/Substrate/GLints/dict_16_192_64_0p5_0p02_0000_0004.uasset" 3851
"../../../Engine/Content/EngineMaterials/Substrate/GLints/dict_16_192_64_0p5_0p02_0000_0005.uasset" 3852
"../../../Engine/Content/EngineMaterials/Substrate/GLints/dict_16_192_64_0p5_0p02_0000_0003.uasset" 3853
"../../Plugins/Animation/ControlRig/Content/Controls/ControlRig_Diamond_1mm.uasset" 3854
"../../Plugins/Animation/ControlRig/Content/Controls/ControlRig_Circle_solid.uasset" 3855
"../../Plugins/Animation/ControlRig/Content/Controls/ControlRig_Box_solid.uasset" 3856
"../../../Engine/Content/Maps/Entry_BuiltData.uasset" 3857
"../../Plugins/Animation/ControlRig/Content/Controls/ControlRig_Circle_3mm.uasset" 3858
"../../Plugins/Animation/ControlRig/Content/Controls/ControlRig_Circle_1mm.uasset" 3859
"../../../Engine/Plugins/Animation/ControlRig/Content/Controls/ControlRig_Wedge_solid.uasset" 3860
"../../Plugins/Animation/ControlRig/Content/Controls/ControlRig_Box_3mm.uasset" 3861
"../../Plugins/Animation/ControlRig/Content/Controls/ControlRig_Box_1mm.uasset" 3862
"../../Plugins/Animation/ControlRig/Content/Controls/ControlRig_Arrow_solid.uasset" 3863
"../../Plugins/Animation/ControlRig/Content/Controls/ControlRig_Arrow4_solid.uasset" 3864
"../../Plugins/Animation/ControlRig/Content/Controls/ControlRig_Arrow_3mm.uasset" 3865
"../../Plugins/Animation/ControlRig/Content/Controls/ControlRig_Arrow4_3mm.uasset" 3866
"../../Plugins/Animation/ControlRig/Content/Controls/ControlRig_Arrow_1mm.uasset" 3867
"../../Plugins/Animation/ControlRig/Content/Controls/ControlRig_Arrow4_1mm.uasset" 3868
"../../Plugins/Animation/ControlRig/Content/Controls/ControlRig_Arrow2_solid.uasset" 3869
"../../Plugins/Animation/ControlRig/Content/Controls/ControlRig_Arrow2_3mm.uasset" 3870
"../../Plugins/Animation/ControlRig/Content/Controls/ControlRig_Arrow2_1mm.uasset" 3871
"../../Plugins/Animation/ControlRig/Content/Controls/ControlRig_Pyramid_solid.uasset" 3872
"../../Plugins/Animation/ControlRig/Content/Controls/ControlRig_Sphere_solid.uasset" 3873
"../../Plugins/Animation/ControlRig/Content/Controls/ControlRig_QuarterCircle_1mm.uasset" 3874
"../../Plugins/Animation/ControlRig/Content/Controls/ControlRig_Pyramid_3mm.uasset" 3875
"../../Plugins/Animation/ControlRig/Content/Controls/ControlRig_Pyramid_1mm.uasset" 3876
"../../Plugins/Animation/ControlRig/Content/Controls/ControlRig_Octagon_solid.uasset" 3877
"../../Plugins/Animation/ControlRig/Content/Controls/ControlRig_HalfCircle_solid.uasset" 3878
"../../Plugins/Animation/ControlRig/Content/Controls/ControlRig_Octagon_3mm.uasset" 3879
"../../Plugins/Animation/ControlRig/Content/Controls/ControlRig_Octagon_1mm.uasset" 3880
"../../Plugins/Animation/ControlRig/Content/Controls/ControlRig_HalfCircle_3mm.uasset" 3881
"../../Plugins/Animation/ControlRig/Content/Controls/ControlRig_HalfCircle_1mm.uasset" 3882
"../../Plugins/Animation/ControlRig/Content/Controls/ControlRig_Diamond_3mm.uasset" 3883
"../../Plugins/Animation/ControlRig/Content/Controls/ControlRig_Hexagon_solid.uasset" 3884
"../../Plugins/Animation/ControlRig/Content/Controls/ControlRig_Hexagon_3mm.uasset" 3885
"../../Plugins/Animation/ControlRig/Content/Controls/ControlRig_Diamond_solid.uasset" 3886
"../../Plugins/Animation/ControlRig/Content/Controls/ControlRig_Hexagon_1mm.uasset" 3887
"C:/Users/Khoa/AppData/Local/Temp/UnrealShaderWorkingDir/D3A424554FBC76590E6A0491A7B774D0/0/WorkerOutputOnly.out" 3888
"C:/Users/Khoa/AppData/Local/Temp/UnrealShaderWorkingDir/D3A424554FBC76590E6A0491A7B774D0/1/WorkerOutputOnly.out" 3889
"C:/Users/Khoa/AppData/Local/Temp/UnrealShaderWorkingDir/D3A424554FBC76590E6A0491A7B774D0/2/WorkerOutputOnly.out" 3890
"C:/Users/Khoa/AppData/Local/Temp/UnrealShaderWorkingDir/D3A424554FBC76590E6A0491A7B774D0/3/WorkerOutputOnly.out" 3891
"C:/Users/Khoa/AppData/Local/Temp/UnrealShaderWorkingDir/D3A424554FBC76590E6A0491A7B774D0/4/WorkerOutputOnly.out" 3892
"C:/Users/Khoa/AppData/Local/Temp/UnrealShaderWorkingDir/D3A424554FBC76590E6A0491A7B774D0/5/WorkerOutputOnly.out" 3893
"C:/Users/Khoa/AppData/Local/Temp/UnrealShaderWorkingDir/D3A424554FBC76590E6A0491A7B774D0/6/WorkerOutputOnly.out" 3894
"C:/Users/Khoa/AppData/Local/Temp/UnrealShaderWorkingDir/D3A424554FBC76590E6A0491A7B774D0/7/WorkerOutputOnly.out" 3895
"C:/Users/Khoa/AppData/Local/Temp/UnrealShaderWorkingDir/D3A424554FBC76590E6A0491A7B774D0/8/WorkerOutputOnly.out" 3896
"../../../Engine/Plugins/Animation/DeformerGraph/Shaders/Private/DataInterfaceRawBuffer.ush" 3897
"../../../Engine/Plugins/Runtime/ComputeFramework/Shaders/Private/BufferAlias.ush" 3898
"../../../Engine/Plugins/Animation/DeformerGraph/Shaders/Private/DataInterfaceSkinnedMesh.ush" 3899
"../../../Engine/Plugins/Animation/DeformerGraph/Shaders/Private/DataInterfaceHalfEdge.ush" 3900
"/Engine/EngineMaterials/Substrate/GLints/dict_16_192_64_0p5_0p02_0000_0005" 3901
"/Engine/EngineMaterials/Substrate/GLints/dict_16_192_64_0p5_0p02_0000_0004" 3902
"/Engine/EngineMaterials/Substrate/GLints/dict_16_192_64_0p5_0p02_0000_0003" 3903
"/Engine/EngineMaterials/Substrate/GLints/dict_16_192_64_0p5_0p02_0000_0002" 3904
"/Engine/EngineMaterials/Substrate/GLints/dict_16_192_64_0p5_0p02_0000_0001" 3905
"/Engine/EngineMaterials/Substrate/GLints/dict_16_192_64_0p5_0p02_0000_0000" 3906
"/Engine/EditorMaterials/PreviewShadowIndicatorMaterial" 3907
"/Engine/Maps/Entry" 3908
"/ControlRig/Controls/ControlRig_Wedge_solid" 3909
"/ControlRig/Controls/ControlRig_Wedge_3mm" 3910
"/ControlRig/Controls/ControlRig_Wedge_1mm" 3911
"/ControlRig/Controls/ControlRig_Triangle_solid" 3912
"/ControlRig/Controls/ControlRig_Triangle_3mm" 3913
"/ControlRig/Controls/ControlRig_Triangle_1mm" 3914
"/ControlRig/Controls/ControlRig_Star4_solid" 3915
"../../Plugins/Animation/ControlRig/Content/Controls/ControlRig_Wedge_solid.uasset" 3916
"../../Plugins/Animation/ControlRig/Content/Controls/ControlRig_Wedge_1mm.uasset" 3917
"../../Plugins/Animation/ControlRig/Content/Controls/ControlRig_Triangle_3mm.uasset" 3918
"../../Plugins/Animation/ControlRig/Content/Controls/ControlRig_Triangle_1mm.uasset" 3919
"../../Plugins/Animation/ControlRig/Content/Controls/ControlRig_Triangle_solid.uasset" 3920
"../../Plugins/Animation/ControlRig/Content/Controls/ControlRig_Star4_solid.uasset" 3921
"../../Plugins/Animation/ControlRig/Content/Controls/ControlRig_Wedge_3mm.uasset" 3922
"/ControlRig/Controls/ControlRig_Star4_3mm" 3923
"/ControlRig/Controls/ControlRig_Star4_1mm" 3924
"/ControlRig/Controls/ControlRig_Square_solid" 3925
"/ControlRig/Controls/ControlRig_Square_3mm" 3926
"/ControlRig/Controls/ControlRig_Square_1mm" 3927
"/ControlRig/Controls/ControlRig_Sphere_3mm" 3928
"/ControlRig/Controls/ControlRig_Sphere_1mm" 3929
"/ControlRig/Controls/ControlRig_RoundedTriangle_solid" 3930
"/ControlRig/Controls/ControlRig_RoundedTriangle_3mm" 3931
"/ControlRig/Controls/ControlRig_RoundedTriangle_1mm" 3932
"/ControlRig/Controls/ControlRig_RoundedSquare_solid" 3933
"/ControlRig/Controls/ControlRig_RoundedSquare_3mm" 3934
"/ControlRig/Controls/ControlRig_RoundedSquare_1mm" 3935
"/ControlRig/Controls/ControlRig_QuarterCircle_solid" 3936
"/ControlRig/Controls/ControlRig_QuarterCircle_3mm" 3937
"../../../Engine/Content/EngineMaterials/Substrate/GLints/dict_16_192_64_0p5_0p02_0000_0007.uasset" 3938
"../../../Engine/Content/EngineMaterials/Substrate/GLints/dict_16_192_64_0p5_0p02_0000_0006.uasset" 3939
"../../../Engine/Content/EngineMaterials/Substrate/GLints/dict_16_192_64_0p5_0p02_0000_0008.uasset" 3940
"/Engine/EngineMaterials/Substrate/GLints/dict_16_192_64_0p5_0p02_0000_0008" 3941
"/Engine/EngineMaterials/Substrate/GLints/dict_16_192_64_0p5_0p02_0000_0007" 3942
"/Engine/EngineMaterials/Substrate/GLints/dict_16_192_64_0p5_0p02_0000_0006" 3943
"../../../Engine/Content/EngineMaterials/Substrate/GLints/dict_16_192_64_0p5_0p02_0000_0010.uasset" 3944
"../../../Engine/Content/EngineMaterials/Substrate/GLints/dict_16_192_64_0p5_0p02_0000_0009.uasset" 3945
"/Engine/EngineMaterials/Substrate/GLints/dict_16_192_64_0p5_0p02_0000_0010" 3946
"/Engine/EngineMaterials/Substrate/GLints/dict_16_192_64_0p5_0p02_0000_0009" 3947
"../../../Engine/Content/EngineMaterials/Substrate/GLints/dict_16_192_64_0p5_0p02_0000_0011.uasset" 3948
"../../../Engine/Content/EngineMaterials/Substrate/GLints/dict_16_192_64_0p5_0p02_0000_0012.uasset" 3949
"../../../Engine/Content/EngineMaterials/Substrate/GLints/dict_16_192_64_0p5_0p02_0001_0001.uasset" 3950
"../../../Engine/Content/EngineMaterials/Substrate/GLints/dict_16_192_64_0p5_0p02_0000_0014.uasset" 3951
"../../../Engine/Content/EngineMaterials/Substrate/GLints/dict_16_192_64_0p5_0p02_0000_0013.uasset" 3952
"../../../Engine/Content/EngineMaterials/Substrate/GLints/dict_16_192_64_0p5_0p02_0001_0002.uasset" 3953
"../../../Engine/Content/EngineMaterials/Substrate/GLints/dict_16_192_64_0p5_0p02_0000_0015.uasset" 3954
"../../../Engine/Content/EngineMaterials/Substrate/GLints/dict_16_192_64_0p5_0p02_0001_0004.uasset" 3955
"../../../Engine/Content/EngineMaterials/Substrate/GLints/dict_16_192_64_0p5_0p02_0001_0003.uasset" 3956
"../../../Engine/Content/EngineMaterials/Substrate/GLints/dict_16_192_64_0p5_0p02_0001_0000.uasset" 3957
"/Engine/EngineMaterials/Substrate/GLints/dict_16_192_64_0p5_0p02_0001_0004" 3958
"/Engine/EngineMaterials/Substrate/GLints/dict_16_192_64_0p5_0p02_0001_0003" 3959
"/Engine/EngineMaterials/Substrate/GLints/dict_16_192_64_0p5_0p02_0001_0002" 3960
"/Engine/EngineMaterials/Substrate/GLints/dict_16_192_64_0p5_0p02_0001_0001" 3961
"/Engine/EngineMaterials/Substrate/GLints/dict_16_192_64_0p5_0p02_0001_0000" 3962
"/Engine/EngineMaterials/Substrate/GLints/dict_16_192_64_0p5_0p02_0000_0015" 3963
"/Engine/EngineMaterials/Substrate/GLints/dict_16_192_64_0p5_0p02_0000_0014" 3964
"/Engine/EngineMaterials/Substrate/GLints/dict_16_192_64_0p5_0p02_0000_0013" 3965
"/Engine/EngineMaterials/Substrate/GLints/dict_16_192_64_0p5_0p02_0000_0012" 3966
"/Engine/EngineMaterials/Substrate/GLints/dict_16_192_64_0p5_0p02_0000_0011" 3967
"../../../Engine/Content/EngineMaterials/Substrate/GLints/dict_16_192_64_0p5_0p02_0001_0010.uasset" 3968
"../../../Engine/Content/EngineMaterials/Substrate/GLints/dict_16_192_64_0p5_0p02_0001_0007.uasset" 3969
"../../../Engine/Content/EngineMaterials/Substrate/GLints/dict_16_192_64_0p5_0p02_0001_0011.uasset" 3970
"../../../Engine/Content/EngineMaterials/Substrate/GLints/dict_16_192_64_0p5_0p02_0001_0013.uasset" 3971
"../../../Engine/Content/EngineMaterials/Substrate/GLints/dict_16_192_64_0p5_0p02_0001_0006.uasset" 3972
"../../../Engine/Content/EngineMaterials/Substrate/GLints/dict_16_192_64_0p5_0p02_0001_0008.uasset" 3973
"../../../Engine/Content/EngineMaterials/Substrate/GLints/dict_16_192_64_0p5_0p02_0001_0012.uasset" 3974
"../../../Engine/Content/EngineMaterials/Substrate/GLints/dict_16_192_64_0p5_0p02_0001_0005.uasset" 3975
"../../../Engine/Content/EngineMaterials/Substrate/GLints/dict_16_192_64_0p5_0p02_0001_0009.uasset" 3976
"/Engine/EngineMaterials/Substrate/GLints/dict_16_192_64_0p5_0p02_0001_0006" 3977
"/Engine/EngineMaterials/Substrate/GLints/dict_16_192_64_0p5_0p02_0001_0005" 3978
"/Engine/EngineMaterials/Substrate/GLints/dict_16_192_64_0p5_0p02_0001_0013" 3979
"/Engine/EngineMaterials/Substrate/GLints/dict_16_192_64_0p5_0p02_0001_0012" 3980
"/Engine/EngineMaterials/Substrate/GLints/dict_16_192_64_0p5_0p02_0001_0011" 3981
"/Engine/EngineMaterials/Substrate/GLints/dict_16_192_64_0p5_0p02_0001_0010" 3982
"/Engine/EngineMaterials/Substrate/GLints/dict_16_192_64_0p5_0p02_0001_0009" 3983
"/Engine/EngineMaterials/Substrate/GLints/dict_16_192_64_0p5_0p02_0001_0008" 3984
"/Engine/EngineMaterials/Substrate/GLints/dict_16_192_64_0p5_0p02_0001_0007" 3985
"../../../Engine/Content/EngineMaterials/Substrate/GLints/dict_16_192_64_0p5_0p02_0002_0003.uasset" 3986
"../../../Engine/Content/EngineMaterials/Substrate/GLints/dict_16_192_64_0p5_0p02_0002_0002.uasset" 3987
"../../../Engine/Content/EngineMaterials/Substrate/GLints/dict_16_192_64_0p5_0p02_0002_0000.uasset" 3988
"../../../Engine/Content/EngineMaterials/Substrate/GLints/dict_16_192_64_0p5_0p02_0001_0015.uasset" 3989
"../../../Engine/Content/EngineMaterials/Substrate/GLints/dict_16_192_64_0p5_0p02_0002_0005.uasset" 3990
"../../../Engine/Content/EngineMaterials/Substrate/GLints/dict_16_192_64_0p5_0p02_0001_0014.uasset" 3991
"../../../Engine/Content/EngineMaterials/Substrate/GLints/dict_16_192_64_0p5_0p02_0002_0001.uasset" 3992
"../../../Engine/Content/EngineMaterials/Substrate/GLints/dict_16_192_64_0p5_0p02_0002_0004.uasset" 3993
"/Engine/EngineMaterials/Substrate/GLints/dict_16_192_64_0p5_0p02_0002_0005" 3994
"/Engine/EngineMaterials/Substrate/GLints/dict_16_192_64_0p5_0p02_0002_0004" 3995
"/Engine/EngineMaterials/Substrate/GLints/dict_16_192_64_0p5_0p02_0002_0003" 3996
"/Engine/EngineMaterials/Substrate/GLints/dict_16_192_64_0p5_0p02_0002_0002" 3997
"/Engine/EngineMaterials/Substrate/GLints/dict_16_192_64_0p5_0p02_0002_0001" 3998
"/Engine/EngineMaterials/Substrate/GLints/dict_16_192_64_0p5_0p02_0002_0000" 3999
"/Engine/EngineMaterials/Substrate/GLints/dict_16_192_64_0p5_0p02_0001_0015" 4000
"/Engine/EngineMaterials/Substrate/GLints/dict_16_192_64_0p5_0p02_0001_0014" 4001
"../../../Engine/Content/EngineMaterials/Substrate/GLints/dict_16_192_64_0p5_0p02_0002_0006.uasset" 4002
"/Engine/EngineMaterials/Substrate/GLints/dict_16_192_64_0p5_0p02_0002_0006" 4003
"../../../Engine/Content/EngineMaterials/Substrate/GLints/dict_16_192_64_0p5_0p02_0002_0009.uasset" 4004
"../../../Engine/Content/EngineMaterials/Substrate/GLints/dict_16_192_64_0p5_0p02_0002_0013.uasset" 4005
"../../../Engine/Content/EngineMaterials/Substrate/GLints/dict_16_192_64_0p5_0p02_0002_0015.uasset" 4006
"../../../Engine/Content/EngineMaterials/Substrate/GLints/dict_16_192_64_0p5_0p02_0003_0000.uasset" 4007
"/Engine/EngineMaterials/Substrate/GLints/dict_16_192_64_0p5_0p02_0003_0000" 4008
"/Engine/EngineMaterials/Substrate/GLints/dict_16_192_64_0p5_0p02_0002_0015" 4009
"/Engine/EngineMaterials/Substrate/GLints/dict_16_192_64_0p5_0p02_0002_0013" 4010
"/Engine/EngineMaterials/Substrate/GLints/dict_16_192_64_0p5_0p02_0002_0009" 4011
"../../../Engine/Content/EngineMaterials/Substrate/GLints/dict_16_192_64_0p5_0p02_0003_0001.uasset" 4012
"../../../Engine/Content/EngineMaterials/Substrate/GLints/dict_16_192_64_0p5_0p02_0003_0004.uasset" 4013
"../../../Engine/Content/EngineMaterials/Substrate/GLints/dict_16_192_64_0p5_0p02_0003_0002.uasset" 4014
"../../../Engine/Content/EngineMaterials/Substrate/GLints/dict_16_192_64_0p5_0p02_0003_0003.uasset" 4015
"/Engine/EngineMaterials/Substrate/GLints/dict_16_192_64_0p5_0p02_0003_0004" 4016
"/Engine/EngineMaterials/Substrate/GLints/dict_16_192_64_0p5_0p02_0003_0003" 4017
"/Engine/EngineMaterials/Substrate/GLints/dict_16_192_64_0p5_0p02_0003_0002" 4018
"/Engine/EngineMaterials/Substrate/GLints/dict_16_192_64_0p5_0p02_0003_0001" 4019
"../../../Engine/Content/EngineMaterials/Substrate/GLints/dict_16_192_64_0p5_0p02_0003_0006.uasset" 4020
"../../../Engine/Content/EngineMaterials/Substrate/GLints/dict_16_192_64_0p5_0p02_0003_0005.uasset" 4021
"../../../Engine/Content/EngineMaterials/Substrate/GLints/dict_16_192_64_0p5_0p02_0003_0008.uasset" 4022
"../../../Engine/Content/EngineMaterials/Substrate/GLints/dict_16_192_64_0p5_0p02_0003_0007.uasset" 4023
"/Engine/EngineMaterials/Substrate/GLints/dict_16_192_64_0p5_0p02_0003_0008" 4024
"/Engine/EngineMaterials/Substrate/GLints/dict_16_192_64_0p5_0p02_0003_0007" 4025
"/Engine/EngineMaterials/Substrate/GLints/dict_16_192_64_0p5_0p02_0003_0006" 4026
"/Engine/EngineMaterials/Substrate/GLints/dict_16_192_64_0p5_0p02_0003_0005" 4027
"../../../Engine/Content/EngineMaterials/Substrate/GLints/dict_16_192_64_0p5_0p02_0003_0009.uasset" 4028
"../../../Engine/Content/EngineMaterials/Substrate/GLints/dict_16_192_64_0p5_0p02_0003_0012.uasset" 4029
"../../../Engine/Content/EngineMaterials/Substrate/GLints/dict_16_192_64_0p5_0p02_0003_0010.uasset" 4030
"../../../Engine/Content/EngineMaterials/Substrate/GLints/dict_16_192_64_0p5_0p02_0003_0011.uasset" 4031
"/Engine/EngineMaterials/Substrate/GLints/dict_16_192_64_0p5_0p02_0003_0012" 4032
"/Engine/EngineMaterials/Substrate/GLints/dict_16_192_64_0p5_0p02_0003_0011" 4033
"/Engine/EngineMaterials/Substrate/GLints/dict_16_192_64_0p5_0p02_0003_0010" 4034
"/Engine/EngineMaterials/Substrate/GLints/dict_16_192_64_0p5_0p02_0003_0009" 4035
"../../../Engine/Content/EngineMaterials/Substrate/GLints/dict_16_192_64_0p5_0p02_0003_0013.uasset" 4036
"../../../Engine/Content/EngineMaterials/Substrate/GLints/dict_16_192_64_0p5_0p02_0002_0011.uasset" 4037
"../../../Engine/Content/EngineMaterials/Substrate/GLints/dict_16_192_64_0p5_0p02_0002_0014.uasset" 4038
"../../../Engine/Content/EngineMaterials/Substrate/GLints/dict_16_192_64_0p5_0p02_0002_0012.uasset" 4039
"../../../Engine/Content/EngineMaterials/Substrate/GLints/dict_16_192_64_0p5_0p02_0002_0008.uasset" 4040
"../../../Engine/Content/EngineMaterials/Substrate/GLints/dict_16_192_64_0p5_0p02_0002_0007.uasset" 4041
"../../../Engine/Content/EngineMaterials/Substrate/GLints/dict_16_192_64_0p5_0p02_0002_0010.uasset" 4042
"/Engine/EngineMaterials/Substrate/GLints/dict_16_192_64_0p5_0p02_0003_0013" 4043
"../../../Engine/Content/EngineMaterials/Substrate/GLints/dict_16_192_64_0p5_0p02_0004_0000.uasset" 4044
"../../../Engine/Content/EngineMaterials/Substrate/GLints/dict_16_192_64_0p5_0p02_0003_0015.uasset" 4045
"../../../Engine/Content/EngineMaterials/Substrate/GLints/dict_16_192_64_0p5_0p02_0003_0014.uasset" 4046
"/Engine/EngineMaterials/Substrate/GLints/dict_16_192_64_0p5_0p02_0002_0014" 4047
"/Engine/EngineMaterials/Substrate/GLints/dict_16_192_64_0p5_0p02_0002_0012" 4048
"/Engine/EngineMaterials/Substrate/GLints/dict_16_192_64_0p5_0p02_0002_0011" 4049
"/Engine/EngineMaterials/Substrate/GLints/dict_16_192_64_0p5_0p02_0002_0010" 4050
"/Engine/EngineMaterials/Substrate/GLints/dict_16_192_64_0p5_0p02_0002_0008" 4051
"/Engine/EngineMaterials/Substrate/GLints/dict_16_192_64_0p5_0p02_0002_0007" 4052
"/Engine/EngineMaterials/Substrate/GLints/dict_16_192_64_0p5_0p02_0004_0000" 4053
"/Engine/EngineMaterials/Substrate/GLints/dict_16_192_64_0p5_0p02_0003_0015" 4054
"/Engine/EngineMaterials/Substrate/GLints/dict_16_192_64_0p5_0p02_0003_0014" 4055
"../../../Engine/Content/EngineMaterials/Substrate/GLints/dict_16_192_64_0p5_0p02_0004_0006.uasset" 4056
"../../../Engine/Content/EngineMaterials/Substrate/GLints/dict_16_192_64_0p5_0p02_0004_0005.uasset" 4057
"../../../Engine/Content/EngineMaterials/Substrate/GLints/dict_16_192_64_0p5_0p02_0004_0001.uasset" 4058
"../../../Engine/Content/EngineMaterials/Substrate/GLints/dict_16_192_64_0p5_0p02_0004_0009.uasset" 4059
"../../../Engine/Content/EngineMaterials/Substrate/GLints/dict_16_192_64_0p5_0p02_0004_0007.uasset" 4060
"../../../Engine/Content/EngineMaterials/Substrate/GLints/dict_16_192_64_0p5_0p02_0004_0002.uasset" 4061
"../../../Engine/Content/EngineMaterials/Substrate/GLints/dict_16_192_64_0p5_0p02_0004_0010.uasset" 4062
"../../../Engine/Content/EngineMaterials/Substrate/GLints/dict_16_192_64_0p5_0p02_0004_0008.uasset" 4063
"../../../Engine/Content/EngineMaterials/Substrate/GLints/dict_16_192_64_0p5_0p02_0004_0004.uasset" 4064
"../../../Engine/Content/EngineMaterials/Substrate/GLints/dict_16_192_64_0p5_0p02_0004_0003.uasset" 4065
"/Engine/EngineMaterials/Substrate/GLints/dict_16_192_64_0p5_0p02_0004_0010" 4066
"/Engine/EngineMaterials/Substrate/GLints/dict_16_192_64_0p5_0p02_0004_0009" 4067
"/Engine/EngineMaterials/Substrate/GLints/dict_16_192_64_0p5_0p02_0004_0008" 4068
"/Engine/EngineMaterials/Substrate/GLints/dict_16_192_64_0p5_0p02_0004_0007" 4069
"/Engine/EngineMaterials/Substrate/GLints/dict_16_192_64_0p5_0p02_0004_0006" 4070
"/Engine/EngineMaterials/Substrate/GLints/dict_16_192_64_0p5_0p02_0004_0005" 4071
"../../../Engine/Content/EngineMaterials/Substrate/GLints/dict_16_192_64_0p5_0p02_0004_0013.uasset" 4072
"../../../Engine/Content/EngineMaterials/Substrate/GLints/dict_16_192_64_0p5_0p02_0005_0001.uasset" 4073
"../../../Engine/Content/EngineMaterials/Substrate/GLints/dict_16_192_64_0p5_0p02_0004_0015.uasset" 4074
"../../../Engine/Content/EngineMaterials/Substrate/GLints/dict_16_192_64_0p5_0p02_0005_0000.uasset" 4075
"../../../Engine/Content/EngineMaterials/Substrate/GLints/dict_16_192_64_0p5_0p02_0004_0012.uasset" 4076
"../../../Engine/Content/EngineMaterials/Substrate/GLints/dict_16_192_64_0p5_0p02_0004_0011.uasset" 4077
"/Engine/EngineMaterials/Substrate/GLints/dict_16_192_64_0p5_0p02_0004_0004" 4078
"/Engine/EngineMaterials/Substrate/GLints/dict_16_192_64_0p5_0p02_0004_0003" 4079
"/Engine/EngineMaterials/Substrate/GLints/dict_16_192_64_0p5_0p02_0004_0002" 4080
"/Engine/EngineMaterials/Substrate/GLints/dict_16_192_64_0p5_0p02_0004_0001" 4081
"/Engine/EngineMaterials/Substrate/GLints/dict_16_192_64_0p5_0p02_0004_0013" 4082
"/Engine/EngineMaterials/Substrate/GLints/dict_16_192_64_0p5_0p02_0004_0012" 4083
"/Engine/EngineMaterials/Substrate/GLints/dict_16_192_64_0p5_0p02_0004_0011" 4084
"/Engine/EngineMaterials/Substrate/GLints/dict_16_192_64_0p5_0p02_0005_0001" 4085
"/Engine/EngineMaterials/Substrate/GLints/dict_16_192_64_0p5_0p02_0005_0000" 4086
"/Engine/EngineMaterials/Substrate/GLints/dict_16_192_64_0p5_0p02_0004_0015" 4087
"../../../Engine/Content/EngineMaterials/Substrate/GLints/dict_16_192_64_0p5_0p02_0005_0004.uasset" 4088
"../../../Engine/Content/EngineMaterials/Substrate/GLints/dict_16_192_64_0p5_0p02_0004_0014.uasset" 4089
"../../../Engine/Content/EngineMaterials/Substrate/GLints/dict_16_192_64_0p5_0p02_0005_0005.uasset" 4090
"../../../Engine/Content/EngineMaterials/Substrate/GLints/dict_16_192_64_0p5_0p02_0005_0003.uasset" 4091
"../../../Engine/Content/EngineMaterials/Substrate/GLints/dict_16_192_64_0p5_0p02_0005_0006.uasset" 4092
"../../../Engine/Content/EngineMaterials/Substrate/GLints/dict_16_192_64_0p5_0p02_0005_0002.uasset" 4093
"../../../Engine/Content/EngineMaterials/Substrate/GLints/dict_16_192_64_0p5_0p02_0005_0007.uasset" 4094
"../../../Engine/Content/EngineMaterials/Substrate/GLints/dict_16_192_64_0p5_0p02_0005_0008.uasset" 4095
"../../../Engine/Content/EngineMaterials/Substrate/GLints/dict_16_192_64_0p5_0p02_0005_0009.uasset" 4096
"/Engine/EngineMaterials/Substrate/GLints/dict_16_192_64_0p5_0p02_0005_0006" 4097
"/Engine/EngineMaterials/Substrate/GLints/dict_16_192_64_0p5_0p02_0004_0014" 4098
"../../../Engine/Content/EngineMaterials/Substrate/GLints/dict_16_192_64_0p5_0p02_0005_0010.uasset" 4099
"/Engine/EngineMaterials/Substrate/GLints/dict_16_192_64_0p5_0p02_0005_0007" 4100
"/Engine/EngineMaterials/Substrate/GLints/dict_16_192_64_0p5_0p02_0005_0005" 4101
"/Engine/EngineMaterials/Substrate/GLints/dict_16_192_64_0p5_0p02_0005_0004" 4102
"/Engine/EngineMaterials/Substrate/GLints/dict_16_192_64_0p5_0p02_0005_0003" 4103
"/Engine/EngineMaterials/Substrate/GLints/dict_16_192_64_0p5_0p02_0005_0002" 4104
"/Engine/EngineMaterials/Substrate/GLints/dict_16_192_64_0p5_0p02_0005_0010" 4105
"/Engine/EngineMaterials/Substrate/GLints/dict_16_192_64_0p5_0p02_0005_0009" 4106
"/Engine/EngineMaterials/Substrate/GLints/dict_16_192_64_0p5_0p02_0005_0008" 4107
"../../../Engine/Content/EngineMaterials/Substrate/GLints/dict_16_192_64_0p5_0p02_0006_0000.uasset" 4108
"../../../Engine/Content/EngineMaterials/Substrate/GLints/dict_16_192_64_0p5_0p02_0005_0014.uasset" 4109
"../../../Engine/Content/EngineMaterials/Substrate/GLints/dict_16_192_64_0p5_0p02_0005_0012.uasset" 4110
"../../../Engine/Content/EngineMaterials/Substrate/GLints/dict_16_192_64_0p5_0p02_0005_0013.uasset" 4111
"../../../Engine/Content/EngineMaterials/Substrate/GLints/dict_16_192_64_0p5_0p02_0006_0004.uasset" 4112
"../../../Engine/Content/EngineMaterials/Substrate/GLints/dict_16_192_64_0p5_0p02_0006_0003.uasset" 4113
"../../../Engine/Content/EngineMaterials/Substrate/GLints/dict_16_192_64_0p5_0p02_0005_0015.uasset" 4114
"../../../Engine/Content/EngineMaterials/Substrate/GLints/dict_16_192_64_0p5_0p02_0006_0001.uasset" 4115
"../../../Engine/Content/EngineMaterials/Substrate/GLints/dict_16_192_64_0p5_0p02_0005_0011.uasset" 4116
"/Engine/EngineMaterials/Substrate/GLints/dict_16_192_64_0p5_0p02_0005_0013" 4117
"/Engine/EngineMaterials/Substrate/GLints/dict_16_192_64_0p5_0p02_0005_0012" 4118
"/Engine/EngineMaterials/Substrate/GLints/dict_16_192_64_0p5_0p02_0005_0011" 4119
"/Engine/EngineMaterials/Substrate/GLints/dict_16_192_64_0p5_0p02_0006_0004" 4120
"/Engine/EngineMaterials/Substrate/GLints/dict_16_192_64_0p5_0p02_0006_0003" 4121
"/Engine/EngineMaterials/Substrate/GLints/dict_16_192_64_0p5_0p02_0006_0001" 4122
"../../../Engine/Content/EngineMaterials/Substrate/GLints/dict_16_192_64_0p5_0p02_0006_0008.uasset" 4123
"../../../Engine/Content/EngineMaterials/Substrate/GLints/dict_16_192_64_0p5_0p02_0006_0006.uasset" 4124
"../../../Engine/Content/EngineMaterials/Substrate/GLints/dict_16_192_64_0p5_0p02_0006_0007.uasset" 4125
"../../../Engine/Content/EngineMaterials/Substrate/GLints/dict_16_192_64_0p5_0p02_0006_0005.uasset" 4126
"/Engine/EngineMaterials/Substrate/GLints/dict_16_192_64_0p5_0p02_0006_0000" 4127
"/Engine/EngineMaterials/Substrate/GLints/dict_16_192_64_0p5_0p02_0005_0015" 4128
"/Engine/EngineMaterials/Substrate/GLints/dict_16_192_64_0p5_0p02_0005_0014" 4129
"/Engine/EngineMaterials/Substrate/GLints/dict_16_192_64_0p5_0p02_0006_0008" 4130
"/Engine/EngineMaterials/Substrate/GLints/dict_16_192_64_0p5_0p02_0006_0007" 4131
"/Engine/EngineMaterials/Substrate/GLints/dict_16_192_64_0p5_0p02_0006_0006" 4132
"../../../Engine/Content/EngineMaterials/Substrate/GLints/dict_16_192_64_0p5_0p02_0006_0010.uasset" 4133
"/Engine/EngineMaterials/Substrate/GLints/dict_16_192_64_0p5_0p02_0006_0005" 4134
"/Engine/EngineMaterials/Substrate/GLints/dict_16_192_64_0p5_0p02_0006_0010" 4135
"../../../Engine/Content/EngineMaterials/Substrate/GLints/dict_16_192_64_0p5_0p02_0006_0011.uasset" 4136
"../../../Engine/Content/EngineMaterials/Substrate/GLints/dict_16_192_64_0p5_0p02_0006_0013.uasset" 4137
"../../../Engine/Content/EngineMaterials/Substrate/GLints/dict_16_192_64_0p5_0p02_0006_0009.uasset" 4138
"../../../Engine/Content/EngineMaterials/Substrate/GLints/dict_16_192_64_0p5_0p02_0006_0012.uasset" 4139
"../../../Engine/Content/EngineMaterials/Substrate/GLints/dict_16_192_64_0p5_0p02_0007_0000.uasset" 4140
"../../../Engine/Content/EngineMaterials/Substrate/GLints/dict_16_192_64_0p5_0p02_0006_0014.uasset" 4141
"../../../Engine/Content/EngineMaterials/Substrate/GLints/dict_16_192_64_0p5_0p02_0006_0015.uasset" 4142
"../../../Engine/Content/EngineMaterials/Substrate/GLints/dict_16_192_64_0p5_0p02_0007_0001.uasset" 4143
"../../../Engine/Content/EngineMaterials/Substrate/GLints/dict_16_192_64_0p5_0p02_0007_0002.uasset" 4144
"../../../Engine/Content/EngineMaterials/Substrate/GLints/dict_16_192_64_0p5_0p02_0007_0003.uasset" 4145
"/Engine/EngineMaterials/Substrate/GLints/dict_16_192_64_0p5_0p02_0007_0000" 4146
"../../../Engine/Content/EngineMaterials/Substrate/GLints/dict_16_192_64_0p5_0p02_0007_0005.uasset" 4147
"../../../Engine/Content/EngineMaterials/Substrate/GLints/dict_16_192_64_0p5_0p02_0007_0004.uasset" 4148
"/Engine/EngineMaterials/Substrate/GLints/dict_16_192_64_0p5_0p02_0006_0015" 4149
"/Engine/EngineMaterials/Substrate/GLints/dict_16_192_64_0p5_0p02_0006_0014" 4150
"/Engine/EngineMaterials/Substrate/GLints/dict_16_192_64_0p5_0p02_0006_0009" 4151
"/Engine/EngineMaterials/Substrate/GLints/dict_16_192_64_0p5_0p02_0007_0003" 4152
"/Engine/EngineMaterials/Substrate/GLints/dict_16_192_64_0p5_0p02_0007_0002" 4153
"/Engine/EngineMaterials/Substrate/GLints/dict_16_192_64_0p5_0p02_0007_0001" 4154
"/Engine/EngineMaterials/Substrate/GLints/dict_16_192_64_0p5_0p02_0006_0013" 4155
"/Engine/EngineMaterials/Substrate/GLints/dict_16_192_64_0p5_0p02_0006_0012" 4156
"../../../Engine/Content/EngineMaterials/Substrate/GLints/dict_16_192_64_0p5_0p02_0007_0007.uasset" 4157
"/Engine/EngineMaterials/Substrate/GLints/dict_16_192_64_0p5_0p02_0006_0011" 4158
"../../../Engine/Content/EngineMaterials/Substrate/GLints/dict_16_192_64_0p5_0p02_0007_0010.uasset" 4159
"../../../Engine/Content/EngineMaterials/Substrate/GLints/dict_16_192_64_0p5_0p02_0007_0008.uasset" 4160
"../../../Engine/Content/EngineMaterials/Substrate/GLints/dict_16_192_64_0p5_0p02_0007_0009.uasset" 4161
"/Engine/EngineMaterials/Substrate/GLints/dict_16_192_64_0p5_0p02_0007_0007" 4162
"/Engine/EngineMaterials/Substrate/GLints/dict_16_192_64_0p5_0p02_0007_0010" 4163
"/Engine/EngineMaterials/Substrate/GLints/dict_16_192_64_0p5_0p02_0007_0009" 4164
"/Engine/EngineMaterials/Substrate/GLints/dict_16_192_64_0p5_0p02_0007_0008" 4165
"/Engine/EngineMaterials/Substrate/GLints/dict_16_192_64_0p5_0p02_0007_0005" 4166
"../../../Engine/Content/EngineMaterials/Substrate/GLints/dict_16_192_64_0p5_0p02_0007_0011.uasset" 4167
"/Engine/EngineMaterials/Substrate/GLints/dict_16_192_64_0p5_0p02_0007_0004" 4168
"/Engine/EngineMaterials/Substrate/GLints/dict_16_192_64_0p5_0p02_0007_0011" 4169
"../../../Engine/Content/EngineMaterials/Substrate/GLints/dict_16_192_64_0p5_0p02_0006_0002.uasset" 4170
"/Engine/EngineMaterials/Substrate/GLints/dict_16_192_64_0p5_0p02_0006_0002" 4171
"../../../Engine/Content/EngineMaterials/Substrate/GLints/dict_16_192_64_0p5_0p02_0007_0012.uasset" 4172
"../../../Engine/Content/EngineMaterials/Substrate/GLints/dict_16_192_64_0p5_0p02_0007_0006.uasset" 4173
"../../../Engine/Content/EngineMaterials/Substrate/GLints/dict_16_192_64_0p5_0p02_0008_0003.uasset" 4174
"../../../Engine/Content/EngineMaterials/Substrate/GLints/dict_16_192_64_0p5_0p02_0007_0014.uasset" 4175
"../../../Engine/Content/EngineMaterials/Substrate/GLints/dict_16_192_64_0p5_0p02_0007_0015.uasset" 4176
"../../../Engine/Content/EngineMaterials/Substrate/GLints/dict_16_192_64_0p5_0p02_0008_0001.uasset" 4177
"../../../Engine/Content/EngineMaterials/Substrate/GLints/dict_16_192_64_0p5_0p02_0008_0000.uasset" 4178
"../../../Engine/Content/EngineMaterials/Substrate/GLints/dict_16_192_64_0p5_0p02_0008_0004.uasset" 4179
"../../../Engine/Content/EngineMaterials/Substrate/GLints/dict_16_192_64_0p5_0p02_0007_0013.uasset" 4180
"../../../Engine/Content/EngineMaterials/Substrate/GLints/dict_16_192_64_0p5_0p02_0008_0002.uasset" 4181
"/Engine/EngineMaterials/Substrate/GLints/dict_16_192_64_0p5_0p02_0008_0003" 4182
"/Engine/EngineMaterials/Substrate/GLints/dict_16_192_64_0p5_0p02_0007_0006" 4183
"/Engine/EngineMaterials/Substrate/GLints/dict_16_192_64_0p5_0p02_0008_0002" 4184
"/Engine/EngineMaterials/Substrate/GLints/dict_16_192_64_0p5_0p02_0008_0001" 4185
"/Engine/EngineMaterials/Substrate/GLints/dict_16_192_64_0p5_0p02_0008_0004" 4186
"/Engine/EngineMaterials/Substrate/GLints/dict_16_192_64_0p5_0p02_0008_0000" 4187
"/Engine/EngineMaterials/Substrate/GLints/dict_16_192_64_0p5_0p02_0007_0015" 4188
"/Engine/EngineMaterials/Substrate/GLints/dict_16_192_64_0p5_0p02_0007_0014" 4189
"/Engine/EngineMaterials/Substrate/GLints/dict_16_192_64_0p5_0p02_0007_0013" 4190
"/Engine/EngineMaterials/Substrate/GLints/dict_16_192_64_0p5_0p02_0007_0012" 4191
"../../../Engine/Content/EngineMaterials/Substrate/GLints/dict_16_192_64_0p5_0p02_0008_0009.uasset" 4192
"../../../Engine/Content/EngineMaterials/Substrate/GLints/dict_16_192_64_0p5_0p02_0008_0005.uasset" 4193
"../../../Engine/Content/EngineMaterials/Substrate/GLints/dict_16_192_64_0p5_0p02_0008_0007.uasset" 4194
"../../../Engine/Content/EngineMaterials/Substrate/GLints/dict_16_192_64_0p5_0p02_0008_0006.uasset" 4195
"../../../Engine/Content/EngineMaterials/Substrate/GLints/dict_16_192_64_0p5_0p02_0008_0012.uasset" 4196
"../../../Engine/Content/EngineMaterials/Substrate/GLints/dict_16_192_64_0p5_0p02_0008_0010.uasset" 4197
"../../../Engine/Content/EngineMaterials/Substrate/GLints/dict_16_192_64_0p5_0p02_0008_0008.uasset" 4198
"../../../Engine/Content/EngineMaterials/Substrate/GLints/dict_16_192_64_0p5_0p02_0008_0014.uasset" 4199
"../../../Engine/Content/EngineMaterials/Substrate/GLints/dict_16_192_64_0p5_0p02_0008_0013.uasset" 4200
"/Engine/EngineMaterials/Substrate/GLints/dict_16_192_64_0p5_0p02_0008_0008" 4201
"/Engine/EngineMaterials/Substrate/GLints/dict_16_192_64_0p5_0p02_0008_0007" 4202
"/Engine/EngineMaterials/Substrate/GLints/dict_16_192_64_0p5_0p02_0008_0006" 4203
"/Engine/EngineMaterials/Substrate/GLints/dict_16_192_64_0p5_0p02_0008_0005" 4204
"/Engine/EngineMaterials/Substrate/GLints/dict_16_192_64_0p5_0p02_0008_0014" 4205
"/Engine/EngineMaterials/Substrate/GLints/dict_16_192_64_0p5_0p02_0008_0013" 4206
"/Engine/EngineMaterials/Substrate/GLints/dict_16_192_64_0p5_0p02_0008_0012" 4207
"../../../Engine/Content/EngineMaterials/Substrate/GLints/dict_16_192_64_0p5_0p02_0008_0011.uasset" 4208
"/Engine/EngineMaterials/Substrate/GLints/dict_16_192_64_0p5_0p02_0008_0010" 4209
"/Engine/EngineMaterials/Substrate/GLints/dict_16_192_64_0p5_0p02_0008_0009" 4210
"/Engine/EngineMaterials/Substrate/GLints/dict_16_192_64_0p5_0p02_0008_0011" 4211
"../../../Engine/Content/EngineMaterials/Substrate/GLints/dict_16_192_64_0p5_0p02_0009_0002.uasset" 4212
"../../../Engine/Content/EngineMaterials/Substrate/GLints/dict_16_192_64_0p5_0p02_0009_0001.uasset" 4213
"../../../Engine/Content/EngineMaterials/Substrate/GLints/dict_16_192_64_0p5_0p02_0009_0008.uasset" 4214
"../../../Engine/Content/EngineMaterials/Substrate/GLints/dict_16_192_64_0p5_0p02_0008_0015.uasset" 4215
"../../../Engine/Content/EngineMaterials/Substrate/GLints/dict_16_192_64_0p5_0p02_0009_0005.uasset" 4216
"../../../Engine/Content/EngineMaterials/Substrate/GLints/dict_16_192_64_0p5_0p02_0009_0007.uasset" 4217
"../../../Engine/Content/EngineMaterials/Substrate/GLints/dict_16_192_64_0p5_0p02_0009_0004.uasset" 4218
"../../../Engine/Content/EngineMaterials/Substrate/GLints/dict_16_192_64_0p5_0p02_0009_0003.uasset" 4219
"../../../Engine/Content/EngineMaterials/Substrate/GLints/dict_16_192_64_0p5_0p02_0009_0006.uasset" 4220
"../../../Engine/Content/EngineMaterials/Substrate/GLints/dict_16_192_64_0p5_0p02_0009_0000.uasset" 4221
"/Engine/EngineMaterials/Substrate/GLints/dict_16_192_64_0p5_0p02_0009_0008" 4222
"/Engine/EngineMaterials/Substrate/GLints/dict_16_192_64_0p5_0p02_0009_0002" 4223
"../../../Engine/Content/EngineMaterials/Substrate/GLints/dict_16_192_64_0p5_0p02_0009_0015.uasset" 4224
"../../../Engine/Content/EngineMaterials/Substrate/GLints/dict_16_192_64_0p5_0p02_0009_0009.uasset" 4225
"../../../Engine/Content/EngineMaterials/Substrate/GLints/dict_16_192_64_0p5_0p02_0009_0010.uasset" 4226
"../../../Engine/Content/EngineMaterials/Substrate/GLints/dict_16_192_64_0p5_0p02_0009_0014.uasset" 4227
"/Engine/EngineMaterials/Substrate/GLints/dict_16_192_64_0p5_0p02_0009_0001" 4228
"../../../Engine/Content/EngineMaterials/Substrate/GLints/dict_16_192_64_0p5_0p02_0009_0012.uasset" 4229
"/Engine/EngineMaterials/Substrate/GLints/dict_16_192_64_0p5_0p02_0009_0000" 4230
"../../../Engine/Content/EngineMaterials/Substrate/GLints/dict_16_192_64_0p5_0p02_0010_0001.uasset" 4231
"../../../Engine/Content/EngineMaterials/Substrate/GLints/dict_16_192_64_0p5_0p02_0009_0011.uasset" 4232
"../../../Engine/Content/EngineMaterials/Substrate/GLints/dict_16_192_64_0p5_0p02_0009_0013.uasset" 4233
"/Engine/EngineMaterials/Substrate/GLints/dict_16_192_64_0p5_0p02_0008_0015" 4234
"../../../Engine/Content/EngineMaterials/Substrate/GLints/dict_16_192_64_0p5_0p02_0010_0000.uasset" 4235
"/Engine/EngineMaterials/Substrate/GLints/dict_16_192_64_0p5_0p02_0009_0007" 4236
"/Engine/EngineMaterials/Substrate/GLints/dict_16_192_64_0p5_0p02_0009_0006" 4237
"/Engine/EngineMaterials/Substrate/GLints/dict_16_192_64_0p5_0p02_0009_0005" 4238
"/Engine/EngineMaterials/Substrate/GLints/dict_16_192_64_0p5_0p02_0009_0004" 4239
"/Engine/EngineMaterials/Substrate/GLints/dict_16_192_64_0p5_0p02_0009_0003" 4240
"/Engine/EngineMaterials/Substrate/GLints/dict_16_192_64_0p5_0p02_0010_0001" 4241
"/Engine/EngineMaterials/Substrate/GLints/dict_16_192_64_0p5_0p02_0010_0000" 4242
"/Engine/EngineMaterials/Substrate/GLints/dict_16_192_64_0p5_0p02_0009_0015" 4243
"/Engine/EngineMaterials/Substrate/GLints/dict_16_192_64_0p5_0p02_0009_0014" 4244
"/Engine/EngineMaterials/Substrate/GLints/dict_16_192_64_0p5_0p02_0009_0010" 4245
"/Engine/EngineMaterials/Substrate/GLints/dict_16_192_64_0p5_0p02_0009_0013" 4246
"/Engine/EngineMaterials/Substrate/GLints/dict_16_192_64_0p5_0p02_0009_0012" 4247
"/Engine/EngineMaterials/Substrate/GLints/dict_16_192_64_0p5_0p02_0009_0011" 4248
"../../../Engine/Content/EngineMaterials/Substrate/GLints/dict_16_192_64_0p5_0p02_0010_0002.uasset" 4249
"../../../Engine/Content/EngineMaterials/Substrate/GLints/dict_16_192_64_0p5_0p02_0010_0004.uasset" 4250
"../../../Engine/Content/EngineMaterials/Substrate/GLints/dict_16_192_64_0p5_0p02_0010_0003.uasset" 4251
"../../../Engine/Content/EngineMaterials/Substrate/GLints/dict_16_192_64_0p5_0p02_0010_0005.uasset" 4252
"/Engine/EngineMaterials/Substrate/GLints/dict_16_192_64_0p5_0p02_0009_0009" 4253
"/Engine/EngineMaterials/Substrate/GLints/dict_16_192_64_0p5_0p02_0010_0004" 4254
"/Engine/EngineMaterials/Substrate/GLints/dict_16_192_64_0p5_0p02_0010_0003" 4255
"/Engine/EngineMaterials/Substrate/GLints/dict_16_192_64_0p5_0p02_0010_0002" 4256
"../../../Engine/Content/EngineMaterials/Substrate/GLints/dict_16_192_64_0p5_0p02_0010_0007.uasset" 4257
"/Engine/EngineMaterials/Substrate/GLints/dict_16_192_64_0p5_0p02_0010_0005" 4258
"../../../Engine/Content/EngineMaterials/Substrate/GLints/dict_16_192_64_0p5_0p02_0010_0008.uasset" 4259
"/Engine/EngineMaterials/Substrate/GLints/dict_16_192_64_0p5_0p02_0010_0008" 4260
"/Engine/EngineMaterials/Substrate/GLints/dict_16_192_64_0p5_0p02_0010_0007" 4261
"../../../Engine/Content/EngineMaterials/Substrate/GLints/dict_16_192_64_0p5_0p02_0010_0009.uasset" 4262
"/Engine/EngineMaterials/Substrate/GLints/dict_16_192_64_0p5_0p02_0010_0009" 4263
"../../../Engine/Content/EngineMaterials/Substrate/GLints/dict_16_192_64_0p5_0p02_0010_0006.uasset" 4264
"../../../Engine/Content/EngineMaterials/Substrate/GLints/dict_16_192_64_0p5_0p02_0010_0010.uasset" 4265
"../../../Engine/Content/EngineMaterials/Substrate/GLints/dict_16_192_64_0p5_0p02_0010_0012.uasset" 4266
"../../../Engine/Content/EngineMaterials/Substrate/GLints/dict_16_192_64_0p5_0p02_0010_0011.uasset" 4267
"../../../Engine/Content/EngineMaterials/Substrate/GLints/dict_16_192_64_0p5_0p02_0011_0000.uasset" 4268
"../../../Engine/Content/EngineMaterials/Substrate/GLints/dict_16_192_64_0p5_0p02_0010_0014.uasset" 4269
"../../../Engine/Content/EngineMaterials/Substrate/GLints/dict_16_192_64_0p5_0p02_0011_0001.uasset" 4270
"../../../Engine/Content/EngineMaterials/Substrate/GLints/dict_16_192_64_0p5_0p02_0011_0002.uasset" 4271
"../../../Engine/Content/EngineMaterials/Substrate/GLints/dict_16_192_64_0p5_0p02_0010_0013.uasset" 4272
"../../../Engine/Content/EngineMaterials/Substrate/GLints/dict_16_192_64_0p5_0p02_0010_0015.uasset" 4273
"/Engine/EngineMaterials/Substrate/GLints/dict_16_192_64_0p5_0p02_0010_0013" 4274
"/Engine/EngineMaterials/Substrate/GLints/dict_16_192_64_0p5_0p02_0010_0012" 4275
"/Engine/EngineMaterials/Substrate/GLints/dict_16_192_64_0p5_0p02_0011_0002" 4276
"/Engine/EngineMaterials/Substrate/GLints/dict_16_192_64_0p5_0p02_0010_0011" 4277
"/Engine/EngineMaterials/Substrate/GLints/dict_16_192_64_0p5_0p02_0011_0001" 4278
"/Engine/EngineMaterials/Substrate/GLints/dict_16_192_64_0p5_0p02_0011_0000" 4279
"../../../Engine/Content/EngineMaterials/Substrate/GLints/dict_16_192_64_0p5_0p02_0011_0005.uasset" 4280
"../../../Engine/Content/EngineMaterials/Substrate/GLints/dict_16_192_64_0p5_0p02_0011_0008.uasset" 4281
"/Engine/EngineMaterials/Substrate/GLints/dict_16_192_64_0p5_0p02_0010_0010" 4282
"../../../Engine/Content/EngineMaterials/Substrate/GLints/dict_16_192_64_0p5_0p02_0011_0006.uasset" 4283
"../../../Engine/Content/EngineMaterials/Substrate/GLints/dict_16_192_64_0p5_0p02_0011_0004.uasset" 4284
"../../../Engine/Content/EngineMaterials/Substrate/GLints/dict_16_192_64_0p5_0p02_0011_0003.uasset" 4285
"/Engine/EngineMaterials/Substrate/GLints/dict_16_192_64_0p5_0p02_0010_0014" 4286
"/Engine/EngineMaterials/Substrate/GLints/dict_16_192_64_0p5_0p02_0010_0006" 4287
"/Engine/EngineMaterials/Substrate/GLints/dict_16_192_64_0p5_0p02_0011_0008" 4288
"../../../Engine/Content/EngineMaterials/Substrate/GLints/dict_16_192_64_0p5_0p02_0011_0007.uasset" 4289
"../../../Engine/Content/EngineMaterials/Substrate/GLints/dict_16_192_64_0p5_0p02_0011_0009.uasset" 4290
"/Engine/EngineMaterials/Substrate/GLints/dict_16_192_64_0p5_0p02_0011_0006" 4291
"/Engine/EngineMaterials/Substrate/GLints/dict_16_192_64_0p5_0p02_0011_0005" 4292
"/Engine/EngineMaterials/Substrate/GLints/dict_16_192_64_0p5_0p02_0011_0004" 4293
"/Engine/EngineMaterials/Substrate/GLints/dict_16_192_64_0p5_0p02_0011_0003" 4294
"/Engine/EngineMaterials/Substrate/GLints/dict_16_192_64_0p5_0p02_0010_0015" 4295
"/Engine/EngineMaterials/Substrate/GLints/dict_16_192_64_0p5_0p02_0011_0007" 4296
"/Engine/EngineMaterials/Substrate/GLints/dict_16_192_64_0p5_0p02_0011_0009" 4297
"../../../Engine/Content/EngineMaterials/Substrate/GLints/dict_16_192_64_0p5_0p02_0011_0015.uasset" 4298
"../../../Engine/Content/EngineMaterials/Substrate/GLints/dict_16_192_64_0p5_0p02_0011_0013.uasset" 4299
"../../../Engine/Content/EngineMaterials/Substrate/GLints/dict_16_192_64_0p5_0p02_0011_0012.uasset" 4300
"../../../Engine/Content/EngineMaterials/Substrate/GLints/dict_16_192_64_0p5_0p02_0011_0014.uasset" 4301
"../../../Engine/Content/EngineMaterials/Substrate/GLints/dict_16_192_64_0p5_0p02_0011_0011.uasset" 4302
"../../../Engine/Content/EngineMaterials/Substrate/GLints/dict_16_192_64_0p5_0p02_0012_0001.uasset" 4303
"../../../Engine/Content/EngineMaterials/Substrate/GLints/dict_16_192_64_0p5_0p02_0011_0010.uasset" 4304
"../../../Engine/Content/EngineMaterials/Substrate/GLints/dict_16_192_64_0p5_0p02_0012_0000.uasset" 4305
"../../../Engine/Content/EngineMaterials/Substrate/GLints/dict_16_192_64_0p5_0p02_0012_0002.uasset" 4306
"/Engine/EngineMaterials/Substrate/GLints/dict_16_192_64_0p5_0p02_0012_0001" 4307
"../../../Engine/Content/EngineMaterials/Substrate/GLints/dict_16_192_64_0p5_0p02_0012_0003.uasset" 4308
"/Engine/EngineMaterials/Substrate/GLints/dict_16_192_64_0p5_0p02_0012_0000" 4309
"/Engine/EngineMaterials/Substrate/GLints/dict_16_192_64_0p5_0p02_0011_0015" 4310
"/Engine/EngineMaterials/Substrate/GLints/dict_16_192_64_0p5_0p02_0011_0014" 4311
"/Engine/EngineMaterials/Substrate/GLints/dict_16_192_64_0p5_0p02_0011_0013" 4312
"/Engine/EngineMaterials/Substrate/GLints/dict_16_192_64_0p5_0p02_0011_0012" 4313
"/Engine/EngineMaterials/Substrate/GLints/dict_16_192_64_0p5_0p02_0011_0011" 4314
"/Engine/EngineMaterials/Substrate/GLints/dict_16_192_64_0p5_0p02_0011_0010" 4315
"/Engine/EngineMaterials/Substrate/GLints/dict_16_192_64_0p5_0p02_0012_0002" 4316
"/Engine/EngineMaterials/Substrate/GLints/dict_16_192_64_0p5_0p02_0012_0003" 4317
"../../../Engine/Content/EngineMaterials/Substrate/GLints/dict_16_192_64_0p5_0p02_0012_0005.uasset" 4318
"../../../Engine/Content/EngineMaterials/Substrate/GLints/dict_16_192_64_0p5_0p02_0012_0004.uasset" 4319
"../../../Engine/Content/EngineMaterials/Substrate/GLints/dict_16_192_64_0p5_0p02_0012_0010.uasset" 4320
"../../../Engine/Content/EngineMaterials/Substrate/GLints/dict_16_192_64_0p5_0p02_0012_0013.uasset" 4321
"../../../Engine/Content/EngineMaterials/Substrate/GLints/dict_16_192_64_0p5_0p02_0012_0011.uasset" 4322
"../../../Engine/Content/EngineMaterials/Substrate/GLints/dict_16_192_64_0p5_0p02_0012_0006.uasset" 4323
"../../../Engine/Content/EngineMaterials/Substrate/GLints/dict_16_192_64_0p5_0p02_0012_0009.uasset" 4324
"../../../Engine/Content/EngineMaterials/Substrate/GLints/dict_16_192_64_0p5_0p02_0012_0007.uasset" 4325
"/Engine/EngineMaterials/Substrate/GLints/dict_16_192_64_0p5_0p02_0012_0005" 4326
"/Engine/EngineMaterials/Substrate/GLints/dict_16_192_64_0p5_0p02_0012_0004" 4327
"/Engine/EngineMaterials/Substrate/GLints/dict_16_192_64_0p5_0p02_0012_0013" 4328
"/Engine/EngineMaterials/Substrate/GLints/dict_16_192_64_0p5_0p02_0012_0011" 4329
"/Engine/EngineMaterials/Substrate/GLints/dict_16_192_64_0p5_0p02_0012_0007" 4330
"/Engine/EngineMaterials/Substrate/GLints/dict_16_192_64_0p5_0p02_0012_0006" 4331
"/Engine/EngineMaterials/Substrate/GLints/dict_16_192_64_0p5_0p02_0012_0010" 4332
"/Engine/EngineMaterials/Substrate/GLints/dict_16_192_64_0p5_0p02_0012_0009" 4333
"../../../Engine/Content/EngineMaterials/Substrate/GLints/dict_16_192_64_0p5_0p02_0013_0000.uasset" 4334
"../../../Engine/Content/EngineMaterials/Substrate/GLints/dict_16_192_64_0p5_0p02_0012_0014.uasset" 4335
"../../../Engine/Content/EngineMaterials/Substrate/GLints/dict_16_192_64_0p5_0p02_0012_0012.uasset" 4336
"/Engine/EngineMaterials/Substrate/GLints/dict_16_192_64_0p5_0p02_0013_0000" 4337
"/Engine/EngineMaterials/Substrate/GLints/dict_16_192_64_0p5_0p02_0012_0014" 4338
"/Engine/EngineMaterials/Substrate/GLints/dict_16_192_64_0p5_0p02_0012_0012" 4339
"../../../Engine/Content/EngineMaterials/Substrate/GLints/dict_16_192_64_0p5_0p02_0012_0015.uasset" 4340
"../../../Engine/Content/EngineMaterials/Substrate/GLints/dict_16_192_64_0p5_0p02_0013_0005.uasset" 4341
"../../../Engine/Content/EngineMaterials/Substrate/GLints/dict_16_192_64_0p5_0p02_0013_0006.uasset" 4342
"../../../Engine/Content/EngineMaterials/Substrate/GLints/dict_16_192_64_0p5_0p02_0013_0007.uasset" 4343
"/Engine/EngineMaterials/Substrate/GLints/dict_16_192_64_0p5_0p02_0013_0007" 4344
"/Engine/EngineMaterials/Substrate/GLints/dict_16_192_64_0p5_0p02_0013_0006" 4345
"../../../Engine/Content/EngineMaterials/Substrate/GLints/dict_16_192_64_0p5_0p02_0013_0008.uasset" 4346
"/Engine/EngineMaterials/Substrate/GLints/dict_16_192_64_0p5_0p02_0013_0005" 4347
"/Engine/EngineMaterials/Substrate/GLints/dict_16_192_64_0p5_0p02_0012_0015" 4348
"/Engine/EngineMaterials/Substrate/GLints/dict_16_192_64_0p5_0p02_0013_0008" 4349
"../../../Engine/Content/EngineMaterials/Substrate/GLints/dict_16_192_64_0p5_0p02_0013_0009.uasset" 4350
"../../../Engine/Content/EngineMaterials/Substrate/GLints/dict_16_192_64_0p5_0p02_0013_0013.uasset" 4351
"../../../Engine/Content/EngineMaterials/Substrate/GLints/dict_16_192_64_0p5_0p02_0013_0011.uasset" 4352
"../../../Engine/Content/EngineMaterials/Substrate/GLints/dict_16_192_64_0p5_0p02_0013_0014.uasset" 4353
"../../../Engine/Content/EngineMaterials/Substrate/GLints/dict_16_192_64_0p5_0p02_0013_0010.uasset" 4354
"../../../Engine/Content/EngineMaterials/Substrate/GLints/dict_16_192_64_0p5_0p02_0013_0012.uasset" 4355
"/Engine/EngineMaterials/Substrate/GLints/dict_16_192_64_0p5_0p02_0013_0009" 4356
"../../../Engine/Content/EngineMaterials/Substrate/GLints/dict_16_192_64_0p5_0p02_0012_0008.uasset" 4357
"../../../Engine/Content/EngineMaterials/Substrate/GLints/dict_16_192_64_0p5_0p02_0013_0004.uasset" 4358
"../../../Engine/Content/EngineMaterials/Substrate/GLints/dict_16_192_64_0p5_0p02_0013_0001.uasset" 4359
"../../../Engine/Content/EngineMaterials/Substrate/GLints/dict_16_192_64_0p5_0p02_0013_0003.uasset" 4360
"/Engine/EngineMaterials/Substrate/GLints/dict_16_192_64_0p5_0p02_0013_0014" 4361
"../../../Engine/Content/EngineMaterials/Substrate/GLints/dict_16_192_64_0p5_0p02_0013_0002.uasset" 4362
"/Engine/EngineMaterials/Substrate/GLints/dict_16_192_64_0p5_0p02_0013_0013" 4363
"/Engine/EngineMaterials/Substrate/GLints/dict_16_192_64_0p5_0p02_0013_0012" 4364
"/Engine/EngineMaterials/Substrate/GLints/dict_16_192_64_0p5_0p02_0013_0011" 4365
"/Engine/EngineMaterials/Substrate/GLints/dict_16_192_64_0p5_0p02_0013_0010" 4366
"/Engine/EngineMaterials/Substrate/GLints/dict_16_192_64_0p5_0p02_0013_0001" 4367
"/Engine/EngineMaterials/Substrate/GLints/dict_16_192_64_0p5_0p02_0013_0004" 4368
"/Engine/EngineMaterials/Substrate/GLints/dict_16_192_64_0p5_0p02_0013_0003" 4369
"/Engine/EngineMaterials/Substrate/GLints/dict_16_192_64_0p5_0p02_0013_0002" 4370
"../../../Engine/Content/EngineMaterials/Substrate/GLints/dict_16_192_64_0p5_0p02_0013_0015.uasset" 4371
"/Engine/EngineMaterials/Substrate/GLints/dict_16_192_64_0p5_0p02_0012_0008" 4372
"/Engine/EngineMaterials/Substrate/GLints/dict_16_192_64_0p5_0p02_0013_0015" 4373
"../../../Engine/Content/EngineMaterials/Substrate/GLints/dict_16_192_64_0p5_0p02_0014_0000.uasset" 4374
"../../../Engine/Content/EngineMaterials/Substrate/GLints/dict_16_192_64_0p5_0p02_0014_0002.uasset" 4375
"../../../Engine/Content/EngineMaterials/Substrate/GLints/dict_16_192_64_0p5_0p02_0014_0003.uasset" 4376
"../../../Engine/Content/EngineMaterials/Substrate/GLints/dict_16_192_64_0p5_0p02_0014_0001.uasset" 4377
"../../../Engine/Content/EngineMaterials/Substrate/GLints/dict_16_192_64_0p5_0p02_0014_0008.uasset" 4378
"../../../Engine/Content/EngineMaterials/Substrate/GLints/dict_16_192_64_0p5_0p02_0014_0005.uasset" 4379
"../../../Engine/Content/EngineMaterials/Substrate/GLints/dict_16_192_64_0p5_0p02_0014_0009.uasset" 4380
"../../../Engine/Content/EngineMaterials/Substrate/GLints/dict_16_192_64_0p5_0p02_0014_0006.uasset" 4381
"../../../Engine/Content/EngineMaterials/Substrate/GLints/dict_16_192_64_0p5_0p02_0014_0007.uasset" 4382
"../../../Engine/Content/EngineMaterials/Substrate/GLints/dict_16_192_64_0p5_0p02_0014_0010.uasset" 4383
"/Engine/EngineMaterials/Substrate/GLints/dict_16_192_64_0p5_0p02_0014_0003" 4384
"../../../Engine/Content/EngineMaterials/Substrate/GLints/dict_16_192_64_0p5_0p02_0014_0011.uasset" 4385
"/Engine/EngineMaterials/Substrate/GLints/dict_16_192_64_0p5_0p02_0014_0002" 4386
"/Engine/EngineMaterials/Substrate/GLints/dict_16_192_64_0p5_0p02_0014_0009" 4387
"/Engine/EngineMaterials/Substrate/GLints/dict_16_192_64_0p5_0p02_0014_0008" 4388
"/Engine/EngineMaterials/Substrate/GLints/dict_16_192_64_0p5_0p02_0014_0001" 4389
"/Engine/EngineMaterials/Substrate/GLints/dict_16_192_64_0p5_0p02_0014_0000" 4390
"/Engine/EngineMaterials/Substrate/GLints/dict_16_192_64_0p5_0p02_0014_0007" 4391
"/Engine/EngineMaterials/Substrate/GLints/dict_16_192_64_0p5_0p02_0014_0006" 4392
"/Engine/EngineMaterials/Substrate/GLints/dict_16_192_64_0p5_0p02_0014_0005" 4393
"/Engine/EngineMaterials/Substrate/GLints/dict_16_192_64_0p5_0p02_0014_0011" 4394
"../../../Engine/Content/EngineMaterials/Substrate/GLints/dict_16_192_64_0p5_0p02_0014_0012.uasset" 4395
"../../../Engine/Content/EngineMaterials/Substrate/GLints/dict_16_192_64_0p5_0p02_0014_0015.uasset" 4396
"/Engine/EngineMaterials/Substrate/GLints/dict_16_192_64_0p5_0p02_0014_0010" 4397
"../../../Engine/Content/EngineMaterials/Substrate/GLints/dict_16_192_64_0p5_0p02_0014_0014.uasset" 4398
"../../../Engine/Content/EngineMaterials/Substrate/GLints/dict_16_192_64_0p5_0p02_0014_0004.uasset" 4399
"/Engine/EngineMaterials/Substrate/GLints/dict_16_192_64_0p5_0p02_0014_0014" 4400
"/Engine/EngineMaterials/Substrate/GLints/dict_16_192_64_0p5_0p02_0014_0015" 4401
"../../../Engine/Content/EngineMaterials/Substrate/GLints/dict_16_192_64_0p5_0p02_0015_0001.uasset" 4402
"../../../Engine/Content/EngineMaterials/Substrate/GLints/dict_16_192_64_0p5_0p02_0015_0002.uasset" 4403
"/Engine/EngineMaterials/Substrate/GLints/dict_16_192_64_0p5_0p02_0014_0012" 4404
"../../../Engine/Content/EngineMaterials/Substrate/GLints/dict_16_192_64_0p5_0p02_0014_0013.uasset" 4405
"/Engine/EngineMaterials/Substrate/GLints/dict_16_192_64_0p5_0p02_0014_0004" 4406
"/Engine/EngineMaterials/Substrate/GLints/dict_16_192_64_0p5_0p02_0015_0002" 4407
"/Engine/EngineMaterials/Substrate/GLints/dict_16_192_64_0p5_0p02_0015_0001" 4408
"../../../Engine/Content/EngineMaterials/Substrate/GLints/dict_16_192_64_0p5_0p02_0015_0000.uasset" 4409
"/Engine/EngineMaterials/Substrate/GLints/dict_16_192_64_0p5_0p02_0014_0013" 4410
"/Engine/EngineMaterials/Substrate/GLints/dict_16_192_64_0p5_0p02_0015_0000" 4411
"../../../Engine/Content/EngineMaterials/Substrate/GLints/dict_16_192_64_0p5_0p02_0015_0004.uasset" 4412
"../../../Engine/Content/EngineMaterials/Substrate/GLints/dict_16_192_64_0p5_0p02_0015_0003.uasset" 4413
"../../../Engine/Content/EngineMaterials/Substrate/GLints/dict_16_192_64_0p5_0p02_0015_0008.uasset" 4414
"../../../Engine/Content/EngineMaterials/Substrate/GLints/dict_16_192_64_0p5_0p02_0015_0007.uasset" 4415
"../../../Engine/Content/EngineMaterials/Substrate/GLints/dict_16_192_64_0p5_0p02_0015_0006.uasset" 4416
"../../../Engine/Content/EngineMaterials/Substrate/GLints/dict_16_192_64_0p5_0p02_0015_0012.uasset" 4417
"/Engine/EngineMaterials/Substrate/GLints/dict_16_192_64_0p5_0p02_0015_0012" 4418
"../../../Engine/Content/EngineMaterials/Substrate/GLints/dict_16_192_64_0p5_0p02_0015_0014.uasset" 4419
"../../../Engine/Content/EngineMaterials/Substrate/GLints/dict_16_192_64_0p5_0p02_0015_0009.uasset" 4420
"../../../Engine/Content/EngineMaterials/Substrate/GLints/dict_16_192_64_0p5_0p02_0015_0010.uasset" 4421
"/Engine/EngineMaterials/Substrate/GLints/dict_16_192_64_0p5_0p02_0015_0008" 4422
"../../../Engine/Content/EngineMaterials/Substrate/GLints/dict_16_192_64_0p5_0p02_0015_0011.uasset" 4423
"/Engine/EngineMaterials/Substrate/GLints/dict_16_192_64_0p5_0p02_0015_0007" 4424
"/Engine/EngineMaterials/Substrate/GLints/dict_16_192_64_0p5_0p02_0015_0006" 4425
"/Engine/EngineMaterials/Substrate/GLints/dict_16_192_64_0p5_0p02_0015_0003" 4426
"/Engine/EngineMaterials/Substrate/GLints/dict_16_192_64_0p5_0p02_0015_0004" 4427
"../../../Engine/Content/EngineMaterials/Substrate/GLints/dict_16_192_64_0p5_0p02_0015_0013.uasset" 4428
"/Engine/EngineMaterials/Substrate/GLints/dict_16_192_64_0p5_0p02_0015_0009" 4429
"/Engine/EngineMaterials/Substrate/GLints/dict_16_192_64_0p5_0p02_0015_0014" 4430
"/Engine/EngineMaterials/Substrate/GLints/dict_16_192_64_0p5_0p02_0015_0013" 4431
"/Engine/EngineMaterials/Substrate/GLints/dict_16_192_64_0p5_0p02_0015_0011" 4432
"/Engine/EngineMaterials/Substrate/GLints/dict_16_192_64_0p5_0p02_0015_0010" 4433
"../../../Engine/Content/EngineMaterials/Substrate/GLints/dict_16_192_64_0p5_0p02_0015_0015.uasset" 4434
"../../../Engine/Content/EngineMaterials/Substrate/GLints/dict_16_192_64_0p5_0p02_0015_0005.uasset" 4435
"../../../Engine/Content/EngineMaterials/Substrate/GLints/dict_16_192_64_0p5_0p02_0016_0002.uasset" 4436
"../../../Engine/Content/EngineMaterials/Substrate/GLints/dict_16_192_64_0p5_0p02_0016_0006.uasset" 4437
"../../../Engine/Content/EngineMaterials/Substrate/GLints/dict_16_192_64_0p5_0p02_0016_0003.uasset" 4438
"../../../Engine/Content/EngineMaterials/Substrate/GLints/dict_16_192_64_0p5_0p02_0016_0007.uasset" 4439
"../../../Engine/Content/EngineMaterials/Substrate/GLints/dict_16_192_64_0p5_0p02_0016_0001.uasset" 4440
"../../../Engine/Content/EngineMaterials/Substrate/GLints/dict_16_192_64_0p5_0p02_0016_0004.uasset" 4441
"../../../Engine/Content/EngineMaterials/Substrate/GLints/dict_16_192_64_0p5_0p02_0016_0000.uasset" 4442
"../../../Engine/Content/EngineMaterials/Substrate/GLints/dict_16_192_64_0p5_0p02_0016_0005.uasset" 4443
"/Engine/EngineMaterials/Substrate/GLints/dict_16_192_64_0p5_0p02_0016_0007" 4444
"/Engine/EngineMaterials/Substrate/GLints/dict_16_192_64_0p5_0p02_0016_0006" 4445
"/Engine/EngineMaterials/Substrate/GLints/dict_16_192_64_0p5_0p02_0016_0005" 4446
"/Engine/EngineMaterials/Substrate/GLints/dict_16_192_64_0p5_0p02_0016_0004" 4447
"/Engine/EngineMaterials/Substrate/GLints/dict_16_192_64_0p5_0p02_0016_0003" 4448
"/Engine/EngineMaterials/Substrate/GLints/dict_16_192_64_0p5_0p02_0015_0015" 4449
"/Engine/EngineMaterials/Substrate/GLints/dict_16_192_64_0p5_0p02_0015_0005" 4450
"/Engine/EngineMaterials/Substrate/GLints/dict_16_192_64_0p5_0p02_0016_0002" 4451
"/Engine/EngineMaterials/Substrate/GLints/dict_16_192_64_0p5_0p02_0016_0001" 4452
"/Engine/EngineMaterials/Substrate/GLints/dict_16_192_64_0p5_0p02_0016_0000" 4453
"../../../Engine/Content/EngineMaterials/Substrate/GLints/dict_16_192_64_0p5_0p02_0016_0008.uasset" 4454
"../../../Engine/Content/EngineMaterials/Substrate/GLints/dict_16_192_64_0p5_0p02_0016_0013.uasset" 4455
"../../../Engine/Content/EngineMaterials/Substrate/GLints/dict_16_192_64_0p5_0p02_0016_0012.uasset" 4456
"../../../Engine/Content/EngineMaterials/Substrate/GLints/dict_16_192_64_0p5_0p02_0016_0009.uasset" 4457
"../../../Engine/Content/EngineMaterials/Substrate/GLints/dict_16_192_64_0p5_0p02_0017_0000.uasset" 4458
"../../../Engine/Content/EngineMaterials/Substrate/GLints/dict_16_192_64_0p5_0p02_0016_0010.uasset" 4459
"../../../Engine/Content/EngineMaterials/Substrate/GLints/dict_16_192_64_0p5_0p02_0016_0015.uasset" 4460
"../../../Engine/Content/EngineMaterials/Substrate/GLints/dict_16_192_64_0p5_0p02_0016_0014.uasset" 4461
"../../../Engine/Content/EngineMaterials/Substrate/GLints/dict_16_192_64_0p5_0p02_0017_0001.uasset" 4462
"/Engine/EngineMaterials/Substrate/GLints/dict_16_192_64_0p5_0p02_0016_0010" 4463
"/Engine/EngineMaterials/Substrate/GLints/dict_16_192_64_0p5_0p02_0017_0001" 4464
"/Engine/EngineMaterials/Substrate/GLints/dict_16_192_64_0p5_0p02_0016_0009" 4465
"../../../Engine/Content/EngineMaterials/Substrate/GLints/dict_16_192_64_0p5_0p02_0016_0011.uasset" 4466
"/Engine/EngineMaterials/Substrate/GLints/dict_16_192_64_0p5_0p02_0017_0000" 4467
"/Engine/EngineMaterials/Substrate/GLints/dict_16_192_64_0p5_0p02_0016_0008" 4468
"/Engine/EngineMaterials/Substrate/GLints/dict_16_192_64_0p5_0p02_0016_0014" 4469
"/Engine/EngineMaterials/Substrate/GLints/dict_16_192_64_0p5_0p02_0016_0013" 4470
"/Engine/EngineMaterials/Substrate/GLints/dict_16_192_64_0p5_0p02_0016_0015" 4471
"/Engine/EngineMaterials/Substrate/GLints/dict_16_192_64_0p5_0p02_0016_0012" 4472
"/Engine/EngineMaterials/Substrate/GLints/dict_16_192_64_0p5_0p02_0016_0011" 4473
"../../../Engine/Content/EngineMaterials/Substrate/GLints/dict_16_192_64_0p5_0p02_0017_0006.uasset" 4474
"../../../Engine/Content/EngineMaterials/Substrate/GLints/dict_16_192_64_0p5_0p02_0017_0007.uasset" 4475
"../../../Engine/Content/EngineMaterials/Substrate/GLints/dict_16_192_64_0p5_0p02_0017_0008.uasset" 4476
"../../../Engine/Content/EngineMaterials/Substrate/GLints/dict_16_192_64_0p5_0p02_0017_0004.uasset" 4477
"../../../Engine/Content/EngineMaterials/Substrate/GLints/dict_16_192_64_0p5_0p02_0017_0005.uasset" 4478
"../../../Engine/Content/EngineMaterials/Substrate/GLints/dict_16_192_64_0p5_0p02_0017_0002.uasset" 4479
"/Engine/EngineMaterials/Substrate/GLints/dict_16_192_64_0p5_0p02_0017_0008" 4480
"/Engine/EngineMaterials/Substrate/GLints/dict_16_192_64_0p5_0p02_0017_0007" 4481
"/Engine/EngineMaterials/Substrate/GLints/dict_16_192_64_0p5_0p02_0017_0006" 4482
"/Engine/EngineMaterials/Substrate/GLints/dict_16_192_64_0p5_0p02_0017_0005" 4483
"/Engine/EngineMaterials/Substrate/GLints/dict_16_192_64_0p5_0p02_0017_0004" 4484
"../../../Engine/Content/EngineMaterials/Substrate/GLints/dict_16_192_64_0p5_0p02_0017_0003.uasset" 4485
"/Engine/EngineMaterials/Substrate/GLints/dict_16_192_64_0p5_0p02_0017_0002" 4486
"/Engine/EngineMaterials/Substrate/GLints/dict_16_192_64_0p5_0p02_0017_0003" 4487
"../../../Engine/Content/EngineMaterials/Substrate/GLints/dict_16_192_64_0p5_0p02_0017_0013.uasset" 4488
"../../../Engine/Content/EngineMaterials/Substrate/GLints/dict_16_192_64_0p5_0p02_0017_0014.uasset" 4489
"../../../Engine/Content/EngineMaterials/Substrate/GLints/dict_16_192_64_0p5_0p02_0017_0009.uasset" 4490
"../../../Engine/Content/EngineMaterials/Substrate/GLints/dict_16_192_64_0p5_0p02_0017_0010.uasset" 4491
"/Engine/EngineMaterials/Substrate/GLints/dict_16_192_64_0p5_0p02_0017_0013" 4492
"/Engine/EngineMaterials/Substrate/GLints/dict_16_192_64_0p5_0p02_0017_0010" 4493
"/Engine/EngineMaterials/Substrate/GLints/dict_16_192_64_0p5_0p02_0017_0009" 4494
"/Engine/EngineMaterials/Substrate/GLints/dict_16_192_64_0p5_0p02_0017_0014" 4495
"../../../Engine/Content/EngineMaterials/Substrate/GLints/dict_16_192_64_0p5_0p02_0018_0004.uasset" 4496
"../../../Engine/Content/EngineMaterials/Substrate/GLints/dict_16_192_64_0p5_0p02_0018_0005.uasset" 4497
"../../../Engine/Content/EngineMaterials/Substrate/GLints/dict_16_192_64_0p5_0p02_0017_0015.uasset" 4498
"../../../Engine/Content/EngineMaterials/Substrate/GLints/dict_16_192_64_0p5_0p02_0018_0006.uasset" 4499
"/Engine/EngineMaterials/Substrate/GLints/dict_16_192_64_0p5_0p02_0018_0006" 4500
"../../../Engine/Content/EngineMaterials/Substrate/GLints/dict_16_192_64_0p5_0p02_0018_0002.uasset" 4501
"/Engine/EngineMaterials/Substrate/GLints/dict_16_192_64_0p5_0p02_0018_0005" 4502
"../../../Engine/Content/EngineMaterials/Substrate/GLints/dict_16_192_64_0p5_0p02_0018_0001.uasset" 4503
"../../../Engine/Content/EngineMaterials/Substrate/GLints/dict_16_192_64_0p5_0p02_0017_0012.uasset" 4504
"/Engine/EngineMaterials/Substrate/GLints/dict_16_192_64_0p5_0p02_0018_0004" 4505
"/Engine/EngineMaterials/Substrate/GLints/dict_16_192_64_0p5_0p02_0017_0015" 4506
"../../../Engine/Content/EngineMaterials/Substrate/GLints/dict_16_192_64_0p5_0p02_0018_0010.uasset" 4507
"../../../Engine/Content/EngineMaterials/Substrate/GLints/dict_16_192_64_0p5_0p02_0018_0009.uasset" 4508
"/Engine/EngineMaterials/Substrate/GLints/dict_16_192_64_0p5_0p02_0017_0012" 4509
"../../../Engine/Content/EngineMaterials/Substrate/GLints/dict_16_192_64_0p5_0p02_0018_0007.uasset" 4510
"/Engine/EngineMaterials/Substrate/GLints/dict_16_192_64_0p5_0p02_0018_0002" 4511
"/Engine/EngineMaterials/Substrate/GLints/dict_16_192_64_0p5_0p02_0018_0001" 4512
"../../../Engine/Content/EngineMaterials/Substrate/GLints/dict_16_192_64_0p5_0p02_0018_0000.uasset" 4513
"/Engine/EngineMaterials/Substrate/GLints/dict_16_192_64_0p5_0p02_0018_0007" 4514
"../../../Engine/Content/EngineMaterials/Substrate/GLints/dict_16_192_64_0p5_0p02_0017_0011.uasset" 4515
"/Engine/EngineMaterials/Substrate/GLints/dict_16_192_64_0p5_0p02_0018_0010" 4516
"/Engine/EngineMaterials/Substrate/GLints/dict_16_192_64_0p5_0p02_0018_0009" 4517
"/Engine/EngineMaterials/Substrate/GLints/dict_16_192_64_0p5_0p02_0018_0000" 4518
"/Engine/EngineMaterials/Substrate/GLints/dict_16_192_64_0p5_0p02_0017_0011" 4519
"../../../Engine/Content/EngineMaterials/Substrate/GLints/dict_16_192_64_0p5_0p02_0018_0008.uasset" 4520
"../../../Engine/Content/EngineMaterials/Substrate/GLints/dict_16_192_64_0p5_0p02_0018_0013.uasset" 4521
"../../../Engine/Content/EngineMaterials/Substrate/GLints/dict_16_192_64_0p5_0p02_0018_0015.uasset" 4522
"../../../Engine/Content/EngineMaterials/Substrate/GLints/dict_16_192_64_0p5_0p02_0018_0003.uasset" 4523
"../../../Engine/Content/EngineMaterials/Substrate/GLints/dict_16_192_64_0p5_0p02_0018_0011.uasset" 4524
"../../../Engine/Content/EngineMaterials/Substrate/GLints/dict_16_192_64_0p5_0p02_0018_0012.uasset" 4525
"../../../Engine/Content/EngineMaterials/Substrate/GLints/dict_16_192_64_0p5_0p02_0019_0002.uasset" 4526
"../../../Engine/Content/EngineMaterials/Substrate/GLints/dict_16_192_64_0p5_0p02_0019_0001.uasset" 4527
"/Engine/EngineMaterials/Substrate/GLints/dict_16_192_64_0p5_0p02_0018_0015" 4528
"/Engine/EngineMaterials/Substrate/GLints/dict_16_192_64_0p5_0p02_0018_0013" 4529
"../../../Engine/Content/EngineMaterials/Substrate/GLints/dict_16_192_64_0p5_0p02_0019_0003.uasset" 4530
"/Engine/EngineMaterials/Substrate/GLints/dict_16_192_64_0p5_0p02_0018_0012" 4531
"/Engine/EngineMaterials/Substrate/GLints/dict_16_192_64_0p5_0p02_0018_0011" 4532
"/Engine/EngineMaterials/Substrate/GLints/dict_16_192_64_0p5_0p02_0018_0008" 4533
"/Engine/EngineMaterials/Substrate/GLints/dict_16_192_64_0p5_0p02_0018_0003" 4534
"/Engine/EngineMaterials/Substrate/GLints/dict_16_192_64_0p5_0p02_0019_0002" 4535
"/Engine/EngineMaterials/Substrate/GLints/dict_16_192_64_0p5_0p02_0019_0001" 4536
"/Engine/EngineMaterials/Substrate/GLints/dict_16_192_64_0p5_0p02_0019_0003" 4537
"../../../Engine/Content/EngineMaterials/Substrate/GLints/dict_16_192_64_0p5_0p02_0018_0014.uasset" 4538
"../../../Engine/Content/EngineMaterials/Substrate/GLints/dict_16_192_64_0p5_0p02_0019_0000.uasset" 4539
"../../../Engine/Content/EngineMaterials/Substrate/GLints/dict_16_192_64_0p5_0p02_0019_0005.uasset" 4540
"../../../Engine/Content/EngineMaterials/Substrate/GLints/dict_16_192_64_0p5_0p02_0019_0009.uasset" 4541
"../../../Engine/Content/EngineMaterials/Substrate/GLints/dict_16_192_64_0p5_0p02_0019_0007.uasset" 4542
"../../../Engine/Content/EngineMaterials/Substrate/GLints/dict_16_192_64_0p5_0p02_0019_0004.uasset" 4543
"../../../Engine/Content/EngineMaterials/Substrate/GLints/dict_16_192_64_0p5_0p02_0019_0006.uasset" 4544
"../../../Engine/Content/EngineMaterials/Substrate/GLints/dict_16_192_64_0p5_0p02_0019_0008.uasset" 4545
"../../../Engine/Content/EngineMaterials/Substrate/GLints/dict_16_192_64_0p5_0p02_0019_0010.uasset" 4546
"../../../Engine/Content/EngineMaterials/Substrate/GLints/dict_16_192_64_0p5_0p02_0019_0011.uasset" 4547
"../../../Engine/Content/EngineMaterials/Substrate/GLints/dict_16_192_64_0p5_0p02_0019_0014.uasset" 4548
"../../../Engine/Content/EngineMaterials/Substrate/GLints/dict_16_192_64_0p5_0p02_0019_0012.uasset" 4549
"/Engine/EngineMaterials/Substrate/GLints/dict_16_192_64_0p5_0p02_0019_0000" 4550
"/Engine/EngineMaterials/Substrate/GLints/dict_16_192_64_0p5_0p02_0018_0014" 4551
"/Engine/EngineMaterials/Substrate/GLints/dict_16_192_64_0p5_0p02_0019_0012" 4552
"/Engine/EngineMaterials/Substrate/GLints/dict_16_192_64_0p5_0p02_0019_0008" 4553
"/Engine/EngineMaterials/Substrate/GLints/dict_16_192_64_0p5_0p02_0019_0006" 4554
"../../../Engine/Content/EngineMaterials/Substrate/GLints/dict_16_192_64_0p5_0p02_0019_0015.uasset" 4555
"../../../Engine/Content/EngineMaterials/Substrate/GLints/dict_16_192_64_0p5_0p02_0020_0000.uasset" 4556
"../../../Engine/Content/EngineMaterials/Substrate/GLints/dict_16_192_64_0p5_0p02_0019_0013.uasset" 4557
"/Engine/EngineMaterials/Substrate/GLints/dict_16_192_64_0p5_0p02_0019_0014" 4558
"/Engine/EngineMaterials/Substrate/GLints/dict_16_192_64_0p5_0p02_0019_0005" 4559
"/Engine/EngineMaterials/Substrate/GLints/dict_16_192_64_0p5_0p02_0019_0004" 4560
"/Engine/EngineMaterials/Substrate/GLints/dict_16_192_64_0p5_0p02_0019_0011" 4561
"../../../Engine/Content/EngineMaterials/Substrate/GLints/dict_16_192_64_0p5_0p02_0020_0002.uasset" 4562
"/Engine/EngineMaterials/Substrate/GLints/dict_16_192_64_0p5_0p02_0019_0010" 4563
"/Engine/EngineMaterials/Substrate/GLints/dict_16_192_64_0p5_0p02_0019_0009" 4564
"../../../Engine/Content/EngineMaterials/Substrate/GLints/dict_16_192_64_0p5_0p02_0020_0003.uasset" 4565
"/Engine/EngineMaterials/Substrate/GLints/dict_16_192_64_0p5_0p02_0019_0007" 4566
"../../../Engine/Content/EngineMaterials/Substrate/GLints/dict_16_192_64_0p5_0p02_0020_0001.uasset" 4567
"/Engine/EngineMaterials/Substrate/GLints/dict_16_192_64_0p5_0p02_0020_0003" 4568
"/Engine/EngineMaterials/Substrate/GLints/dict_16_192_64_0p5_0p02_0020_0000" 4569
"/Engine/EngineMaterials/Substrate/GLints/dict_16_192_64_0p5_0p02_0019_0015" 4570
"/Engine/EngineMaterials/Substrate/GLints/dict_16_192_64_0p5_0p02_0020_0002" 4571
"/Engine/EngineMaterials/Substrate/GLints/dict_16_192_64_0p5_0p02_0020_0001" 4572
"../../../Engine/Content/EngineMaterials/Substrate/GLints/dict_16_192_64_0p5_0p02_0020_0004.uasset" 4573
"/Engine/EngineMaterials/Substrate/GLints/dict_16_192_64_0p5_0p02_0019_0013" 4574
"/Engine/EngineMaterials/Substrate/GLints/dict_16_192_64_0p5_0p02_0020_0004" 4575
"../../../Engine/Content/EngineMaterials/Substrate/GLints/dict_16_192_64_0p5_0p02_0020_0005.uasset" 4576
"../../../Engine/Content/EngineMaterials/Substrate/GLints/dict_16_192_64_0p5_0p02_0020_0010.uasset" 4577
"../../../Engine/Content/EngineMaterials/Substrate/GLints/dict_16_192_64_0p5_0p02_0020_0007.uasset" 4578
"../../../Engine/Content/EngineMaterials/Substrate/GLints/dict_16_192_64_0p5_0p02_0020_0012.uasset" 4579
"../../../Engine/Content/EngineMaterials/Substrate/GLints/dict_16_192_64_0p5_0p02_0020_0008.uasset" 4580
"../../../Engine/Content/EngineMaterials/Substrate/GLints/dict_16_192_64_0p5_0p02_0020_0011.uasset" 4581
"../../../Engine/Content/EngineMaterials/Substrate/GLints/dict_16_192_64_0p5_0p02_0020_0009.uasset" 4582
"../../../Engine/Content/EngineMaterials/Substrate/GLints/dict_16_192_64_0p5_0p02_0020_0014.uasset" 4583
"../../../Engine/Content/EngineMaterials/Substrate/GLints/dict_16_192_64_0p5_0p02_0020_0013.uasset" 4584
"../../../Engine/Content/EngineMaterials/Substrate/GLints/dict_16_192_64_0p5_0p02_0020_0006.uasset" 4585
"/Engine/EngineMaterials/Substrate/GLints/dict_16_192_64_0p5_0p02_0020_0008" 4586
"../../../Engine/Content/EngineMaterials/Substrate/GLints/dict_16_192_64_0p5_0p02_0020_0015.uasset" 4587
"/Engine/EngineMaterials/Substrate/GLints/dict_16_192_64_0p5_0p02_0020_0014" 4588
"/Engine/EngineMaterials/Substrate/GLints/dict_16_192_64_0p5_0p02_0020_0013" 4589
"../../../Engine/Content/EngineMaterials/Substrate/GLints/dict_16_192_64_0p5_0p02_0021_0003.uasset" 4590
"../../../Engine/Content/EngineMaterials/Substrate/GLints/dict_16_192_64_0p5_0p02_0021_0001.uasset" 4591
"/Engine/EngineMaterials/Substrate/GLints/dict_16_192_64_0p5_0p02_0020_0007" 4592
"/Engine/EngineMaterials/Substrate/GLints/dict_16_192_64_0p5_0p02_0020_0006" 4593
"/Engine/EngineMaterials/Substrate/GLints/dict_16_192_64_0p5_0p02_0020_0005" 4594
"../../../Engine/Content/EngineMaterials/Substrate/GLints/dict_16_192_64_0p5_0p02_0021_0002.uasset" 4595
"/Engine/EngineMaterials/Substrate/GLints/dict_16_192_64_0p5_0p02_0020_0012" 4596
"../../../Engine/Content/EngineMaterials/Substrate/GLints/dict_16_192_64_0p5_0p02_0021_0005.uasset" 4597
"../../../Engine/Content/EngineMaterials/Substrate/GLints/dict_16_192_64_0p5_0p02_0021_0000.uasset" 4598
"/Engine/EngineMaterials/Substrate/GLints/dict_16_192_64_0p5_0p02_0020_0011" 4599
"/Engine/EngineMaterials/Substrate/GLints/dict_16_192_64_0p5_0p02_0020_0010" 4600
"/Engine/EngineMaterials/Substrate/GLints/dict_16_192_64_0p5_0p02_0020_0009" 4601
"/Engine/EngineMaterials/Substrate/GLints/dict_16_192_64_0p5_0p02_0021_0000" 4602
"../../../Engine/Content/EngineMaterials/Substrate/GLints/dict_16_192_64_0p5_0p02_0021_0006.uasset" 4603
"/Engine/EngineMaterials/Substrate/GLints/dict_16_192_64_0p5_0p02_0020_0015" 4604
"/Engine/EngineMaterials/Substrate/GLints/dict_16_192_64_0p5_0p02_0021_0001" 4605
"../../../Engine/Content/EngineMaterials/Substrate/GLints/dict_16_192_64_0p5_0p02_0021_0007.uasset" 4606
"../../../Engine/Content/EngineMaterials/Substrate/GLints/dict_16_192_64_0p5_0p02_0021_0004.uasset" 4607
"/Engine/EngineMaterials/Substrate/GLints/dict_16_192_64_0p5_0p02_0021_0005" 4608
"../../../Engine/Content/EngineMaterials/Substrate/GLints/dict_16_192_64_0p5_0p02_0021_0008.uasset" 4609
"/Engine/EngineMaterials/Substrate/GLints/dict_16_192_64_0p5_0p02_0021_0003" 4610
"/Engine/EngineMaterials/Substrate/GLints/dict_16_192_64_0p5_0p02_0021_0002" 4611
"/Engine/EngineMaterials/Substrate/GLints/dict_16_192_64_0p5_0p02_0021_0008" 4612
"/Engine/EngineMaterials/Substrate/GLints/dict_16_192_64_0p5_0p02_0021_0007" 4613
"/Engine/EngineMaterials/Substrate/GLints/dict_16_192_64_0p5_0p02_0021_0006" 4614
"/Engine/EngineMaterials/Substrate/GLints/dict_16_192_64_0p5_0p02_0021_0004" 4615
"../../../Engine/Content/EngineMaterials/Substrate/GLints/dict_16_192_64_0p5_0p02_0021_0013.uasset" 4616
"../../../Engine/Content/EngineMaterials/Substrate/GLints/dict_16_192_64_0p5_0p02_0021_0011.uasset" 4617
"../../../Engine/Content/EngineMaterials/Substrate/GLints/dict_16_192_64_0p5_0p02_0021_0010.uasset" 4618
"../../../Engine/Content/EngineMaterials/Substrate/GLints/dict_16_192_64_0p5_0p02_0021_0012.uasset" 4619
"/Engine/EngineMaterials/Substrate/GLints/dict_16_192_64_0p5_0p02_0021_0012" 4620
"../../../Engine/Content/EngineMaterials/Substrate/GLints/dict_16_192_64_0p5_0p02_0021_0014.uasset" 4621
"/Engine/EngineMaterials/Substrate/GLints/dict_16_192_64_0p5_0p02_0021_0011" 4622
"/Engine/EngineMaterials/Substrate/GLints/dict_16_192_64_0p5_0p02_0021_0010" 4623
"/Engine/EngineMaterials/Substrate/GLints/dict_16_192_64_0p5_0p02_0021_0013" 4624
"/Engine/EngineMaterials/Substrate/GLints/dict_16_192_64_0p5_0p02_0021_0014" 4625
"../../../Engine/Content/EngineMaterials/Substrate/GLints/dict_16_192_64_0p5_0p02_0021_0009.uasset" 4626
"../../../Engine/Content/EngineMaterials/Substrate/GLints/dict_16_192_64_0p5_0p02_0021_0015.uasset" 4627
"../../../Engine/Content/EngineMaterials/Substrate/GLints/dict_16_192_64_0p5_0p02_0022_0000.uasset" 4628
"../../../Engine/Content/EngineMaterials/Substrate/GLints/dict_16_192_64_0p5_0p02_0022_0001.uasset" 4629
"../../../Engine/Content/EngineMaterials/Substrate/GLints/dict_16_192_64_0p5_0p02_0022_0007.uasset" 4630
"../../../Engine/Content/EngineMaterials/Substrate/GLints/dict_16_192_64_0p5_0p02_0022_0003.uasset" 4631
"../../../Engine/Content/EngineMaterials/Substrate/GLints/dict_16_192_64_0p5_0p02_0022_0004.uasset" 4632
"../../../Engine/Content/EngineMaterials/Substrate/GLints/dict_16_192_64_0p5_0p02_0022_0002.uasset" 4633
"/Engine/EngineMaterials/Substrate/GLints/dict_16_192_64_0p5_0p02_0022_0003" 4634
"/Engine/EngineMaterials/Substrate/GLints/dict_16_192_64_0p5_0p02_0021_0009" 4635
"/Engine/EngineMaterials/Substrate/GLints/dict_16_192_64_0p5_0p02_0022_0002" 4636
"/Engine/EngineMaterials/Substrate/GLints/dict_16_192_64_0p5_0p02_0022_0001" 4637
"../../../Engine/Content/EngineMaterials/Substrate/GLints/dict_16_192_64_0p5_0p02_0022_0010.uasset" 4638
"/Engine/EngineMaterials/Substrate/GLints/dict_16_192_64_0p5_0p02_0022_0007" 4639
"/Engine/EngineMaterials/Substrate/GLints/dict_16_192_64_0p5_0p02_0022_0000" 4640
"/Engine/EngineMaterials/Substrate/GLints/dict_16_192_64_0p5_0p02_0021_0015" 4641
"../../../Engine/Content/EngineMaterials/Substrate/GLints/dict_16_192_64_0p5_0p02_0022_0009.uasset" 4642
"../../../Engine/Content/EngineMaterials/Substrate/GLints/dict_16_192_64_0p5_0p02_0022_0008.uasset" 4643
"/Engine/EngineMaterials/Substrate/GLints/dict_16_192_64_0p5_0p02_0022_0004" 4644
"/Engine/EngineMaterials/Substrate/GLints/dict_16_192_64_0p5_0p02_0022_0010" 4645
"/Engine/EngineMaterials/Substrate/GLints/dict_16_192_64_0p5_0p02_0022_0009" 4646
"/Engine/EngineMaterials/Substrate/GLints/dict_16_192_64_0p5_0p02_0022_0008" 4647
"../../../Engine/Content/EngineMaterials/Substrate/GLints/dict_16_192_64_0p5_0p02_0022_0011.uasset" 4648
"../../../Engine/Content/EngineMaterials/Substrate/GLints/dict_16_192_64_0p5_0p02_0022_0014.uasset" 4649
"../../../Engine/Content/EngineMaterials/Substrate/GLints/dict_16_192_64_0p5_0p02_0022_0012.uasset" 4650
"../../../Engine/Content/EngineMaterials/Substrate/GLints/dict_16_192_64_0p5_0p02_0022_0013.uasset" 4651
"../../../Engine/Content/EngineMaterials/Substrate/GLints/dict_16_192_64_0p5_0p02_0022_0015.uasset" 4652
"../../../Engine/Content/EngineMaterials/Substrate/GLints/dict_16_192_64_0p5_0p02_0023_0002.uasset" 4653
"../../../Engine/Content/EngineMaterials/Substrate/GLints/dict_16_192_64_0p5_0p02_0023_0003.uasset" 4654
"../../../Engine/Content/EngineMaterials/Substrate/GLints/dict_16_192_64_0p5_0p02_0022_0006.uasset" 4655
"../../../Engine/Content/EngineMaterials/Substrate/GLints/dict_16_192_64_0p5_0p02_0022_0005.uasset" 4656
"/Engine/EngineMaterials/Substrate/GLints/dict_16_192_64_0p5_0p02_0023_0003" 4657
"/Engine/EngineMaterials/Substrate/GLints/dict_16_192_64_0p5_0p02_0022_0014" 4658
"../../../Engine/Content/EngineMaterials/Substrate/GLints/dict_16_192_64_0p5_0p02_0023_0001.uasset" 4659
"/Engine/EngineMaterials/Substrate/GLints/dict_16_192_64_0p5_0p02_0022_0013" 4660
"../../../Engine/Content/EngineMaterials/Substrate/GLints/dict_16_192_64_0p5_0p02_0023_0000.uasset" 4661
"/Engine/EngineMaterials/Substrate/GLints/dict_16_192_64_0p5_0p02_0022_0012" 4662
"/Engine/EngineMaterials/Substrate/GLints/dict_16_192_64_0p5_0p02_0022_0011" 4663
"/Engine/EngineMaterials/Substrate/GLints/dict_16_192_64_0p5_0p02_0023_0002" 4664
"/Engine/EngineMaterials/Substrate/GLints/dict_16_192_64_0p5_0p02_0022_0006" 4665
"/Engine/EngineMaterials/Substrate/GLints/dict_16_192_64_0p5_0p02_0022_0005" 4666
"/Engine/EngineMaterials/Substrate/GLints/dict_16_192_64_0p5_0p02_0022_0015" 4667
"/Engine/EngineMaterials/Substrate/GLints/dict_16_192_64_0p5_0p02_0023_0001" 4668
"../../../Engine/Content/EngineMaterials/Substrate/GLints/dict_16_192_64_0p5_0p02_0023_0004.uasset" 4669
"/Engine/EngineMaterials/Substrate/GLints/dict_16_192_64_0p5_0p02_0023_0000" 4670
"../../../Engine/Content/EngineMaterials/Substrate/GLints/dict_16_192_64_0p5_0p02_0023_0005.uasset" 4671
"/Engine/EngineMaterials/Substrate/GLints/dict_16_192_64_0p5_0p02_0023_0004" 4672
"../../../Engine/Content/EngineMaterials/Substrate/GLints/dict_16_192_64_0p5_0p02_0023_0010.uasset" 4673
"../../../Engine/Content/EngineMaterials/Substrate/GLints/dict_16_192_64_0p5_0p02_0023_0013.uasset" 4674
"/Engine/EngineMaterials/Substrate/GLints/dict_16_192_64_0p5_0p02_0023_0005" 4675
"../../../Engine/Content/EngineMaterials/Substrate/GLints/dict_16_192_64_0p5_0p02_0023_0012.uasset" 4676
"../../../Engine/Content/EngineMaterials/Substrate/GLints/dict_16_192_64_0p5_0p02_0023_0007.uasset" 4677
"/Engine/EngineMaterials/Substrate/GLints/dict_16_192_64_0p5_0p02_0023_0013" 4678
"../../../Engine/Content/EngineMaterials/Substrate/GLints/dict_16_192_64_0p5_0p02_0023_0006.uasset" 4679
"/Engine/EngineMaterials/Substrate/GLints/dict_16_192_64_0p5_0p02_0023_0010" 4680
"../../../Engine/Content/EngineMaterials/Substrate/GLints/dict_16_192_64_0p5_0p02_0023_0011.uasset" 4681
"/Engine/EngineMaterials/Substrate/GLints/dict_16_192_64_0p5_0p02_0023_0007" 4682
"/Engine/EngineMaterials/Substrate/GLints/dict_16_192_64_0p5_0p02_0023_0012" 4683
"/Engine/EngineMaterials/Substrate/GLints/dict_16_192_64_0p5_0p02_0023_0011" 4684
"/Engine/EngineMaterials/Substrate/GLints/dict_16_192_64_0p5_0p02_0023_0006" 4685
"../../../Engine/Content/EngineMaterials/Substrate/GLints/dict_16_192_64_0p5_0p02_0023_0008.uasset" 4686
"../../../Engine/Content/EngineMaterials/Substrate/GLints/dict_16_192_64_0p5_0p02_0023_0009.uasset" 4687
"../../../Engine/Content/EngineMaterials/Substrate/GLints/dict_16_192_64_0p5_0p02_0023_0014.uasset" 4688
"../../../Engine/Content/EngineMaterials/Substrate/GLints/dict_16_192_64_0p5_0p02_0023_0015.uasset" 4689
"../../../Engine/Content/EngineMaterials/Substrate/GLints/dict_16_192_64_0p5_0p02_0024_0002.uasset" 4690
"../../../Engine/Content/EngineMaterials/Substrate/GLints/dict_16_192_64_0p5_0p02_0024_0000.uasset" 4691
"../../../Engine/Content/EngineMaterials/Substrate/GLints/dict_16_192_64_0p5_0p02_0024_0001.uasset" 4692
"../../../Engine/Content/EngineMaterials/Substrate/GLints/dict_16_192_64_0p5_0p02_0024_0003.uasset" 4693
"../../../Engine/Content/EngineMaterials/Substrate/GLints/dict_16_192_64_0p5_0p02_0024_0005.uasset" 4694
"../../../Engine/Content/EngineMaterials/Substrate/GLints/dict_16_192_64_0p5_0p02_0024_0004.uasset" 4695
"/Engine/EngineMaterials/Substrate/GLints/dict_16_192_64_0p5_0p02_0023_0009" 4696
"/Engine/EngineMaterials/Substrate/GLints/dict_16_192_64_0p5_0p02_0024_0005" 4697
"/Engine/EngineMaterials/Substrate/GLints/dict_16_192_64_0p5_0p02_0024_0004" 4698
"/Engine/EngineMaterials/Substrate/GLints/dict_16_192_64_0p5_0p02_0024_0003" 4699
"/Engine/EngineMaterials/Substrate/GLints/dict_16_192_64_0p5_0p02_0024_0002" 4700
"/Engine/EngineMaterials/Substrate/GLints/dict_16_192_64_0p5_0p02_0023_0008" 4701
"../../../Engine/Content/EngineMaterials/Substrate/GLints/dict_16_192_64_0p5_0p02_0024_0006.uasset" 4702
"../../../Engine/Content/EngineMaterials/Substrate/GLints/dict_16_192_64_0p5_0p02_0024_0009.uasset" 4703
"../../../Engine/Content/EngineMaterials/Substrate/GLints/dict_16_192_64_0p5_0p02_0024_0008.uasset" 4704
"../../../Engine/Content/EngineMaterials/Substrate/GLints/dict_16_192_64_0p5_0p02_0024_0007.uasset" 4705
"/Engine/EngineMaterials/Substrate/GLints/dict_16_192_64_0p5_0p02_0024_0001" 4706
"/Engine/EngineMaterials/Substrate/GLints/dict_16_192_64_0p5_0p02_0024_0000" 4707
"/Engine/EngineMaterials/Substrate/GLints/dict_16_192_64_0p5_0p02_0023_0015" 4708
"../../../Engine/Content/EngineMaterials/Substrate/GLints/dict_16_192_64_0p5_0p02_0024_0010.uasset" 4709
"/Engine/EngineMaterials/Substrate/GLints/dict_16_192_64_0p5_0p02_0023_0014" 4710
"../../../Engine/Content/EngineMaterials/Substrate/GLints/dict_16_192_64_0p5_0p02_0024_0011.uasset" 4711
"../../../Engine/Content/EngineMaterials/Substrate/GLints/dict_16_192_64_0p5_0p02_0024_0012.uasset" 4712
"/Engine/EngineMaterials/Substrate/GLints/dict_16_192_64_0p5_0p02_0024_0008" 4713
"/Engine/EngineMaterials/Substrate/GLints/dict_16_192_64_0p5_0p02_0024_0007" 4714
"/Engine/EngineMaterials/Substrate/GLints/dict_16_192_64_0p5_0p02_0024_0006" 4715
"../../../Engine/Content/EngineMaterials/Substrate/GLints/dict_16_192_64_0p5_0p02_0024_0013.uasset" 4716
"../../../Engine/Content/EngineMaterials/Substrate/GLints/dict_16_192_64_0p5_0p02_0024_0015.uasset" 4717
"/Engine/EngineMaterials/Substrate/GLints/dict_16_192_64_0p5_0p02_0024_0011" 4718
"/Engine/EngineMaterials/Substrate/GLints/dict_16_192_64_0p5_0p02_0024_0010" 4719
"/Engine/EngineMaterials/Substrate/GLints/dict_16_192_64_0p5_0p02_0024_0009" 4720
"/Engine/EngineMaterials/Substrate/GLints/dict_16_192_64_0p5_0p02_0024_0015" 4721
"/Engine/EngineMaterials/Substrate/GLints/dict_16_192_64_0p5_0p02_0024_0013" 4722
"/Engine/EngineMaterials/Substrate/GLints/dict_16_192_64_0p5_0p02_0024_0012" 4723
"../../../Engine/Content/EngineMaterials/Substrate/GLints/dict_16_192_64_0p5_0p02_0025_0000.uasset" 4724
"../../../Engine/Content/EngineMaterials/Substrate/GLints/dict_16_192_64_0p5_0p02_0025_0003.uasset" 4725
"../../../Engine/Content/EngineMaterials/Substrate/GLints/dict_16_192_64_0p5_0p02_0024_0014.uasset" 4726
"../../../Engine/Content/EngineMaterials/Substrate/GLints/dict_16_192_64_0p5_0p02_0025_0008.uasset" 4727
"../../../Engine/Content/EngineMaterials/Substrate/GLints/dict_16_192_64_0p5_0p02_0025_0006.uasset" 4728
"../../../Engine/Content/EngineMaterials/Substrate/GLints/dict_16_192_64_0p5_0p02_0025_0001.uasset" 4729
"../../../Engine/Content/EngineMaterials/Substrate/GLints/dict_16_192_64_0p5_0p02_0025_0002.uasset" 4730
"../../../Engine/Content/EngineMaterials/Substrate/GLints/dict_16_192_64_0p5_0p02_0025_0005.uasset" 4731
"../../../Engine/Content/EngineMaterials/Substrate/GLints/dict_16_192_64_0p5_0p02_0025_0007.uasset" 4732
"../../../Engine/Content/EngineMaterials/Substrate/GLints/dict_16_192_64_0p5_0p02_0025_0004.uasset" 4733
"/Engine/EngineMaterials/Substrate/GLints/dict_16_192_64_0p5_0p02_0025_0005" 4734
"/Engine/EngineMaterials/Substrate/GLints/dict_16_192_64_0p5_0p02_0025_0008" 4735
"/Engine/EngineMaterials/Substrate/GLints/dict_16_192_64_0p5_0p02_0025_0001" 4736
"/Engine/EngineMaterials/Substrate/GLints/dict_16_192_64_0p5_0p02_0025_0000" 4737
"../../../Engine/Content/EngineMaterials/Substrate/GLints/dict_16_192_64_0p5_0p02_0025_0011.uasset" 4738
"../../../Engine/Content/EngineMaterials/Substrate/GLints/dict_16_192_64_0p5_0p02_0025_0009.uasset" 4739
"../../../Engine/Content/EngineMaterials/Substrate/GLints/dict_16_192_64_0p5_0p02_0025_0012.uasset" 4740
"../../../Engine/Content/EngineMaterials/Substrate/GLints/dict_16_192_64_0p5_0p02_0025_0014.uasset" 4741
"../../../Engine/Content/EngineMaterials/Substrate/GLints/dict_16_192_64_0p5_0p02_0025_0010.uasset" 4742
"../../../Engine/Content/EngineMaterials/Substrate/GLints/dict_16_192_64_0p5_0p02_0025_0013.uasset" 4743
"/Engine/EngineMaterials/Substrate/GLints/dict_16_192_64_0p5_0p02_0024_0014" 4744
"/Engine/EngineMaterials/Substrate/GLints/dict_16_192_64_0p5_0p02_0025_0007" 4745
"/Engine/EngineMaterials/Substrate/GLints/dict_16_192_64_0p5_0p02_0025_0003" 4746
"/Engine/EngineMaterials/Substrate/GLints/dict_16_192_64_0p5_0p02_0025_0004" 4747
"/Engine/EngineMaterials/Substrate/GLints/dict_16_192_64_0p5_0p02_0025_0006" 4748
"/Engine/EngineMaterials/Substrate/GLints/dict_16_192_64_0p5_0p02_0025_0002" 4749
"/Engine/EngineMaterials/Substrate/GLints/dict_16_192_64_0p5_0p02_0025_0009" 4750
"/Engine/EngineMaterials/Substrate/GLints/dict_16_192_64_0p5_0p02_0025_0011" 4751
"/Engine/EngineMaterials/Substrate/GLints/dict_16_192_64_0p5_0p02_0025_0014" 4752
"/Engine/EngineMaterials/Substrate/GLints/dict_16_192_64_0p5_0p02_0025_0010" 4753
"/Engine/EngineMaterials/Substrate/GLints/dict_16_192_64_0p5_0p02_0025_0013" 4754
"/Engine/EngineMaterials/Substrate/GLints/dict_16_192_64_0p5_0p02_0025_0012" 4755
"../../../Engine/Content/EngineMaterials/Substrate/GLints/dict_16_192_64_0p5_0p02_0026_0003.uasset" 4756
"../../../Engine/Content/EngineMaterials/Substrate/GLints/dict_16_192_64_0p5_0p02_0026_0004.uasset" 4757
"../../../Engine/Content/EngineMaterials/Substrate/GLints/dict_16_192_64_0p5_0p02_0026_0007.uasset" 4758
"../../../Engine/Content/EngineMaterials/Substrate/GLints/dict_16_192_64_0p5_0p02_0026_0005.uasset" 4759
"../../../Engine/Content/EngineMaterials/Substrate/GLints/dict_16_192_64_0p5_0p02_0026_0006.uasset" 4760
"../../../Engine/Content/EngineMaterials/Substrate/GLints/dict_16_192_64_0p5_0p02_0026_0008.uasset" 4761
"/Engine/EngineMaterials/Substrate/GLints/dict_16_192_64_0p5_0p02_0026_0005" 4762
"/Engine/EngineMaterials/Substrate/GLints/dict_16_192_64_0p5_0p02_0026_0004" 4763
"../../../Engine/Content/EngineMaterials/Substrate/GLints/dict_16_192_64_0p5_0p02_0026_0000.uasset" 4764
"/Engine/EngineMaterials/Substrate/GLints/dict_16_192_64_0p5_0p02_0026_0003" 4765
"/Engine/EngineMaterials/Substrate/GLints/dict_16_192_64_0p5_0p02_0026_0008" 4766
"../../../Engine/Content/EngineMaterials/Substrate/GLints/dict_16_192_64_0p5_0p02_0025_0015.uasset" 4767
"/Engine/EngineMaterials/Substrate/GLints/dict_16_192_64_0p5_0p02_0026_0007" 4768
"../../../Engine/Content/EngineMaterials/Substrate/GLints/dict_16_192_64_0p5_0p02_0026_0002.uasset" 4769
"/Engine/EngineMaterials/Substrate/GLints/dict_16_192_64_0p5_0p02_0026_0006" 4770
"/Engine/EngineMaterials/Substrate/GLints/dict_16_192_64_0p5_0p02_0026_0002" 4771
"../../../Engine/Content/EngineMaterials/Substrate/GLints/dict_16_192_64_0p5_0p02_0026_0010.uasset" 4772
"../../../Engine/Content/EngineMaterials/Substrate/GLints/dict_16_192_64_0p5_0p02_0026_0009.uasset" 4773
"/Engine/EngineMaterials/Substrate/GLints/dict_16_192_64_0p5_0p02_0026_0000" 4774
"../../../Engine/Content/EngineMaterials/Substrate/GLints/dict_16_192_64_0p5_0p02_0026_0014.uasset" 4775
"../../../Engine/Content/EngineMaterials/Substrate/GLints/dict_16_192_64_0p5_0p02_0026_0001.uasset" 4776
"../../../Engine/Content/EngineMaterials/Substrate/GLints/dict_16_192_64_0p5_0p02_0026_0012.uasset" 4777
"/Engine/EngineMaterials/Substrate/GLints/dict_16_192_64_0p5_0p02_0025_0015" 4778
"/Engine/EngineMaterials/Substrate/GLints/dict_16_192_64_0p5_0p02_0026_0014" 4779
"/Engine/EngineMaterials/Substrate/GLints/dict_16_192_64_0p5_0p02_0026_0010" 4780
"/Engine/EngineMaterials/Substrate/GLints/dict_16_192_64_0p5_0p02_0026_0009" 4781
"../../../Engine/Content/EngineMaterials/Substrate/GLints/dict_16_192_64_0p5_0p02_0026_0011.uasset" 4782
"/Engine/EngineMaterials/Substrate/GLints/dict_16_192_64_0p5_0p02_0026_0001" 4783
"/Engine/EngineMaterials/Substrate/GLints/dict_16_192_64_0p5_0p02_0026_0012" 4784
"/Engine/EngineMaterials/Substrate/GLints/dict_16_192_64_0p5_0p02_0026_0011" 4785
"../../../Engine/Content/EngineMaterials/Substrate/GLints/dict_16_192_64_0p5_0p02_0026_0013.uasset" 4786
"../../../Engine/Content/EngineMaterials/Substrate/GLints/dict_16_192_64_0p5_0p02_0027_0001.uasset" 4787
"../../../Engine/Content/EngineMaterials/Substrate/GLints/dict_16_192_64_0p5_0p02_0027_0002.uasset" 4788
"../../../Engine/Content/EngineMaterials/Substrate/GLints/dict_16_192_64_0p5_0p02_0027_0003.uasset" 4789
"../../../Engine/Content/EngineMaterials/Substrate/GLints/dict_16_192_64_0p5_0p02_0027_0005.uasset" 4790
"../../../Engine/Content/EngineMaterials/Substrate/GLints/dict_16_192_64_0p5_0p02_0027_0004.uasset" 4791
"../../../Engine/Content/EngineMaterials/Substrate/GLints/dict_16_192_64_0p5_0p02_0027_0006.uasset" 4792
"../../../Engine/Content/EngineMaterials/Substrate/GLints/dict_16_192_64_0p5_0p02_0027_0000.uasset" 4793
"../../../Engine/Content/EngineMaterials/Substrate/GLints/dict_16_192_64_0p5_0p02_0027_0007.uasset" 4794
"/Engine/EngineMaterials/Substrate/GLints/dict_16_192_64_0p5_0p02_0027_0007" 4795
"/Engine/EngineMaterials/Substrate/GLints/dict_16_192_64_0p5_0p02_0027_0006" 4796
"/Engine/EngineMaterials/Substrate/GLints/dict_16_192_64_0p5_0p02_0027_0005" 4797
"../../../Engine/Content/EngineMaterials/Substrate/GLints/dict_16_192_64_0p5_0p02_0027_0013.uasset" 4798
"/Engine/EngineMaterials/Substrate/GLints/dict_16_192_64_0p5_0p02_0027_0004" 4799
"/Engine/EngineMaterials/Substrate/GLints/dict_16_192_64_0p5_0p02_0026_0013" 4800
"../../../Engine/Content/EngineMaterials/Substrate/GLints/dict_16_192_64_0p5_0p02_0027_0014.uasset" 4801
"../../../Engine/Content/EngineMaterials/Substrate/GLints/dict_16_192_64_0p5_0p02_0027_0009.uasset" 4802
"../../../Engine/Content/EngineMaterials/Substrate/GLints/dict_16_192_64_0p5_0p02_0027_0010.uasset" 4803
"../../../Engine/Content/EngineMaterials/Substrate/GLints/dict_16_192_64_0p5_0p02_0027_0011.uasset" 4804
"../../../Engine/Content/EngineMaterials/Substrate/GLints/dict_16_192_64_0p5_0p02_0027_0008.uasset" 4805
"/Engine/EngineMaterials/Substrate/GLints/dict_16_192_64_0p5_0p02_0027_0003" 4806
"../../../Engine/Content/EngineMaterials/Substrate/GLints/dict_16_192_64_0p5_0p02_0028_0000.uasset" 4807
"../../../Engine/Content/EngineMaterials/Substrate/GLints/dict_16_192_64_0p5_0p02_0027_0012.uasset" 4808
"../../../Engine/Content/EngineMaterials/Substrate/GLints/dict_16_192_64_0p5_0p02_0026_0015.uasset" 4809
"/Engine/EngineMaterials/Substrate/GLints/dict_16_192_64_0p5_0p02_0027_0002" 4810
"/Engine/EngineMaterials/Substrate/GLints/dict_16_192_64_0p5_0p02_0027_0001" 4811
"/Engine/EngineMaterials/Substrate/GLints/dict_16_192_64_0p5_0p02_0027_0000" 4812
"/Engine/EngineMaterials/Substrate/GLints/dict_16_192_64_0p5_0p02_0027_0014" 4813
"/Engine/EngineMaterials/Substrate/GLints/dict_16_192_64_0p5_0p02_0027_0008" 4814
"/Engine/EngineMaterials/Substrate/GLints/dict_16_192_64_0p5_0p02_0027_0013" 4815
"/Engine/EngineMaterials/Substrate/GLints/dict_16_192_64_0p5_0p02_0027_0012" 4816
"../../../Engine/Content/EngineMaterials/Substrate/GLints/dict_16_192_64_0p5_0p02_0027_0015.uasset" 4817
"/Engine/EngineMaterials/Substrate/GLints/dict_16_192_64_0p5_0p02_0027_0011" 4818
"../../../Engine/Content/EngineMaterials/Substrate/GLints/dict_16_192_64_0p5_0p02_0028_0003.uasset" 4819
"/Engine/EngineMaterials/Substrate/GLints/dict_16_192_64_0p5_0p02_0027_0010" 4820
"../../../Engine/Content/EngineMaterials/Substrate/GLints/dict_16_192_64_0p5_0p02_0028_0002.uasset" 4821
"/Engine/EngineMaterials/Substrate/GLints/dict_16_192_64_0p5_0p02_0027_0009" 4822
"../../../Engine/Content/EngineMaterials/Substrate/GLints/dict_16_192_64_0p5_0p02_0028_0004.uasset" 4823
"/Engine/EngineMaterials/Substrate/GLints/dict_16_192_64_0p5_0p02_0026_0015" 4824
"../../../Engine/Content/EngineMaterials/Substrate/GLints/dict_16_192_64_0p5_0p02_0028_0001.uasset" 4825
"/Engine/EngineMaterials/Substrate/GLints/dict_16_192_64_0p5_0p02_0028_0000" 4826
"/Engine/EngineMaterials/Substrate/GLints/dict_16_192_64_0p5_0p02_0028_0004" 4827
"/Engine/EngineMaterials/Substrate/GLints/dict_16_192_64_0p5_0p02_0028_0003" 4828
"/Engine/EngineMaterials/Substrate/GLints/dict_16_192_64_0p5_0p02_0028_0002" 4829
"../../../Engine/Content/EngineMaterials/Substrate/GLints/dict_16_192_64_0p5_0p02_0028_0009.uasset" 4830
"../../../Engine/Content/EngineMaterials/Substrate/GLints/dict_16_192_64_0p5_0p02_0028_0007.uasset" 4831
"/Engine/EngineMaterials/Substrate/GLints/dict_16_192_64_0p5_0p02_0028_0001" 4832
"/Engine/EngineMaterials/Substrate/GLints/dict_16_192_64_0p5_0p02_0027_0015" 4833
"/Engine/EngineMaterials/Substrate/GLints/dict_16_192_64_0p5_0p02_0028_0007" 4834
"../../../Engine/Content/EngineMaterials/Substrate/GLints/dict_16_192_64_0p5_0p02_0028_0006.uasset" 4835
"/Engine/EngineMaterials/Substrate/GLints/dict_16_192_64_0p5_0p02_0028_0009" 4836
"/Engine/EngineMaterials/Substrate/GLints/dict_16_192_64_0p5_0p02_0028_0006" 4837
"../../../Engine/Content/EngineMaterials/Substrate/GLints/dict_16_192_64_0p5_0p02_0028_0008.uasset" 4838
"../../../Engine/Content/EngineMaterials/Substrate/GLints/dict_16_192_64_0p5_0p02_0028_0005.uasset" 4839
"../../../Engine/Content/EngineMaterials/Substrate/GLints/dict_16_192_64_0p5_0p02_0028_0012.uasset" 4840
"../../../Engine/Content/EngineMaterials/Substrate/GLints/dict_16_192_64_0p5_0p02_0028_0011.uasset" 4841
"../../../Engine/Content/EngineMaterials/Substrate/GLints/dict_16_192_64_0p5_0p02_0028_0014.uasset" 4842
"../../../Engine/Content/EngineMaterials/Substrate/GLints/dict_16_192_64_0p5_0p02_0028_0010.uasset" 4843
"../../../Engine/Content/EngineMaterials/Substrate/GLints/dict_16_192_64_0p5_0p02_0029_0000.uasset" 4844
"../../../Engine/Content/EngineMaterials/Substrate/GLints/dict_16_192_64_0p5_0p02_0029_0001.uasset" 4845
"/Engine/EngineMaterials/Substrate/GLints/dict_16_192_64_0p5_0p02_0028_0012" 4846
"/Engine/EngineMaterials/Substrate/GLints/dict_16_192_64_0p5_0p02_0028_0011" 4847
"/Engine/EngineMaterials/Substrate/GLints/dict_16_192_64_0p5_0p02_0028_0010" 4848
"/Engine/EngineMaterials/Substrate/GLints/dict_16_192_64_0p5_0p02_0028_0005" 4849
"/Engine/EngineMaterials/Substrate/GLints/dict_16_192_64_0p5_0p02_0028_0008" 4850
"/Engine/EngineMaterials/Substrate/GLints/dict_16_192_64_0p5_0p02_0029_0000" 4851
"/Engine/EngineMaterials/Substrate/GLints/dict_16_192_64_0p5_0p02_0028_0014" 4852
"/Engine/EngineMaterials/Substrate/GLints/dict_16_192_64_0p5_0p02_0029_0001" 4853
"../../../Engine/Content/EngineMaterials/Substrate/GLints/dict_16_192_64_0p5_0p02_0029_0002.uasset" 4854
"/Engine/EngineMaterials/Substrate/GLints/dict_16_192_64_0p5_0p02_0029_0002" 4855
"../../../Engine/Content/EngineMaterials/Substrate/GLints/dict_16_192_64_0p5_0p02_0029_0003.uasset" 4856
"/Engine/EngineMaterials/Substrate/GLints/dict_16_192_64_0p5_0p02_0029_0003" 4857
"../../../Engine/Content/EngineMaterials/Substrate/GLints/dict_16_192_64_0p5_0p02_0029_0008.uasset" 4858
"../../../Engine/Content/EngineMaterials/Substrate/GLints/dict_16_192_64_0p5_0p02_0029_0004.uasset" 4859
"../../../Engine/Content/EngineMaterials/Substrate/GLints/dict_16_192_64_0p5_0p02_0029_0005.uasset" 4860
"../../../Engine/Content/EngineMaterials/Substrate/GLints/dict_16_192_64_0p5_0p02_0029_0006.uasset" 4861
"../../../Engine/Content/EngineMaterials/Substrate/GLints/dict_16_192_64_0p5_0p02_0028_0013.uasset" 4862
"../../../Engine/Content/EngineMaterials/Substrate/GLints/dict_16_192_64_0p5_0p02_0028_0015.uasset" 4863
"../../../Engine/Content/EngineMaterials/Substrate/GLints/dict_16_192_64_0p5_0p02_0029_0007.uasset" 4864
"/Engine/EngineMaterials/Substrate/GLints/dict_16_192_64_0p5_0p02_0029_0006" 4865
"/Engine/EngineMaterials/Substrate/GLints/dict_16_192_64_0p5_0p02_0029_0005" 4866
"../../../Engine/Content/EngineMaterials/Substrate/GLints/dict_16_192_64_0p5_0p02_0029_0012.uasset" 4867
"../../../Engine/Content/EngineMaterials/Substrate/GLints/dict_16_192_64_0p5_0p02_0029_0011.uasset" 4868
"/Engine/EngineMaterials/Substrate/GLints/dict_16_192_64_0p5_0p02_0029_0004" 4869
"../../../Engine/Content/EngineMaterials/Substrate/GLints/dict_16_192_64_0p5_0p02_0030_0000.uasset" 4870
"../../../Engine/Content/EngineMaterials/Substrate/GLints/dict_16_192_64_0p5_0p02_0029_0014.uasset" 4871
"../../../Engine/Content/EngineMaterials/Substrate/GLints/dict_16_192_64_0p5_0p02_0029_0009.uasset" 4872
"../../../Engine/Content/EngineMaterials/Substrate/GLints/dict_16_192_64_0p5_0p02_0029_0013.uasset" 4873
"/Engine/EngineMaterials/Substrate/GLints/dict_16_192_64_0p5_0p02_0028_0013" 4874
"../../../Engine/Content/EngineMaterials/Substrate/GLints/dict_16_192_64_0p5_0p02_0029_0010.uasset" 4875
"../../../Engine/Content/EngineMaterials/Substrate/GLints/dict_16_192_64_0p5_0p02_0029_0015.uasset" 4876
"/Engine/EngineMaterials/Substrate/GLints/dict_16_192_64_0p5_0p02_0028_0015" 4877
"/Engine/EngineMaterials/Substrate/GLints/dict_16_192_64_0p5_0p02_0029_0008" 4878
"/Engine/EngineMaterials/Substrate/GLints/dict_16_192_64_0p5_0p02_0029_0007" 4879
"/Engine/EngineMaterials/Substrate/GLints/dict_16_192_64_0p5_0p02_0029_0015" 4880
"/Engine/EngineMaterials/Substrate/GLints/dict_16_192_64_0p5_0p02_0029_0014" 4881
"/Engine/EngineMaterials/Substrate/GLints/dict_16_192_64_0p5_0p02_0029_0013" 4882
"/Engine/EngineMaterials/Substrate/GLints/dict_16_192_64_0p5_0p02_0029_0012" 4883
"../../../Engine/Content/EngineMaterials/Substrate/GLints/dict_16_192_64_0p5_0p02_0030_0002.uasset" 4884
"/Engine/EngineMaterials/Substrate/GLints/dict_16_192_64_0p5_0p02_0029_0011" 4885
"/Engine/EngineMaterials/Substrate/GLints/dict_16_192_64_0p5_0p02_0029_0010" 4886
"/Engine/EngineMaterials/Substrate/GLints/dict_16_192_64_0p5_0p02_0029_0009" 4887
"/Engine/EngineMaterials/Substrate/GLints/dict_16_192_64_0p5_0p02_0030_0000" 4888
"/Engine/EngineMaterials/Substrate/GLints/dict_16_192_64_0p5_0p02_0030_0002" 4889
"../../../Engine/Content/EngineMaterials/Substrate/GLints/dict_16_192_64_0p5_0p02_0030_0003.uasset" 4890
"../../../Engine/Content/EngineMaterials/Substrate/GLints/dict_16_192_64_0p5_0p02_0030_0004.uasset" 4891
"../../../Engine/Content/EngineMaterials/Substrate/GLints/dict_16_192_64_0p5_0p02_0030_0010.uasset" 4892
"../../../Engine/Content/EngineMaterials/Substrate/GLints/dict_16_192_64_0p5_0p02_0030_0005.uasset" 4893
"../../../Engine/Content/EngineMaterials/Substrate/GLints/dict_16_192_64_0p5_0p02_0030_0008.uasset" 4894
"../../../Engine/Content/EngineMaterials/Substrate/GLints/dict_16_192_64_0p5_0p02_0030_0007.uasset" 4895
"../../../Engine/Content/EngineMaterials/Substrate/GLints/dict_16_192_64_0p5_0p02_0030_0006.uasset" 4896
"../../../Engine/Content/EngineMaterials/Substrate/GLints/dict_16_192_64_0p5_0p02_0030_0009.uasset" 4897
"../../../Engine/Content/EngineMaterials/Substrate/GLints/dict_16_192_64_0p5_0p02_0030_0001.uasset" 4898
"../../../Engine/Content/EngineMaterials/Substrate/GLints/dict_16_192_64_0p5_0p02_0030_0011.uasset" 4899
"/Engine/EngineMaterials/Substrate/GLints/dict_16_192_64_0p5_0p02_0030_0004" 4900
"/Engine/EngineMaterials/Substrate/GLints/dict_16_192_64_0p5_0p02_0030_0003" 4901
"../../../Engine/Content/EngineMaterials/Substrate/GLints/dict_16_192_64_0p5_0p02_0030_0012.uasset" 4902
"/Engine/EngineMaterials/Substrate/GLints/dict_16_192_64_0p5_0p02_0030_0006" 4903
"/Engine/EngineMaterials/Substrate/GLints/dict_16_192_64_0p5_0p02_0030_0005" 4904
"/Engine/EngineMaterials/Substrate/GLints/dict_16_192_64_0p5_0p02_0030_0007" 4905
"/Engine/EngineMaterials/Substrate/GLints/dict_16_192_64_0p5_0p02_0030_0011" 4906
"../../../Engine/Content/EngineMaterials/Substrate/GLints/dict_16_192_64_0p5_0p02_0031_0000.uasset" 4907
"/Engine/EngineMaterials/Substrate/GLints/dict_16_192_64_0p5_0p02_0030_0010" 4908
"/Engine/EngineMaterials/Substrate/GLints/dict_16_192_64_0p5_0p02_0030_0001" 4909
"/Engine/EngineMaterials/Substrate/GLints/dict_16_192_64_0p5_0p02_0030_0009" 4910
"../../../Engine/Content/EngineMaterials/Substrate/GLints/dict_16_192_64_0p5_0p02_0030_0013.uasset" 4911
"../../../Engine/Content/EngineMaterials/Substrate/GLints/dict_16_192_64_0p5_0p02_0030_0015.uasset" 4912
"/Engine/EngineMaterials/Substrate/GLints/dict_16_192_64_0p5_0p02_0030_0008" 4913
"../../../Engine/Content/EngineMaterials/Substrate/GLints/dict_16_192_64_0p5_0p02_0031_0002.uasset" 4914
"/Engine/EngineMaterials/Substrate/GLints/dict_16_192_64_0p5_0p02_0031_0000" 4915
"/Engine/EngineMaterials/Substrate/GLints/dict_16_192_64_0p5_0p02_0030_0012" 4916
"../../../Engine/Content/EngineMaterials/Substrate/GLints/dict_16_192_64_0p5_0p02_0030_0014.uasset" 4917
"/Engine/EngineMaterials/Substrate/GLints/dict_16_192_64_0p5_0p02_0030_0015" 4918
"../../../Engine/Content/EngineMaterials/Substrate/GLints/dict_16_192_64_0p5_0p02_0031_0004.uasset" 4919
"/Engine/EngineMaterials/Substrate/GLints/dict_16_192_64_0p5_0p02_0031_0002" 4920
"../../../Engine/Content/EngineMaterials/Substrate/GLints/dict_16_192_64_0p5_0p02_0031_0003.uasset" 4921
"/Engine/EngineMaterials/Substrate/GLints/dict_16_192_64_0p5_0p02_0030_0014" 4922
"../../../Engine/Content/EngineMaterials/Substrate/GLints/dict_16_192_64_0p5_0p02_0031_0005.uasset" 4923
"/Engine/EngineMaterials/Substrate/GLints/dict_16_192_64_0p5_0p02_0030_0013" 4924
"/Engine/EngineMaterials/Substrate/GLints/dict_16_192_64_0p5_0p02_0031_0004" 4925
"/Engine/EngineMaterials/Substrate/GLints/dict_16_192_64_0p5_0p02_0031_0005" 4926
"/Engine/EngineMaterials/Substrate/GLints/dict_16_192_64_0p5_0p02_0031_0003" 4927
"../../../Engine/Content/EngineMaterials/Substrate/GLints/dict_16_192_64_0p5_0p02_0031_0006.uasset" 4928
"../../../Engine/Content/EngineMaterials/Substrate/GLints/dict_16_192_64_0p5_0p02_0031_0007.uasset" 4929
"../../../Engine/Content/EngineMaterials/Substrate/GLints/dict_16_192_64_0p5_0p02_0031_0008.uasset" 4930
"../../../Engine/Content/EngineMaterials/Substrate/GLints/dict_16_192_64_0p5_0p02_0031_0009.uasset" 4931
"../../../Engine/Content/EngineMaterials/Substrate/GLints/dict_16_192_64_0p5_0p02_0031_0011.uasset" 4932
"../../../Engine/Content/EngineMaterials/Substrate/GLints/dict_16_192_64_0p5_0p02_0031_0001.uasset" 4933
"../../../Engine/Content/EngineMaterials/Substrate/GLints/dict_16_192_64_0p5_0p02_0031_0013.uasset" 4934
"../../../Engine/Content/EngineMaterials/Substrate/GLints/dict_16_192_64_0p5_0p02_0031_0010.uasset" 4935
"../../../Engine/Content/EngineMaterials/Substrate/GLints/dict_16_192_64_0p5_0p02_0031_0014.uasset" 4936
"../../../Engine/Content/EngineMaterials/Substrate/GLints/dict_16_192_64_0p5_0p02_0032_0003.uasset" 4937
"../../../Engine/Content/EngineMaterials/Substrate/GLints/dict_16_192_64_0p5_0p02_0032_0002.uasset" 4938
"../../../Engine/Content/EngineMaterials/Substrate/GLints/dict_16_192_64_0p5_0p02_0031_0015.uasset" 4939
"/Engine/EngineMaterials/Substrate/GLints/dict_16_192_64_0p5_0p02_0031_0014" 4940
"../../../Engine/Content/EngineMaterials/Substrate/GLints/dict_16_192_64_0p5_0p02_0032_0000.uasset" 4941
"/Engine/EngineMaterials/Substrate/GLints/dict_16_192_64_0p5_0p02_0031_0008" 4942
"/Engine/EngineMaterials/Substrate/GLints/dict_16_192_64_0p5_0p02_0031_0007" 4943
"../../../Engine/Content/EngineMaterials/Substrate/GLints/dict_16_192_64_0p5_0p02_0032_0001.uasset" 4944
"../../../Engine/Content/EngineMaterials/Substrate/GLints/dict_16_192_64_0p5_0p02_0032_0004.uasset" 4945
"/Engine/EngineMaterials/Substrate/GLints/dict_16_192_64_0p5_0p02_0031_0006" 4946
"../../../Engine/Content/EngineMaterials/Substrate/GLints/dict_16_192_64_0p5_0p02_0031_0012.uasset" 4947
"/Engine/EngineMaterials/Substrate/GLints/dict_16_192_64_0p5_0p02_0031_0001" 4948
"/Engine/EngineMaterials/Substrate/GLints/dict_16_192_64_0p5_0p02_0031_0013" 4949
"/Engine/EngineMaterials/Substrate/GLints/dict_16_192_64_0p5_0p02_0031_0011" 4950
"../../../Engine/Content/EngineMaterials/Substrate/GLints/dict_16_192_64_0p5_0p02_0032_0005.uasset" 4951
"/Engine/EngineMaterials/Substrate/GLints/dict_16_192_64_0p5_0p02_0032_0003" 4952
"/Engine/EngineMaterials/Substrate/GLints/dict_16_192_64_0p5_0p02_0031_0010" 4953
"/Engine/EngineMaterials/Substrate/GLints/dict_16_192_64_0p5_0p02_0032_0002" 4954
"../../../Engine/Content/EngineMaterials/Substrate/GLints/dict_16_192_64_0p5_0p02_0032_0006.uasset" 4955
"../../../Engine/Content/EngineMaterials/Substrate/GLints/dict_16_192_64_0p5_0p02_0032_0007.uasset" 4956
"/Engine/EngineMaterials/Substrate/GLints/dict_16_192_64_0p5_0p02_0031_0009" 4957
"/Engine/EngineMaterials/Substrate/GLints/dict_16_192_64_0p5_0p02_0032_0000" 4958
"/Engine/EngineMaterials/Substrate/GLints/dict_16_192_64_0p5_0p02_0031_0015" 4959
"../../../Engine/Content/EngineMaterials/Substrate/GLints/dict_16_192_64_0p5_0p02_0032_0010.uasset" 4960
"../../../Engine/Content/EngineMaterials/Substrate/GLints/dict_16_192_64_0p5_0p02_0032_0008.uasset" 4961
"/Engine/EngineMaterials/Substrate/GLints/dict_16_192_64_0p5_0p02_0032_0001" 4962
"../../../Engine/Content/EngineMaterials/Substrate/GLints/dict_16_192_64_0p5_0p02_0032_0009.uasset" 4963
"/Engine/EngineMaterials/Substrate/GLints/dict_16_192_64_0p5_0p02_0032_0007" 4964
"/Engine/EngineMaterials/Substrate/GLints/dict_16_192_64_0p5_0p02_0032_0006" 4965
"/Engine/EngineMaterials/Substrate/GLints/dict_16_192_64_0p5_0p02_0031_0012" 4966
"/Engine/EngineMaterials/Substrate/GLints/dict_16_192_64_0p5_0p02_0032_0005" 4967
"../../../Engine/Content/EngineMaterials/Substrate/GLints/dict_16_192_64_0p5_0p02_0032_0011.uasset" 4968
"/Engine/EngineMaterials/Substrate/GLints/dict_16_192_64_0p5_0p02_0032_0004" 4969
"/Engine/EngineMaterials/Substrate/GLints/dict_16_192_64_0p5_0p02_0032_0011" 4970
"../../../Engine/Content/EngineMaterials/Substrate/GLints/dict_16_192_64_0p5_0p02_0032_0015.uasset" 4971
"../../../Engine/Content/EngineMaterials/Substrate/GLints/dict_16_192_64_0p5_0p02_0032_0014.uasset" 4972
"/Engine/EngineMaterials/Substrate/GLints/dict_16_192_64_0p5_0p02_0032_0010" 4973
"../../../Engine/Content/EngineMaterials/Substrate/GLints/dict_16_192_64_0p5_0p02_0032_0012.uasset" 4974
"/Engine/EngineMaterials/Substrate/GLints/dict_16_192_64_0p5_0p02_0032_0009" 4975
"../../../Engine/Content/EngineMaterials/Substrate/GLints/dict_16_192_64_0p5_0p02_0033_0000.uasset" 4976
"/Engine/EngineMaterials/Substrate/GLints/dict_16_192_64_0p5_0p02_0032_0008" 4977
"../../../Engine/Content/EngineMaterials/Substrate/GLints/dict_16_192_64_0p5_0p02_0033_0001.uasset" 4978
"../../../Engine/Content/EngineMaterials/Substrate/GLints/dict_16_192_64_0p5_0p02_0033_0004.uasset" 4979
"/Engine/EngineMaterials/Substrate/GLints/dict_16_192_64_0p5_0p02_0032_0015" 4980
"/Engine/EngineMaterials/Substrate/GLints/dict_16_192_64_0p5_0p02_0032_0014" 4981
"../../../Engine/Content/EngineMaterials/Substrate/GLints/dict_16_192_64_0p5_0p02_0033_0002.uasset" 4982
"/Engine/EngineMaterials/Substrate/GLints/dict_16_192_64_0p5_0p02_0033_0000" 4983
"/Engine/EngineMaterials/Substrate/GLints/dict_16_192_64_0p5_0p02_0032_0012" 4984
"../../../Engine/Content/EngineMaterials/Substrate/GLints/dict_16_192_64_0p5_0p02_0032_0013.uasset" 4985
"/Engine/EngineMaterials/Substrate/GLints/dict_16_192_64_0p5_0p02_0033_0002" 4986
"/Engine/EngineMaterials/Substrate/GLints/dict_16_192_64_0p5_0p02_0033_0004" 4987
"/Engine/EngineMaterials/Substrate/GLints/dict_16_192_64_0p5_0p02_0033_0001" 4988
"/Engine/EngineMaterials/Substrate/GLints/dict_16_192_64_0p5_0p02_0032_0013" 4989
"../../../Engine/Content/EngineMaterials/Substrate/GLints/dict_16_192_64_0p5_0p02_0033_0003.uasset" 4990
"../../../Engine/Content/EngineMaterials/Substrate/GLints/dict_16_192_64_0p5_0p02_0033_0006.uasset" 4991
"../../../Engine/Content/EngineMaterials/Substrate/GLints/dict_16_192_64_0p5_0p02_0033_0005.uasset" 4992
"/Engine/EngineMaterials/Substrate/GLints/dict_16_192_64_0p5_0p02_0033_0006" 4993
"/Engine/EngineMaterials/Substrate/GLints/dict_16_192_64_0p5_0p02_0033_0003" 4994
"../../../Engine/Content/EngineMaterials/Substrate/GLints/dict_16_192_64_0p5_0p02_0033_0007.uasset" 4995
"/Engine/EngineMaterials/Substrate/GLints/dict_16_192_64_0p5_0p02_0033_0007" 4996
"/Engine/EngineMaterials/Substrate/GLints/dict_16_192_64_0p5_0p02_0033_0005" 4997
"../../../Engine/Content/EngineMaterials/Substrate/GLints/dict_16_192_64_0p5_0p02_0033_0011.uasset" 4998
"../../../Engine/Content/EngineMaterials/Substrate/GLints/dict_16_192_64_0p5_0p02_0033_0010.uasset" 4999
"/Engine/EngineMaterials/Substrate/GLints/dict_16_192_64_0p5_0p02_0033_0011" 5000
"../../../Engine/Content/EngineMaterials/Substrate/GLints/dict_16_192_64_0p5_0p02_0033_0012.uasset" 5001
"../../../Engine/Content/EngineMaterials/Substrate/GLints/dict_16_192_64_0p5_0p02_0033_0009.uasset" 5002
"../../../Engine/Content/EngineMaterials/Substrate/GLints/dict_16_192_64_0p5_0p02_0033_0013.uasset" 5003
"/Engine/EngineMaterials/Substrate/GLints/dict_16_192_64_0p5_0p02_0033_0010" 5004
"../../../Engine/Content/EngineMaterials/Substrate/GLints/dict_16_192_64_0p5_0p02_0033_0008.uasset" 5005
"/Engine/EngineMaterials/Substrate/GLints/dict_16_192_64_0p5_0p02_0033_0013" 5006
"/Engine/EngineMaterials/Substrate/GLints/dict_16_192_64_0p5_0p02_0033_0012" 5007
"/Engine/EngineMaterials/Substrate/GLints/dict_16_192_64_0p5_0p02_0033_0009" 5008
"/Engine/EngineMaterials/Substrate/GLints/dict_16_192_64_0p5_0p02_0033_0008" 5009
"../../../Engine/Content/EngineMaterials/Substrate/GLints/dict_16_192_64_0p5_0p02_0034_0003.uasset" 5010
"../../../Engine/Content/EngineMaterials/Substrate/GLints/dict_16_192_64_0p5_0p02_0034_0002.uasset" 5011
"../../../Engine/Content/EngineMaterials/Substrate/GLints/dict_16_192_64_0p5_0p02_0034_0001.uasset" 5012
"../../../Engine/Content/EngineMaterials/Substrate/GLints/dict_16_192_64_0p5_0p02_0034_0005.uasset" 5013
"../../../Engine/Content/EngineMaterials/Substrate/GLints/dict_16_192_64_0p5_0p02_0033_0015.uasset" 5014
"../../../Engine/Content/EngineMaterials/Substrate/GLints/dict_16_192_64_0p5_0p02_0033_0014.uasset" 5015
"../../../Engine/Content/EngineMaterials/Substrate/GLints/dict_16_192_64_0p5_0p02_0034_0004.uasset" 5016
"../../../Engine/Content/EngineMaterials/Substrate/GLints/dict_16_192_64_0p5_0p02_0034_0000.uasset" 5017
"/Engine/EngineMaterials/Substrate/GLints/dict_16_192_64_0p5_0p02_0033_0015" 5018
"/Engine/EngineMaterials/Substrate/GLints/dict_16_192_64_0p5_0p02_0033_0014" 5019
"/Engine/EngineMaterials/Substrate/GLints/dict_16_192_64_0p5_0p02_0034_0005" 5020
"/Engine/EngineMaterials/Substrate/GLints/dict_16_192_64_0p5_0p02_0034_0004" 5021
"/Engine/EngineMaterials/Substrate/GLints/dict_16_192_64_0p5_0p02_0034_0003" 5022
"/Engine/EngineMaterials/Substrate/GLints/dict_16_192_64_0p5_0p02_0034_0002" 5023
"/Engine/EngineMaterials/Substrate/GLints/dict_16_192_64_0p5_0p02_0034_0001" 5024
"/Engine/EngineMaterials/Substrate/GLints/dict_16_192_64_0p5_0p02_0034_0000" 5025
"../../../Engine/Content/EngineMaterials/Substrate/GLints/dict_16_192_64_0p5_0p02_0034_0006.uasset" 5026
"../../../Engine/Content/EngineMaterials/Substrate/GLints/dict_16_192_64_0p5_0p02_0034_0010.uasset" 5027
"../../../Engine/Content/EngineMaterials/Substrate/GLints/dict_16_192_64_0p5_0p02_0034_0008.uasset" 5028
"../../../Engine/Content/EngineMaterials/Substrate/GLints/dict_16_192_64_0p5_0p02_0034_0011.uasset" 5029
"../../../Engine/Content/EngineMaterials/Substrate/GLints/dict_16_192_64_0p5_0p02_0034_0013.uasset" 5030
"../../../Engine/Content/EngineMaterials/Substrate/GLints/dict_16_192_64_0p5_0p02_0034_0012.uasset" 5031
"../../../Engine/Content/EngineMaterials/Substrate/GLints/dict_16_192_64_0p5_0p02_0034_0014.uasset" 5032
"../../../Engine/Content/EngineMaterials/Substrate/GLints/dict_16_192_64_0p5_0p02_0034_0009.uasset" 5033
"../../../Engine/Content/EngineMaterials/Substrate/GLints/dict_16_192_64_0p5_0p02_0034_0007.uasset" 5034
"/Engine/EngineMaterials/Substrate/GLints/dict_16_192_64_0p5_0p02_0034_0007" 5035
"/Engine/EngineMaterials/Substrate/GLints/dict_16_192_64_0p5_0p02_0034_0006" 5036
"/Engine/EngineMaterials/Substrate/GLints/dict_16_192_64_0p5_0p02_0034_0011" 5037
"/Engine/EngineMaterials/Substrate/GLints/dict_16_192_64_0p5_0p02_0034_0010" 5038
"/Engine/EngineMaterials/Substrate/GLints/dict_16_192_64_0p5_0p02_0034_0009" 5039
"/Engine/EngineMaterials/Substrate/GLints/dict_16_192_64_0p5_0p02_0034_0014" 5040
"/Engine/EngineMaterials/Substrate/GLints/dict_16_192_64_0p5_0p02_0034_0008" 5041
"../../../Engine/Content/EngineMaterials/Substrate/GLints/dict_16_192_64_0p5_0p02_0034_0015.uasset" 5042
"/Engine/EngineMaterials/Substrate/GLints/dict_16_192_64_0p5_0p02_0034_0013" 5043
"/Engine/EngineMaterials/Substrate/GLints/dict_16_192_64_0p5_0p02_0034_0012" 5044
"/Engine/EngineMaterials/Substrate/GLints/dict_16_192_64_0p5_0p02_0034_0015" 5045
"../../../Engine/Content/EngineMaterials/Substrate/GLints/dict_16_192_64_0p5_0p02_0035_0001.uasset" 5046
"../../../Engine/Content/EngineMaterials/Substrate/GLints/dict_16_192_64_0p5_0p02_0035_0005.uasset" 5047
"../../../Engine/Content/EngineMaterials/Substrate/GLints/dict_16_192_64_0p5_0p02_0035_0004.uasset" 5048
"../../../Engine/Content/EngineMaterials/Substrate/GLints/dict_16_192_64_0p5_0p02_0035_0000.uasset" 5049
"../../../Engine/Content/EngineMaterials/Substrate/GLints/dict_16_192_64_0p5_0p02_0035_0002.uasset" 5050
"../../../Engine/Content/EngineMaterials/Substrate/GLints/dict_16_192_64_0p5_0p02_0035_0003.uasset" 5051
"../../../Engine/Content/EngineMaterials/Substrate/GLints/dict_16_192_64_0p5_0p02_0035_0007.uasset" 5052
"../../../Engine/Content/EngineMaterials/Substrate/GLints/dict_16_192_64_0p5_0p02_0035_0006.uasset" 5053
"../../../Engine/Content/EngineMaterials/Substrate/GLints/dict_16_192_64_0p5_0p02_0035_0009.uasset" 5054
"../../../Engine/Content/EngineMaterials/Substrate/GLints/dict_16_192_64_0p5_0p02_0035_0015.uasset" 5055
"/Engine/EngineMaterials/Substrate/GLints/dict_16_192_64_0p5_0p02_0035_0003" 5056
"../../../Engine/Content/EngineMaterials/Substrate/GLints/dict_16_192_64_0p5_0p02_0035_0011.uasset" 5057
"../../../Engine/Content/EngineMaterials/Substrate/GLints/dict_16_192_64_0p5_0p02_0035_0012.uasset" 5058
"../../../Engine/Content/EngineMaterials/Substrate/GLints/dict_16_192_64_0p5_0p02_0035_0010.uasset" 5059
"../../../Engine/Content/EngineMaterials/Substrate/GLints/dict_16_192_64_0p5_0p02_0035_0013.uasset" 5060
"/Engine/EngineMaterials/Substrate/GLints/dict_16_192_64_0p5_0p02_0035_0009" 5061
"../../../Engine/Content/EngineMaterials/Substrate/GLints/dict_16_192_64_0p5_0p02_0035_0008.uasset" 5062
"/Engine/EngineMaterials/Substrate/GLints/dict_16_192_64_0p5_0p02_0035_0002" 5063
"/Engine/EngineMaterials/Substrate/GLints/dict_16_192_64_0p5_0p02_0035_0001" 5064
"/Engine/EngineMaterials/Substrate/GLints/dict_16_192_64_0p5_0p02_0035_0000" 5065
"../../../Engine/Content/EngineMaterials/Substrate/GLints/dict_16_192_64_0p5_0p02_0036_0000.uasset" 5066
"../../../Engine/Content/EngineMaterials/Substrate/GLints/dict_16_192_64_0p5_0p02_0035_0014.uasset" 5067
"/Engine/EngineMaterials/Substrate/GLints/dict_16_192_64_0p5_0p02_0035_0015" 5068
"/Engine/EngineMaterials/Substrate/GLints/dict_16_192_64_0p5_0p02_0035_0007" 5069
"/Engine/EngineMaterials/Substrate/GLints/dict_16_192_64_0p5_0p02_0035_0005" 5070
"../../../Engine/Content/EngineMaterials/Substrate/GLints/dict_16_192_64_0p5_0p02_0036_0001.uasset" 5071
"/Engine/EngineMaterials/Substrate/GLints/dict_16_192_64_0p5_0p02_0035_0004" 5072
"/Engine/EngineMaterials/Substrate/GLints/dict_16_192_64_0p5_0p02_0035_0006" 5073
"/Engine/EngineMaterials/Substrate/GLints/dict_16_192_64_0p5_0p02_0035_0013" 5074
"/Engine/EngineMaterials/Substrate/GLints/dict_16_192_64_0p5_0p02_0035_0012" 5075
"/Engine/EngineMaterials/Substrate/GLints/dict_16_192_64_0p5_0p02_0036_0001" 5076
"../../../Engine/Content/EngineMaterials/Substrate/GLints/dict_16_192_64_0p5_0p02_0036_0004.uasset" 5077
"/Engine/EngineMaterials/Substrate/GLints/dict_16_192_64_0p5_0p02_0035_0008" 5078
"/Engine/EngineMaterials/Substrate/GLints/dict_16_192_64_0p5_0p02_0036_0000" 5079
"../../../Engine/Content/EngineMaterials/Substrate/GLints/dict_16_192_64_0p5_0p02_0036_0002.uasset" 5080
"/Engine/EngineMaterials/Substrate/GLints/dict_16_192_64_0p5_0p02_0035_0011" 5081
"/Engine/EngineMaterials/Substrate/GLints/dict_16_192_64_0p5_0p02_0035_0014" 5082
"/Engine/EngineMaterials/Substrate/GLints/dict_16_192_64_0p5_0p02_0035_0010" 5083
"/Engine/EngineMaterials/Substrate/GLints/dict_16_192_64_0p5_0p02_0036_0004" 5084
"/Engine/EngineMaterials/Substrate/GLints/dict_16_192_64_0p5_0p02_0036_0002" 5085
"../../../Engine/Content/EngineMaterials/Substrate/GLints/dict_16_192_64_0p5_0p02_0036_0005.uasset" 5086
"../../../Engine/Content/EngineMaterials/Substrate/GLints/dict_16_192_64_0p5_0p02_0036_0006.uasset" 5087
"../../../Engine/Content/EngineMaterials/Substrate/GLints/dict_16_192_64_0p5_0p02_0036_0009.uasset" 5088
"/Engine/EngineMaterials/Substrate/GLints/dict_16_192_64_0p5_0p02_0036_0005" 5089
"../../../Engine/Content/EngineMaterials/Substrate/GLints/dict_16_192_64_0p5_0p02_0036_0003.uasset" 5090
"../../../Engine/Content/EngineMaterials/Substrate/GLints/dict_16_192_64_0p5_0p02_0036_0010.uasset" 5091
"../../../Engine/Content/EngineMaterials/Substrate/GLints/dict_16_192_64_0p5_0p02_0036_0008.uasset" 5092
"../../../Engine/Content/EngineMaterials/Substrate/GLints/dict_16_192_64_0p5_0p02_0036_0007.uasset" 5093
"/Engine/EngineMaterials/Substrate/GLints/dict_16_192_64_0p5_0p02_0036_0009" 5094
"/Engine/EngineMaterials/Substrate/GLints/dict_16_192_64_0p5_0p02_0036_0006" 5095
"/Engine/EngineMaterials/Substrate/GLints/dict_16_192_64_0p5_0p02_0036_0003" 5096
"/Engine/EngineMaterials/Substrate/GLints/dict_16_192_64_0p5_0p02_0036_0010" 5097
"/Engine/EngineMaterials/Substrate/GLints/dict_16_192_64_0p5_0p02_0036_0008" 5098
"/Engine/EngineMaterials/Substrate/GLints/dict_16_192_64_0p5_0p02_0036_0007" 5099
"../../../Engine/Content/EngineMaterials/Substrate/GLints/dict_16_192_64_0p5_0p02_0036_0012.uasset" 5100
"../../../Engine/Content/EngineMaterials/Substrate/GLints/dict_16_192_64_0p5_0p02_0036_0013.uasset" 5101
"../../../Engine/Content/EngineMaterials/Substrate/GLints/dict_16_192_64_0p5_0p02_0036_0014.uasset" 5102
"../../../Engine/Content/EngineMaterials/Substrate/GLints/dict_16_192_64_0p5_0p02_0037_0000.uasset" 5103
"../../../Engine/Content/EngineMaterials/Substrate/GLints/dict_16_192_64_0p5_0p02_0036_0015.uasset" 5104
"../../../Engine/Content/EngineMaterials/Substrate/GLints/dict_16_192_64_0p5_0p02_0037_0001.uasset" 5105
"/Engine/EngineMaterials/Substrate/GLints/dict_16_192_64_0p5_0p02_0036_0014" 5106
"../../../Engine/Content/EngineMaterials/Substrate/GLints/dict_16_192_64_0p5_0p02_0037_0004.uasset" 5107
"/Engine/EngineMaterials/Substrate/GLints/dict_16_192_64_0p5_0p02_0036_0013" 5108
"../../../Engine/Content/EngineMaterials/Substrate/GLints/dict_16_192_64_0p5_0p02_0037_0002.uasset" 5109
"/Engine/EngineMaterials/Substrate/GLints/dict_16_192_64_0p5_0p02_0036_0012" 5110
"/Engine/EngineMaterials/Substrate/GLints/dict_16_192_64_0p5_0p02_0036_0015" 5111
"/Engine/EngineMaterials/Substrate/GLints/dict_16_192_64_0p5_0p02_0037_0001" 5112
"/Engine/EngineMaterials/Substrate/GLints/dict_16_192_64_0p5_0p02_0037_0000" 5113
"/Engine/EngineMaterials/Substrate/GLints/dict_16_192_64_0p5_0p02_0037_0004" 5114
"../../../Engine/Content/EngineMaterials/Substrate/GLints/dict_16_192_64_0p5_0p02_0036_0011.uasset" 5115
"/Engine/EngineMaterials/Substrate/GLints/dict_16_192_64_0p5_0p02_0037_0002" 5116
"/Engine/EngineMaterials/Substrate/GLints/dict_16_192_64_0p5_0p02_0036_0011" 5117
"../../../Engine/Content/EngineMaterials/Substrate/GLints/dict_16_192_64_0p5_0p02_0037_0003.uasset" 5118
"../../../Engine/Content/EngineMaterials/Substrate/GLints/dict_16_192_64_0p5_0p02_0037_0006.uasset" 5119
"../../../Engine/Content/EngineMaterials/Substrate/GLints/dict_16_192_64_0p5_0p02_0037_0009.uasset" 5120
"../../../Engine/Content/EngineMaterials/Substrate/GLints/dict_16_192_64_0p5_0p02_0037_0007.uasset" 5121
"../../../Engine/Content/EngineMaterials/Substrate/GLints/dict_16_192_64_0p5_0p02_0037_0008.uasset" 5122
"../../../Engine/Content/EngineMaterials/Substrate/GLints/dict_16_192_64_0p5_0p02_0037_0005.uasset" 5123
"../../../Engine/Content/EngineMaterials/Substrate/GLints/dict_16_192_64_0p5_0p02_0037_0010.uasset" 5124
"../../../Engine/Content/EngineMaterials/Substrate/GLints/dict_16_192_64_0p5_0p02_0037_0012.uasset" 5125
"../../../Engine/Content/EngineMaterials/Substrate/GLints/dict_16_192_64_0p5_0p02_0037_0013.uasset" 5126
"/Engine/EngineMaterials/Substrate/GLints/dict_16_192_64_0p5_0p02_0037_0009" 5127
"../../../Engine/Content/EngineMaterials/Substrate/GLints/dict_16_192_64_0p5_0p02_0038_0000.uasset" 5128
"../../../Engine/Content/EngineMaterials/Substrate/GLints/dict_16_192_64_0p5_0p02_0037_0015.uasset" 5129
"/Engine/EngineMaterials/Substrate/GLints/dict_16_192_64_0p5_0p02_0037_0008" 5130
"/Engine/EngineMaterials/Substrate/GLints/dict_16_192_64_0p5_0p02_0037_0007" 5131
"../../../Engine/Content/EngineMaterials/Substrate/GLints/dict_16_192_64_0p5_0p02_0038_0004.uasset" 5132
"../../../Engine/Content/EngineMaterials/Substrate/GLints/dict_16_192_64_0p5_0p02_0038_0003.uasset" 5133
"/Engine/EngineMaterials/Substrate/GLints/dict_16_192_64_0p5_0p02_0037_0006" 5134
"../../../Engine/Content/EngineMaterials/Substrate/GLints/dict_16_192_64_0p5_0p02_0038_0002.uasset" 5135
"/Engine/EngineMaterials/Substrate/GLints/dict_16_192_64_0p5_0p02_0037_0005" 5136
"../../../Engine/Content/EngineMaterials/Substrate/GLints/dict_16_192_64_0p5_0p02_0038_0001.uasset" 5137
"../../../Engine/Content/EngineMaterials/Substrate/GLints/dict_16_192_64_0p5_0p02_0037_0011.uasset" 5138
"/Engine/EngineMaterials/Substrate/GLints/dict_16_192_64_0p5_0p02_0037_0013" 5139
"/Engine/EngineMaterials/Substrate/GLints/dict_16_192_64_0p5_0p02_0037_0012" 5140
"../../../Engine/Content/EngineMaterials/Substrate/GLints/dict_16_192_64_0p5_0p02_0037_0014.uasset" 5141
"/Engine/EngineMaterials/Substrate/GLints/dict_16_192_64_0p5_0p02_0037_0010" 5142
"../../../Engine/Content/EngineMaterials/Substrate/GLints/dict_16_192_64_0p5_0p02_0038_0006.uasset" 5143
"/Engine/EngineMaterials/Substrate/GLints/dict_16_192_64_0p5_0p02_0037_0003" 5144
"../../../Engine/Content/EngineMaterials/Substrate/GLints/dict_16_192_64_0p5_0p02_0038_0007.uasset" 5145
"/Engine/EngineMaterials/Substrate/GLints/dict_16_192_64_0p5_0p02_0038_0006" 5146
"/Engine/EngineMaterials/Substrate/GLints/dict_16_192_64_0p5_0p02_0038_0003" 5147
"../../../Engine/Content/EngineMaterials/Substrate/GLints/dict_16_192_64_0p5_0p02_0038_0008.uasset" 5148
"/Engine/EngineMaterials/Substrate/GLints/dict_16_192_64_0p5_0p02_0038_0001" 5149
"/Engine/EngineMaterials/Substrate/GLints/dict_16_192_64_0p5_0p02_0038_0000" 5150
"/Engine/EngineMaterials/Substrate/GLints/dict_16_192_64_0p5_0p02_0038_0002" 5151
"/Engine/EngineMaterials/Substrate/GLints/dict_16_192_64_0p5_0p02_0037_0015" 5152
"/Engine/EngineMaterials/Substrate/GLints/dict_16_192_64_0p5_0p02_0037_0014" 5153
"/Engine/EngineMaterials/Substrate/GLints/dict_16_192_64_0p5_0p02_0037_0011" 5154
"../../../Engine/Content/EngineMaterials/Substrate/GLints/dict_16_192_64_0p5_0p02_0038_0010.uasset" 5155
"/Engine/EngineMaterials/Substrate/GLints/dict_16_192_64_0p5_0p02_0038_0007" 5156
"/Engine/EngineMaterials/Substrate/GLints/dict_16_192_64_0p5_0p02_0038_0004" 5157
"../../../Engine/Content/EngineMaterials/Substrate/GLints/dict_16_192_64_0p5_0p02_0038_0005.uasset" 5158
"/Engine/EngineMaterials/Substrate/GLints/dict_16_192_64_0p5_0p02_0038_0010" 5159
"/Engine/EngineMaterials/Substrate/GLints/dict_16_192_64_0p5_0p02_0038_0005" 5160
"../../../Engine/Content/EngineMaterials/Substrate/GLints/dict_16_192_64_0p5_0p02_0038_0009.uasset" 5161
"/Engine/EngineMaterials/Substrate/GLints/dict_16_192_64_0p5_0p02_0038_0008" 5162
"/Engine/EngineMaterials/Substrate/GLints/dict_16_192_64_0p5_0p02_0038_0009" 5163
"../../../Engine/Content/EngineMaterials/Substrate/GLints/dict_16_192_64_0p5_0p02_0038_0012.uasset" 5164
"../../../Engine/Content/EngineMaterials/Substrate/GLints/dict_16_192_64_0p5_0p02_0038_0011.uasset" 5165
"../../../Engine/Content/EngineMaterials/Substrate/GLints/dict_16_192_64_0p5_0p02_0038_0015.uasset" 5166
"/Engine/EngineMaterials/Substrate/GLints/dict_16_192_64_0p5_0p02_0038_0015" 5167
"/Engine/EngineMaterials/Substrate/GLints/dict_16_192_64_0p5_0p02_0038_0012" 5168
"/Engine/EngineMaterials/Substrate/GLints/dict_16_192_64_0p5_0p02_0038_0011" 5169
"../../../Engine/Content/EngineMaterials/Substrate/GLints/dict_16_192_64_0p5_0p02_0039_0004.uasset" 5170
"../../../Engine/Content/EngineMaterials/Substrate/GLints/dict_16_192_64_0p5_0p02_0038_0013.uasset" 5171
"../../../Engine/Content/EngineMaterials/Substrate/GLints/dict_16_192_64_0p5_0p02_0039_0000.uasset" 5172
"../../../Engine/Content/EngineMaterials/Substrate/GLints/dict_16_192_64_0p5_0p02_0039_0005.uasset" 5173
"../../../Engine/Content/EngineMaterials/Substrate/GLints/dict_16_192_64_0p5_0p02_0039_0002.uasset" 5174
"../../../Engine/Content/EngineMaterials/Substrate/GLints/dict_16_192_64_0p5_0p02_0038_0014.uasset" 5175
"../../../Engine/Content/EngineMaterials/Substrate/GLints/dict_16_192_64_0p5_0p02_0039_0006.uasset" 5176
"../../../Engine/Content/EngineMaterials/Substrate/GLints/dict_16_192_64_0p5_0p02_0039_0003.uasset" 5177
"../../../Engine/Content/EngineMaterials/Substrate/GLints/dict_16_192_64_0p5_0p02_0039_0007.uasset" 5178
"../../../Engine/Content/EngineMaterials/Substrate/GLints/dict_16_192_64_0p5_0p02_0039_0001.uasset" 5179
"/Engine/EngineMaterials/Substrate/GLints/dict_16_192_64_0p5_0p02_0039_0000" 5180
"../../../Engine/Content/EngineMaterials/Substrate/GLints/dict_16_192_64_0p5_0p02_0039_0008.uasset" 5181
"../../../Engine/Content/EngineMaterials/Substrate/GLints/dict_16_192_64_0p5_0p02_0039_0012.uasset" 5182
"../../../Engine/Content/EngineMaterials/Substrate/GLints/dict_16_192_64_0p5_0p02_0039_0011.uasset" 5183
"/Engine/EngineMaterials/Substrate/GLints/dict_16_192_64_0p5_0p02_0038_0014" 5184
"../../../Engine/Content/EngineMaterials/Substrate/GLints/dict_16_192_64_0p5_0p02_0040_0000.uasset" 5185
"../../../Engine/Content/EngineMaterials/Substrate/GLints/dict_16_192_64_0p5_0p02_0039_0009.uasset" 5186
"/Engine/EngineMaterials/Substrate/GLints/dict_16_192_64_0p5_0p02_0039_0003" 5187
"/Engine/EngineMaterials/Substrate/GLints/dict_16_192_64_0p5_0p02_0038_0013" 5188
"../../../Engine/Content/EngineMaterials/Substrate/GLints/dict_16_192_64_0p5_0p02_0039_0014.uasset" 5189
"../../../Engine/Content/EngineMaterials/Substrate/GLints/dict_16_192_64_0p5_0p02_0039_0015.uasset" 5190
"../../../Engine/Content/EngineMaterials/Substrate/GLints/dict_16_192_64_0p5_0p02_0039_0013.uasset" 5191
"/Engine/EngineMaterials/Substrate/GLints/dict_16_192_64_0p5_0p02_0039_0007" 5192
"/Engine/EngineMaterials/Substrate/GLints/dict_16_192_64_0p5_0p02_0039_0002" 5193
"../../../Engine/Content/EngineMaterials/Substrate/GLints/dict_16_192_64_0p5_0p02_0039_0010.uasset" 5194
"/Engine/EngineMaterials/Substrate/GLints/dict_16_192_64_0p5_0p02_0039_0006" 5195
"/Engine/EngineMaterials/Substrate/GLints/dict_16_192_64_0p5_0p02_0039_0005" 5196
"/Engine/EngineMaterials/Substrate/GLints/dict_16_192_64_0p5_0p02_0039_0004" 5197
"/Engine/EngineMaterials/Substrate/GLints/dict_16_192_64_0p5_0p02_0039_0001" 5198
"/Engine/EngineMaterials/Substrate/GLints/dict_16_192_64_0p5_0p02_0039_0012" 5199
"/Engine/EngineMaterials/Substrate/GLints/dict_16_192_64_0p5_0p02_0039_0011" 5200
"/Engine/EngineMaterials/Substrate/GLints/dict_16_192_64_0p5_0p02_0039_0010" 5201
"/Engine/EngineMaterials/Substrate/GLints/dict_16_192_64_0p5_0p02_0039_0009" 5202
"/Engine/EngineMaterials/Substrate/GLints/dict_16_192_64_0p5_0p02_0040_0000" 5203
"/Engine/EngineMaterials/Substrate/GLints/dict_16_192_64_0p5_0p02_0039_0008" 5204
"/Engine/EngineMaterials/Substrate/GLints/dict_16_192_64_0p5_0p02_0039_0015" 5205
"/Engine/EngineMaterials/Substrate/GLints/dict_16_192_64_0p5_0p02_0039_0014" 5206
"/Engine/EngineMaterials/Substrate/GLints/dict_16_192_64_0p5_0p02_0039_0013" 5207
"../../../Engine/Content/EngineMaterials/Substrate/GLints/dict_16_192_64_0p5_0p02_0040_0001.uasset" 5208
"../../../Engine/Content/EngineMaterials/Substrate/GLints/dict_16_192_64_0p5_0p02_0040_0002.uasset" 5209
"../../../Engine/Content/EngineMaterials/Substrate/GLints/dict_16_192_64_0p5_0p02_0040_0005.uasset" 5210
"../../../Engine/Content/EngineMaterials/Substrate/GLints/dict_16_192_64_0p5_0p02_0040_0003.uasset" 5211
"../../../Engine/Content/EngineMaterials/Substrate/GLints/dict_16_192_64_0p5_0p02_0040_0010.uasset" 5212
"../../../Engine/Content/EngineMaterials/Substrate/GLints/dict_16_192_64_0p5_0p02_0040_0009.uasset" 5213
"../../../Engine/Content/EngineMaterials/Substrate/GLints/dict_16_192_64_0p5_0p02_0040_0007.uasset" 5214
"../../../Engine/Content/EngineMaterials/Substrate/GLints/dict_16_192_64_0p5_0p02_0040_0004.uasset" 5215
"../../../Engine/Content/EngineMaterials/Substrate/GLints/dict_16_192_64_0p5_0p02_0040_0006.uasset" 5216
"/Engine/EngineMaterials/Substrate/GLints/dict_16_192_64_0p5_0p02_0040_0006" 5217
"../../../Engine/Content/EngineMaterials/Substrate/GLints/dict_16_192_64_0p5_0p02_0040_0008.uasset" 5218
"../../../Engine/Content/EngineMaterials/Substrate/GLints/dict_16_192_64_0p5_0p02_0040_0013.uasset" 5219
"../../../Engine/Content/EngineMaterials/Substrate/GLints/dict_16_192_64_0p5_0p02_0040_0011.uasset" 5220
"../../../Engine/Content/EngineMaterials/Substrate/GLints/dict_16_192_64_0p5_0p02_0040_0012.uasset" 5221
"../../../Engine/Content/EngineMaterials/Substrate/GLints/dict_16_192_64_0p5_0p02_0040_0014.uasset" 5222
"../../../Engine/Content/EngineMaterials/Substrate/GLints/dict_16_192_64_0p5_0p02_0041_0002.uasset" 5223
"/Engine/EngineMaterials/Substrate/GLints/dict_16_192_64_0p5_0p02_0040_0005" 5224
"../../../Engine/Content/EngineMaterials/Substrate/GLints/dict_16_192_64_0p5_0p02_0041_0000.uasset" 5225
"../../../Engine/Content/EngineMaterials/Substrate/GLints/dict_16_192_64_0p5_0p02_0040_0015.uasset" 5226
"../../../Engine/Content/EngineMaterials/Substrate/GLints/dict_16_192_64_0p5_0p02_0041_0003.uasset" 5227
"../../../Engine/Content/EngineMaterials/Substrate/GLints/dict_16_192_64_0p5_0p02_0041_0001.uasset" 5228
"/Engine/EngineMaterials/Substrate/GLints/dict_16_192_64_0p5_0p02_0040_0004" 5229
"/Engine/EngineMaterials/Substrate/GLints/dict_16_192_64_0p5_0p02_0040_0003" 5230
"/Engine/EngineMaterials/Substrate/GLints/dict_16_192_64_0p5_0p02_0040_0009" 5231
"/Engine/EngineMaterials/Substrate/GLints/dict_16_192_64_0p5_0p02_0040_0010" 5232
"/Engine/EngineMaterials/Substrate/GLints/dict_16_192_64_0p5_0p02_0040_0007" 5233
"/Engine/EngineMaterials/Substrate/GLints/dict_16_192_64_0p5_0p02_0040_0002" 5234
"/Engine/EngineMaterials/Substrate/GLints/dict_16_192_64_0p5_0p02_0040_0001" 5235
"/Engine/EngineMaterials/Substrate/GLints/dict_16_192_64_0p5_0p02_0040_0013" 5236
"/Engine/EngineMaterials/Substrate/GLints/dict_16_192_64_0p5_0p02_0040_0008" 5237
"/Engine/EngineMaterials/Substrate/GLints/dict_16_192_64_0p5_0p02_0041_0003" 5238
"/Engine/EngineMaterials/Substrate/GLints/dict_16_192_64_0p5_0p02_0041_0002" 5239
"/Engine/EngineMaterials/Substrate/GLints/dict_16_192_64_0p5_0p02_0041_0001" 5240
"/Engine/EngineMaterials/Substrate/GLints/dict_16_192_64_0p5_0p02_0041_0000" 5241
"/Engine/EngineMaterials/Substrate/GLints/dict_16_192_64_0p5_0p02_0040_0015" 5242
"../../../Engine/Content/EngineMaterials/Substrate/GLints/dict_16_192_64_0p5_0p02_0041_0004.uasset" 5243
"/Engine/EngineMaterials/Substrate/GLints/dict_16_192_64_0p5_0p02_0040_0014" 5244
"/Engine/EngineMaterials/Substrate/GLints/dict_16_192_64_0p5_0p02_0040_0012" 5245
"/Engine/EngineMaterials/Substrate/GLints/dict_16_192_64_0p5_0p02_0040_0011" 5246
"/Engine/EngineMaterials/Substrate/GLints/dict_16_192_64_0p5_0p02_0041_0004" 5247
"../../../Engine/Content/EngineMaterials/Substrate/GLints/dict_16_192_64_0p5_0p02_0041_0005.uasset" 5248
"../../../Engine/Content/EngineMaterials/Substrate/GLints/dict_16_192_64_0p5_0p02_0041_0007.uasset" 5249
"/Engine/EngineMaterials/Substrate/GLints/dict_16_192_64_0p5_0p02_0041_0005" 5250
"../../../Engine/Content/EngineMaterials/Substrate/GLints/dict_16_192_64_0p5_0p02_0041_0008.uasset" 5251
"/Engine/EngineMaterials/Substrate/GLints/dict_16_192_64_0p5_0p02_0041_0007" 5252
"../../../Engine/Content/EngineMaterials/Substrate/GLints/dict_16_192_64_0p5_0p02_0041_0009.uasset" 5253
"/Engine/EngineMaterials/Substrate/GLints/dict_16_192_64_0p5_0p02_0041_0008" 5254
"../../../Engine/Content/EngineMaterials/Substrate/GLints/dict_16_192_64_0p5_0p02_0041_0010.uasset" 5255
"../../../Engine/Content/EngineMaterials/Substrate/GLints/dict_16_192_64_0p5_0p02_0041_0006.uasset" 5256
"../../../Engine/Content/EngineMaterials/Substrate/GLints/dict_16_192_64_0p5_0p02_0041_0012.uasset" 5257
"/Engine/EngineMaterials/Substrate/GLints/dict_16_192_64_0p5_0p02_0041_0010" 5258
"../../../Engine/Content/EngineMaterials/Substrate/GLints/dict_16_192_64_0p5_0p02_0041_0011.uasset" 5259
"/Engine/EngineMaterials/Substrate/GLints/dict_16_192_64_0p5_0p02_0041_0009" 5260
"/Engine/EngineMaterials/Substrate/GLints/dict_16_192_64_0p5_0p02_0041_0006" 5261
"/Engine/EngineMaterials/Substrate/GLints/dict_16_192_64_0p5_0p02_0041_0012" 5262
"/Engine/EngineMaterials/Substrate/GLints/dict_16_192_64_0p5_0p02_0041_0011" 5263
"../../../Engine/Content/EngineMaterials/Substrate/GLints/dict_16_192_64_0p5_0p02_0041_0013.uasset" 5264
"../../../Engine/Content/EngineMaterials/Substrate/GLints/dict_16_192_64_0p5_0p02_0042_0000.uasset" 5265
"../../../Engine/Content/EngineMaterials/Substrate/GLints/dict_16_192_64_0p5_0p02_0041_0014.uasset" 5266
"../../../Engine/Content/EngineMaterials/Substrate/GLints/dict_16_192_64_0p5_0p02_0042_0003.uasset" 5267
"../../../Engine/Content/EngineMaterials/Substrate/GLints/dict_16_192_64_0p5_0p02_0041_0015.uasset" 5268
"../../../Engine/Content/EngineMaterials/Substrate/GLints/dict_16_192_64_0p5_0p02_0042_0001.uasset" 5269
"../../../Engine/Content/EngineMaterials/Substrate/GLints/dict_16_192_64_0p5_0p02_0042_0002.uasset" 5270
"../../../Engine/Content/EngineMaterials/Substrate/GLints/dict_16_192_64_0p5_0p02_0042_0004.uasset" 5271
"/Engine/EngineMaterials/Substrate/GLints/dict_16_192_64_0p5_0p02_0042_0000" 5272
"/Engine/EngineMaterials/Substrate/GLints/dict_16_192_64_0p5_0p02_0041_0015" 5273
"/Engine/EngineMaterials/Substrate/GLints/dict_16_192_64_0p5_0p02_0041_0014" 5274
"/Engine/EngineMaterials/Substrate/GLints/dict_16_192_64_0p5_0p02_0041_0013" 5275
"../../../Engine/Content/EngineMaterials/Substrate/GLints/dict_16_192_64_0p5_0p02_0042_0006.uasset" 5276
"/Engine/EngineMaterials/Substrate/GLints/dict_16_192_64_0p5_0p02_0042_0004" 5277
"../../../Engine/Content/EngineMaterials/Substrate/GLints/dict_16_192_64_0p5_0p02_0042_0005.uasset" 5278
"/Engine/EngineMaterials/Substrate/GLints/dict_16_192_64_0p5_0p02_0042_0003" 5279
"../../../Engine/Content/EngineMaterials/Substrate/GLints/dict_16_192_64_0p5_0p02_0042_0010.uasset" 5280
"../../../Engine/Content/EngineMaterials/Substrate/GLints/dict_16_192_64_0p5_0p02_0042_0012.uasset" 5281
"../../../Engine/Content/EngineMaterials/Substrate/GLints/dict_16_192_64_0p5_0p02_0042_0008.uasset" 5282
"../../../Engine/Content/EngineMaterials/Substrate/GLints/dict_16_192_64_0p5_0p02_0042_0009.uasset" 5283
"/Engine/EngineMaterials/Substrate/GLints/dict_16_192_64_0p5_0p02_0042_0002" 5284
"../../../Engine/Content/EngineMaterials/Substrate/GLints/dict_16_192_64_0p5_0p02_0042_0007.uasset" 5285
"/Engine/EngineMaterials/Substrate/GLints/dict_16_192_64_0p5_0p02_0042_0001" 5286
"../../../Engine/Content/EngineMaterials/Substrate/GLints/dict_16_192_64_0p5_0p02_0042_0013.uasset" 5287
"/Engine/EngineMaterials/Substrate/GLints/dict_16_192_64_0p5_0p02_0042_0009" 5288
"/Engine/EngineMaterials/Substrate/GLints/dict_16_192_64_0p5_0p02_0042_0008" 5289
"../../../Engine/Content/EngineMaterials/Substrate/GLints/dict_16_192_64_0p5_0p02_0042_0011.uasset" 5290
"/Engine/EngineMaterials/Substrate/GLints/dict_16_192_64_0p5_0p02_0042_0007" 5291
"/Engine/EngineMaterials/Substrate/GLints/dict_16_192_64_0p5_0p02_0042_0006" 5292
"/Engine/EngineMaterials/Substrate/GLints/dict_16_192_64_0p5_0p02_0042_0005" 5293
"/Engine/EngineMaterials/Substrate/GLints/dict_16_192_64_0p5_0p02_0042_0013" 5294
"/Engine/EngineMaterials/Substrate/GLints/dict_16_192_64_0p5_0p02_0042_0012" 5295
"/Engine/EngineMaterials/Substrate/GLints/dict_16_192_64_0p5_0p02_0042_0010" 5296
"/Engine/EngineMaterials/Substrate/GLints/dict_16_192_64_0p5_0p02_0042_0011" 5297
"../../../Engine/Content/EngineMaterials/Substrate/GLints/dict_16_192_64_0p5_0p02_0042_0014.uasset" 5298
"../../../Engine/Content/EngineMaterials/Substrate/GLints/dict_16_192_64_0p5_0p02_0042_0015.uasset" 5299
"../../../Engine/Content/EngineMaterials/Substrate/GLints/dict_16_192_64_0p5_0p02_0043_0001.uasset" 5300
"../../../Engine/Content/EngineMaterials/Substrate/GLints/dict_16_192_64_0p5_0p02_0043_0003.uasset" 5301
"../../../Engine/Content/EngineMaterials/Substrate/GLints/dict_16_192_64_0p5_0p02_0043_0002.uasset" 5302
"../../../Engine/Content/EngineMaterials/Substrate/GLints/dict_16_192_64_0p5_0p02_0043_0006.uasset" 5303
"../../../Engine/Content/EngineMaterials/Substrate/GLints/dict_16_192_64_0p5_0p02_0043_0004.uasset" 5304
"../../../Engine/Content/EngineMaterials/Substrate/GLints/dict_16_192_64_0p5_0p02_0043_0000.uasset" 5305
"../../../Engine/Content/EngineMaterials/Substrate/GLints/dict_16_192_64_0p5_0p02_0043_0005.uasset" 5306
"/Engine/EngineMaterials/Substrate/GLints/dict_16_192_64_0p5_0p02_0043_0003" 5307
"../../../Engine/Content/EngineMaterials/Substrate/GLints/dict_16_192_64_0p5_0p02_0043_0007.uasset" 5308
"/Engine/EngineMaterials/Substrate/GLints/dict_16_192_64_0p5_0p02_0043_0005" 5309
"/Engine/EngineMaterials/Substrate/GLints/dict_16_192_64_0p5_0p02_0043_0004" 5310
"/Engine/EngineMaterials/Substrate/GLints/dict_16_192_64_0p5_0p02_0043_0002" 5311
"/Engine/EngineMaterials/Substrate/GLints/dict_16_192_64_0p5_0p02_0043_0001" 5312
"../../../Engine/Content/EngineMaterials/Substrate/GLints/dict_16_192_64_0p5_0p02_0043_0009.uasset" 5313
"/Engine/EngineMaterials/Substrate/GLints/dict_16_192_64_0p5_0p02_0043_0000" 5314
"../../../Engine/Content/EngineMaterials/Substrate/GLints/dict_16_192_64_0p5_0p02_0043_0008.uasset" 5315
"../../../Engine/Content/EngineMaterials/Substrate/GLints/dict_16_192_64_0p5_0p02_0043_0010.uasset" 5316
"/Engine/EngineMaterials/Substrate/GLints/dict_16_192_64_0p5_0p02_0042_0015" 5317
"/Engine/EngineMaterials/Substrate/GLints/dict_16_192_64_0p5_0p02_0042_0014" 5318
"/Engine/EngineMaterials/Substrate/GLints/dict_16_192_64_0p5_0p02_0043_0006" 5319
"../../../Engine/Content/EngineMaterials/Substrate/GLints/dict_16_192_64_0p5_0p02_0043_0013.uasset" 5320
"../../../Engine/Content/EngineMaterials/Substrate/GLints/dict_16_192_64_0p5_0p02_0043_0011.uasset" 5321
"/Engine/EngineMaterials/Substrate/GLints/dict_16_192_64_0p5_0p02_0043_0007" 5322
"../../../Engine/Content/EngineMaterials/Substrate/GLints/dict_16_192_64_0p5_0p02_0043_0015.uasset" 5323
"../../../Engine/Content/EngineMaterials/Substrate/GLints/dict_16_192_64_0p5_0p02_0043_0014.uasset" 5324
"../../../Engine/Content/EngineMaterials/Substrate/GLints/dict_16_192_64_0p5_0p02_0043_0012.uasset" 5325
"/Engine/EngineMaterials/Substrate/GLints/dict_16_192_64_0p5_0p02_0043_0011" 5326
"../../../Engine/Content/EngineMaterials/Substrate/GLints/dict_16_192_64_0p5_0p02_0044_0001.uasset" 5327
"../../../Engine/Content/EngineMaterials/Substrate/GLints/dict_16_192_64_0p5_0p02_0044_0000.uasset" 5328
"/Engine/EngineMaterials/Substrate/GLints/dict_16_192_64_0p5_0p02_0043_0010" 5329
"/Engine/EngineMaterials/Substrate/GLints/dict_16_192_64_0p5_0p02_0043_0009" 5330
"/Engine/EngineMaterials/Substrate/GLints/dict_16_192_64_0p5_0p02_0043_0008" 5331
"/Engine/EngineMaterials/Substrate/GLints/dict_16_192_64_0p5_0p02_0043_0012" 5332
"/Engine/EngineMaterials/Substrate/GLints/dict_16_192_64_0p5_0p02_0044_0001" 5333
"/Engine/EngineMaterials/Substrate/GLints/dict_16_192_64_0p5_0p02_0044_0000" 5334
"/Engine/EngineMaterials/Substrate/GLints/dict_16_192_64_0p5_0p02_0043_0015" 5335
"/Engine/EngineMaterials/Substrate/GLints/dict_16_192_64_0p5_0p02_0043_0014" 5336
"/Engine/EngineMaterials/Substrate/GLints/dict_16_192_64_0p5_0p02_0043_0013" 5337
"../../../Engine/Content/EngineMaterials/Substrate/GLints/dict_16_192_64_0p5_0p02_0044_0002.uasset" 5338
"../../../Engine/Content/EngineMaterials/Substrate/GLints/dict_16_192_64_0p5_0p02_0044_0004.uasset" 5339
"../../../Engine/Content/EngineMaterials/Substrate/GLints/dict_16_192_64_0p5_0p02_0044_0003.uasset" 5340
"/Engine/EngineMaterials/Substrate/GLints/dict_16_192_64_0p5_0p02_0044_0004" 5341
"/Engine/EngineMaterials/Substrate/GLints/dict_16_192_64_0p5_0p02_0044_0003" 5342
"/Engine/EngineMaterials/Substrate/GLints/dict_16_192_64_0p5_0p02_0044_0002" 5343
"../../../Engine/Content/EngineMaterials/Substrate/GLints/dict_16_192_64_0p5_0p02_0044_0012.uasset" 5344
"../../../Engine/Content/EngineMaterials/Substrate/GLints/dict_16_192_64_0p5_0p02_0044_0010.uasset" 5345
"../../../Engine/Content/EngineMaterials/Substrate/GLints/dict_16_192_64_0p5_0p02_0044_0009.uasset" 5346
"../../../Engine/Content/EngineMaterials/Substrate/GLints/dict_16_192_64_0p5_0p02_0044_0011.uasset" 5347
"../../../Engine/Content/EngineMaterials/Substrate/GLints/dict_16_192_64_0p5_0p02_0044_0007.uasset" 5348
"../../../Engine/Content/EngineMaterials/Substrate/GLints/dict_16_192_64_0p5_0p02_0044_0005.uasset" 5349
"../../../Engine/Content/EngineMaterials/Substrate/GLints/dict_16_192_64_0p5_0p02_0044_0013.uasset" 5350
"../../../Engine/Content/EngineMaterials/Substrate/GLints/dict_16_192_64_0p5_0p02_0044_0014.uasset" 5351
"../../../Engine/Content/EngineMaterials/Substrate/GLints/dict_16_192_64_0p5_0p02_0044_0006.uasset" 5352
"../../../Engine/Content/EngineMaterials/Substrate/GLints/dict_16_192_64_0p5_0p02_0044_0008.uasset" 5353
"/Engine/EngineMaterials/Substrate/GLints/dict_16_192_64_0p5_0p02_0044_0012" 5354
"/Engine/EngineMaterials/Substrate/GLints/dict_16_192_64_0p5_0p02_0044_0011" 5355
"/Engine/EngineMaterials/Substrate/GLints/dict_16_192_64_0p5_0p02_0044_0010" 5356
"/Engine/EngineMaterials/Substrate/GLints/dict_16_192_64_0p5_0p02_0044_0009" 5357
"/Engine/EngineMaterials/Substrate/GLints/dict_16_192_64_0p5_0p02_0044_0008" 5358
"/Engine/EngineMaterials/Substrate/GLints/dict_16_192_64_0p5_0p02_0044_0007" 5359
"/Engine/EngineMaterials/Substrate/GLints/dict_16_192_64_0p5_0p02_0044_0006" 5360
"../../../Engine/Content/EngineMaterials/Substrate/GLints/dict_16_192_64_0p5_0p02_0044_0015.uasset" 5361
"/Engine/EngineMaterials/Substrate/GLints/dict_16_192_64_0p5_0p02_0044_0013" 5362
"/Engine/EngineMaterials/Substrate/GLints/dict_16_192_64_0p5_0p02_0044_0014" 5363
"/Engine/EngineMaterials/Substrate/GLints/dict_16_192_64_0p5_0p02_0044_0005" 5364
"/Engine/EngineMaterials/Substrate/GLints/dict_16_192_64_0p5_0p02_0044_0015" 5365
"../../../Engine/Content/EngineMaterials/Substrate/GLints/dict_16_192_64_0p5_0p02_0045_0000.uasset" 5366
"../../../Engine/Content/EngineMaterials/Substrate/GLints/dict_16_192_64_0p5_0p02_0045_0002.uasset" 5367
"../../../Engine/Content/EngineMaterials/Substrate/GLints/dict_16_192_64_0p5_0p02_0045_0007.uasset" 5368
"../../../Engine/Content/EngineMaterials/Substrate/GLints/dict_16_192_64_0p5_0p02_0045_0004.uasset" 5369
"../../../Engine/Content/EngineMaterials/Substrate/GLints/dict_16_192_64_0p5_0p02_0045_0003.uasset" 5370
"../../../Engine/Content/EngineMaterials/Substrate/GLints/dict_16_192_64_0p5_0p02_0045_0006.uasset" 5371
"../../../Engine/Content/EngineMaterials/Substrate/GLints/dict_16_192_64_0p5_0p02_0045_0005.uasset" 5372
"/Engine/EngineMaterials/Substrate/GLints/dict_16_192_64_0p5_0p02_0045_0006" 5373
"/Engine/EngineMaterials/Substrate/GLints/dict_16_192_64_0p5_0p02_0045_0004" 5374
"/Engine/EngineMaterials/Substrate/GLints/dict_16_192_64_0p5_0p02_0045_0003" 5375
"/Engine/EngineMaterials/Substrate/GLints/dict_16_192_64_0p5_0p02_0045_0002" 5376
"/Engine/EngineMaterials/Substrate/GLints/dict_16_192_64_0p5_0p02_0045_0000" 5377
"../../../Engine/Content/EngineMaterials/Substrate/GLints/dict_16_192_64_0p5_0p02_0045_0001.uasset" 5378
"/Engine/EngineMaterials/Substrate/GLints/dict_16_192_64_0p5_0p02_0045_0007" 5379
"../../../Engine/Content/EngineMaterials/Substrate/GLints/dict_16_192_64_0p5_0p02_0045_0008.uasset" 5380
"/Engine/EngineMaterials/Substrate/GLints/dict_16_192_64_0p5_0p02_0045_0005" 5381
"/Engine/EngineMaterials/Substrate/GLints/dict_16_192_64_0p5_0p02_0045_0001" 5382
"/Engine/EngineMaterials/Substrate/GLints/dict_16_192_64_0p5_0p02_0045_0008" 5383
"../../../Engine/Content/EngineMaterials/Substrate/GLints/dict_16_192_64_0p5_0p02_0045_0009.uasset" 5384
"../../../Engine/Content/EngineMaterials/Substrate/GLints/dict_16_192_64_0p5_0p02_0045_0012.uasset" 5385
"../../../Engine/Content/EngineMaterials/Substrate/GLints/dict_16_192_64_0p5_0p02_0045_0010.uasset" 5386
"../../../Engine/Content/EngineMaterials/Substrate/GLints/dict_16_192_64_0p5_0p02_0045_0011.uasset" 5387
"../../../Engine/Content/EngineMaterials/Substrate/GLints/dict_16_192_64_0p5_0p02_0045_0013.uasset" 5388
"../../../Engine/Content/EngineMaterials/Substrate/GLints/dict_16_192_64_0p5_0p02_0045_0015.uasset" 5389
"../../../Engine/Content/EngineMaterials/Substrate/GLints/dict_16_192_64_0p5_0p02_0045_0014.uasset" 5390
"../../../Engine/Content/EngineMaterials/Substrate/GLints/dict_16_192_64_0p5_0p02_0046_0001.uasset" 5391
"../../../Engine/Content/EngineMaterials/Substrate/GLints/dict_16_192_64_0p5_0p02_0046_0000.uasset" 5392
"../../../Engine/Content/EngineMaterials/Substrate/GLints/dict_16_192_64_0p5_0p02_0046_0002.uasset" 5393
"/Engine/EngineMaterials/Substrate/GLints/dict_16_192_64_0p5_0p02_0045_0011" 5394
"../../../Engine/Content/EngineMaterials/Substrate/GLints/dict_16_192_64_0p5_0p02_0046_0003.uasset" 5395
"/Engine/EngineMaterials/Substrate/GLints/dict_16_192_64_0p5_0p02_0046_0001" 5396
"../../../Engine/Content/EngineMaterials/Substrate/GLints/dict_16_192_64_0p5_0p02_0046_0006.uasset" 5397
"/Engine/EngineMaterials/Substrate/GLints/dict_16_192_64_0p5_0p02_0046_0002" 5398
"../../../Engine/Content/EngineMaterials/Substrate/GLints/dict_16_192_64_0p5_0p02_0046_0004.uasset" 5399
"../../../Engine/Content/EngineMaterials/Substrate/GLints/dict_16_192_64_0p5_0p02_0046_0008.uasset" 5400
"/Engine/EngineMaterials/Substrate/GLints/dict_16_192_64_0p5_0p02_0046_0000" 5401
"/Engine/EngineMaterials/Substrate/GLints/dict_16_192_64_0p5_0p02_0045_0015" 5402
"/Engine/EngineMaterials/Substrate/GLints/dict_16_192_64_0p5_0p02_0045_0014" 5403
"/Engine/EngineMaterials/Substrate/GLints/dict_16_192_64_0p5_0p02_0045_0013" 5404
"/Engine/EngineMaterials/Substrate/GLints/dict_16_192_64_0p5_0p02_0045_0012" 5405
"../../../Engine/Content/EngineMaterials/Substrate/GLints/dict_16_192_64_0p5_0p02_0046_0007.uasset" 5406
"/Engine/EngineMaterials/Substrate/GLints/dict_16_192_64_0p5_0p02_0045_0010" 5407
"../../../Engine/Content/EngineMaterials/Substrate/GLints/dict_16_192_64_0p5_0p02_0046_0005.uasset" 5408
"../../../Engine/Content/EngineMaterials/Substrate/GLints/dict_16_192_64_0p5_0p02_0046_0011.uasset" 5409
"/Engine/EngineMaterials/Substrate/GLints/dict_16_192_64_0p5_0p02_0045_0009" 5410
"../../../Engine/Content/EngineMaterials/Substrate/GLints/dict_16_192_64_0p5_0p02_0046_0010.uasset" 5411
"../../../Engine/Content/EngineMaterials/Substrate/GLints/dict_16_192_64_0p5_0p02_0046_0009.uasset" 5412
"/Engine/EngineMaterials/Substrate/GLints/dict_16_192_64_0p5_0p02_0046_0011" 5413
"../../../Engine/Content/EngineMaterials/Substrate/GLints/dict_16_192_64_0p5_0p02_0046_0012.uasset" 5414
"/Engine/EngineMaterials/Substrate/GLints/dict_16_192_64_0p5_0p02_0046_0004" 5415
"/Engine/EngineMaterials/Substrate/GLints/dict_16_192_64_0p5_0p02_0046_0003" 5416
"/Engine/EngineMaterials/Substrate/GLints/dict_16_192_64_0p5_0p02_0046_0010" 5417
"/Engine/EngineMaterials/Substrate/GLints/dict_16_192_64_0p5_0p02_0046_0008" 5418
"/Engine/EngineMaterials/Substrate/GLints/dict_16_192_64_0p5_0p02_0046_0007" 5419
"/Engine/EngineMaterials/Substrate/GLints/dict_16_192_64_0p5_0p02_0046_0006" 5420
"/Engine/EngineMaterials/Substrate/GLints/dict_16_192_64_0p5_0p02_0046_0005" 5421
"/Engine/EngineMaterials/Substrate/GLints/dict_16_192_64_0p5_0p02_0046_0012" 5422
"/Engine/EngineMaterials/Substrate/GLints/dict_16_192_64_0p5_0p02_0046_0009" 5423
"../../../Engine/Content/EngineMaterials/Substrate/GLints/dict_16_192_64_0p5_0p02_0046_0013.uasset" 5424
"../../../Engine/Content/EngineMaterials/Substrate/GLints/dict_16_192_64_0p5_0p02_0046_0014.uasset" 5425
"../../../Engine/Content/EngineMaterials/Substrate/GLints/dict_16_192_64_0p5_0p02_0047_0000.uasset" 5426
"../../../Engine/Content/EngineMaterials/Substrate/GLints/dict_16_192_64_0p5_0p02_0046_0015.uasset" 5427
"../../../Engine/Content/EngineMaterials/Substrate/GLints/dict_16_192_64_0p5_0p02_0047_0001.uasset" 5428
"/Engine/EngineMaterials/Substrate/GLints/dict_16_192_64_0p5_0p02_0046_0014" 5429
"/Engine/EngineMaterials/Substrate/GLints/dict_16_192_64_0p5_0p02_0046_0013" 5430
"/Engine/EngineMaterials/Substrate/GLints/dict_16_192_64_0p5_0p02_0047_0001" 5431
"/Engine/EngineMaterials/Substrate/GLints/dict_16_192_64_0p5_0p02_0046_0015" 5432
"/Engine/EngineMaterials/Substrate/GLints/dict_16_192_64_0p5_0p02_0047_0000" 5433
"../../../Engine/Content/EngineMaterials/Substrate/GLints/dict_16_192_64_0p5_0p02_0047_0003.uasset" 5434
"../../../Engine/Content/EngineMaterials/Substrate/GLints/dict_16_192_64_0p5_0p02_0047_0004.uasset" 5435
"../../../Engine/Content/EngineMaterials/Substrate/GLints/dict_16_192_64_0p5_0p02_0047_0005.uasset" 5436
"../../../Engine/Content/EngineMaterials/Substrate/GLints/dict_16_192_64_0p5_0p02_0047_0008.uasset" 5437
"../../../Engine/Content/EngineMaterials/Substrate/GLints/dict_16_192_64_0p5_0p02_0047_0006.uasset" 5438
"../../../Engine/Content/EngineMaterials/Substrate/GLints/dict_16_192_64_0p5_0p02_0047_0007.uasset" 5439
"../../../Engine/Content/EngineMaterials/Substrate/GLints/dict_16_192_64_0p5_0p02_0047_0010.uasset" 5440
"../../../Engine/Content/EngineMaterials/Substrate/GLints/dict_16_192_64_0p5_0p02_0047_0009.uasset" 5441
"/Engine/EngineMaterials/Substrate/GLints/dict_16_192_64_0p5_0p02_0047_0005" 5442
"/Engine/EngineMaterials/Substrate/GLints/dict_16_192_64_0p5_0p02_0047_0008" 5443
"/Engine/EngineMaterials/Substrate/GLints/dict_16_192_64_0p5_0p02_0047_0004" 5444
"/Engine/EngineMaterials/Substrate/GLints/dict_16_192_64_0p5_0p02_0047_0003" 5445
"/Engine/EngineMaterials/Substrate/GLints/dict_16_192_64_0p5_0p02_0047_0010" 5446
"../../../Engine/Content/EngineMaterials/Substrate/GLints/dict_16_192_64_0p5_0p02_0047_0013.uasset" 5447
"../../../Engine/Content/EngineMaterials/Substrate/GLints/dict_16_192_64_0p5_0p02_0047_0014.uasset" 5448
"../../../Engine/Content/EngineMaterials/Substrate/GLints/dict_16_192_64_0p5_0p02_0047_0012.uasset" 5449
"/Engine/EngineMaterials/Substrate/GLints/dict_16_192_64_0p5_0p02_0047_0009" 5450
"../../../Engine/Content/EngineMaterials/Substrate/GLints/dict_16_192_64_0p5_0p02_0047_0002.uasset" 5451
"/Engine/EngineMaterials/Substrate/GLints/dict_16_192_64_0p5_0p02_0047_0007" 5452
"../../../Engine/Content/EngineMaterials/Substrate/GLints/dict_16_192_64_0p5_0p02_0047_0015.uasset" 5453
"../../../Engine/Content/EngineMaterials/Substrate/GLints/dict_16_192_64_0p5_0p02_0047_0011.uasset" 5454
"/Engine/EngineMaterials/Substrate/GLints/dict_16_192_64_0p5_0p02_0047_0006" 5455
"/Engine/EngineMaterials/Substrate/GLints/dict_16_192_64_0p5_0p02_0047_0015" 5456
"/Engine/EngineMaterials/Substrate/GLints/dict_16_192_64_0p5_0p02_0047_0014" 5457
"../../../Engine/Content/EngineMaterials/Substrate/GLints/dict_16_192_64_0p5_0p02_0048_0003.uasset" 5458
"/Engine/EngineMaterials/Substrate/GLints/dict_16_192_64_0p5_0p02_0047_0013" 5459
"../../../Engine/Content/EngineMaterials/Substrate/GLints/dict_16_192_64_0p5_0p02_0048_0000.uasset" 5460
"/Engine/EngineMaterials/Substrate/GLints/dict_16_192_64_0p5_0p02_0047_0012" 5461
"/Engine/EngineMaterials/Substrate/GLints/dict_16_192_64_0p5_0p02_0047_0002" 5462
"/Engine/EngineMaterials/Substrate/GLints/dict_16_192_64_0p5_0p02_0048_0000" 5463
"/Engine/EngineMaterials/Substrate/GLints/dict_16_192_64_0p5_0p02_0047_0011" 5464
"/Engine/EngineMaterials/Substrate/GLints/dict_16_192_64_0p5_0p02_0048_0003" 5465
"../../../Engine/Content/EngineMaterials/Substrate/GLints/dict_16_192_64_0p5_0p02_0048_0005.uasset" 5466
"../../../Engine/Content/EngineMaterials/Substrate/GLints/dict_16_192_64_0p5_0p02_0048_0007.uasset" 5467
"../../../Engine/Content/EngineMaterials/Substrate/GLints/dict_16_192_64_0p5_0p02_0048_0006.uasset" 5468
"../../../Engine/Content/EngineMaterials/Substrate/GLints/dict_16_192_64_0p5_0p02_0048_0009.uasset" 5469
"../../../Engine/Content/EngineMaterials/Substrate/GLints/dict_16_192_64_0p5_0p02_0048_0011.uasset" 5470
"../../../Engine/Content/EngineMaterials/Substrate/GLints/dict_16_192_64_0p5_0p02_0048_0010.uasset" 5471
"../../../Engine/Content/EngineMaterials/Substrate/GLints/dict_16_192_64_0p5_0p02_0048_0002.uasset" 5472
"../../../Engine/Content/EngineMaterials/Substrate/GLints/dict_16_192_64_0p5_0p02_0048_0001.uasset" 5473
"../../../Engine/Content/EngineMaterials/Substrate/GLints/dict_16_192_64_0p5_0p02_0048_0012.uasset" 5474
"../../../Engine/Content/EngineMaterials/Substrate/GLints/dict_16_192_64_0p5_0p02_0048_0013.uasset" 5475
"../../../Engine/Content/EngineMaterials/Substrate/GLints/dict_16_192_64_0p5_0p02_0048_0014.uasset" 5476
"../../../Engine/Content/EngineMaterials/Substrate/GLints/dict_16_192_64_0p5_0p02_0049_0000.uasset" 5477
"../../../Engine/Content/EngineMaterials/Substrate/GLints/dict_16_192_64_0p5_0p02_0048_0015.uasset" 5478
"../../../Engine/Content/EngineMaterials/Substrate/GLints/dict_16_192_64_0p5_0p02_0048_0004.uasset" 5479
"../../../Engine/Content/EngineMaterials/Substrate/GLints/dict_16_192_64_0p5_0p02_0049_0001.uasset" 5480
"/Engine/EngineMaterials/Substrate/GLints/dict_16_192_64_0p5_0p02_0048_0002" 5481
"../../../Engine/Content/EngineMaterials/Substrate/GLints/dict_16_192_64_0p5_0p02_0049_0004.uasset" 5482
"../../../Engine/Content/EngineMaterials/Substrate/GLints/dict_16_192_64_0p5_0p02_0049_0005.uasset" 5483
"/Engine/EngineMaterials/Substrate/GLints/dict_16_192_64_0p5_0p02_0049_0001" 5484
"/Engine/EngineMaterials/Substrate/GLints/dict_16_192_64_0p5_0p02_0049_0000" 5485
"/Engine/EngineMaterials/Substrate/GLints/dict_16_192_64_0p5_0p02_0048_0012" 5486
"/Engine/EngineMaterials/Substrate/GLints/dict_16_192_64_0p5_0p02_0048_0001" 5487
"/Engine/EngineMaterials/Substrate/GLints/dict_16_192_64_0p5_0p02_0048_0010" 5488
"../../../Engine/Content/EngineMaterials/Substrate/GLints/dict_16_192_64_0p5_0p02_0049_0006.uasset" 5489
"../../../Engine/Content/EngineMaterials/Substrate/GLints/dict_16_192_64_0p5_0p02_0049_0008.uasset" 5490
"../../../Engine/Content/EngineMaterials/Substrate/GLints/dict_16_192_64_0p5_0p02_0049_0009.uasset" 5491
"/Engine/EngineMaterials/Substrate/GLints/dict_16_192_64_0p5_0p02_0048_0009" 5492
"../../../Engine/Content/EngineMaterials/Substrate/GLints/dict_16_192_64_0p5_0p02_0049_0003.uasset" 5493
"../../../Engine/Content/EngineMaterials/Substrate/GLints/dict_16_192_64_0p5_0p02_0049_0002.uasset" 5494
"../../../Engine/Content/EngineMaterials/Substrate/GLints/dict_16_192_64_0p5_0p02_0048_0008.uasset" 5495
"/Engine/EngineMaterials/Substrate/GLints/dict_16_192_64_0p5_0p02_0048_0007" 5496
"../../../Engine/Content/EngineMaterials/Substrate/GLints/dict_16_192_64_0p5_0p02_0049_0010.uasset" 5497
"/Engine/EngineMaterials/Substrate/GLints/dict_16_192_64_0p5_0p02_0048_0015" 5498
"/Engine/EngineMaterials/Substrate/GLints/dict_16_192_64_0p5_0p02_0048_0014" 5499
"/Engine/EngineMaterials/Substrate/GLints/dict_16_192_64_0p5_0p02_0048_0013" 5500
"/Engine/EngineMaterials/Substrate/GLints/dict_16_192_64_0p5_0p02_0048_0011" 5501
"../../../Engine/Content/EngineMaterials/Substrate/GLints/dict_16_192_64_0p5_0p02_0049_0007.uasset" 5502
"/Engine/EngineMaterials/Substrate/GLints/dict_16_192_64_0p5_0p02_0048_0006" 5503
"/Engine/EngineMaterials/Substrate/GLints/dict_16_192_64_0p5_0p02_0048_0005" 5504
"/Engine/EngineMaterials/Substrate/GLints/dict_16_192_64_0p5_0p02_0048_0004" 5505
"/Engine/EngineMaterials/Substrate/GLints/dict_16_192_64_0p5_0p02_0049_0009" 5506
"/Engine/EngineMaterials/Substrate/GLints/dict_16_192_64_0p5_0p02_0049_0008" 5507
"../../../Engine/Content/EngineMaterials/Substrate/GLints/dict_16_192_64_0p5_0p02_0049_0012.uasset" 5508
"../../../Engine/Content/EngineMaterials/Substrate/GLints/dict_16_192_64_0p5_0p02_0049_0011.uasset" 5509
"/Engine/EngineMaterials/Substrate/GLints/dict_16_192_64_0p5_0p02_0048_0008" 5510
"/Engine/EngineMaterials/Substrate/GLints/dict_16_192_64_0p5_0p02_0049_0007" 5511
"/Engine/EngineMaterials/Substrate/GLints/dict_16_192_64_0p5_0p02_0049_0006" 5512
"/Engine/EngineMaterials/Substrate/GLints/dict_16_192_64_0p5_0p02_0049_0005" 5513
"/Engine/EngineMaterials/Substrate/GLints/dict_16_192_64_0p5_0p02_0049_0004" 5514
"/Engine/EngineMaterials/Substrate/GLints/dict_16_192_64_0p5_0p02_0049_0010" 5515
"../../../Engine/Content/EngineMaterials/Substrate/GLints/dict_16_192_64_0p5_0p02_0049_0013.uasset" 5516
"/Engine/EngineMaterials/Substrate/GLints/dict_16_192_64_0p5_0p02_0049_0003" 5517
"/Engine/EngineMaterials/Substrate/GLints/dict_16_192_64_0p5_0p02_0049_0002" 5518
"/Engine/EngineMaterials/Substrate/GLints/dict_16_192_64_0p5_0p02_0049_0013" 5519
"/Engine/EngineMaterials/Substrate/GLints/dict_16_192_64_0p5_0p02_0049_0012" 5520
"../../../Engine/Content/EngineMaterials/Substrate/GLints/dict_16_192_64_0p5_0p02_0049_0014.uasset" 5521
"../../../Engine/Content/EngineMaterials/Substrate/GLints/dict_16_192_64_0p5_0p02_0050_0000.uasset" 5522
"/Engine/EngineMaterials/Substrate/GLints/dict_16_192_64_0p5_0p02_0049_0011" 5523
"../../../Engine/Content/EngineMaterials/Substrate/GLints/dict_16_192_64_0p5_0p02_0050_0001.uasset" 5524
"/Engine/EngineMaterials/Substrate/GLints/dict_16_192_64_0p5_0p02_0050_0001" 5525
"/Engine/EngineMaterials/Substrate/GLints/dict_16_192_64_0p5_0p02_0049_0014" 5526
"/Engine/EngineMaterials/Substrate/GLints/dict_16_192_64_0p5_0p02_0050_0000" 5527
"../../../Engine/Content/EngineMaterials/Substrate/GLints/dict_16_192_64_0p5_0p02_0049_0015.uasset" 5528
"../../../Engine/Content/EngineMaterials/Substrate/GLints/dict_16_192_64_0p5_0p02_0050_0003.uasset" 5529
"../../../Engine/Content/EngineMaterials/Substrate/GLints/dict_16_192_64_0p5_0p02_0050_0002.uasset" 5530
"../../../Engine/Content/EngineMaterials/Substrate/GLints/dict_16_192_64_0p5_0p02_0050_0004.uasset" 5531
"/Engine/EngineMaterials/Substrate/GLints/dict_16_192_64_0p5_0p02_0050_0004" 5532
"/Engine/EngineMaterials/Substrate/GLints/dict_16_192_64_0p5_0p02_0050_0003" 5533
"../../../Engine/Content/EngineMaterials/Substrate/GLints/dict_16_192_64_0p5_0p02_0050_0007.uasset" 5534
"../../../Engine/Content/EngineMaterials/Substrate/GLints/dict_16_192_64_0p5_0p02_0050_0005.uasset" 5535
"/Engine/EngineMaterials/Substrate/GLints/dict_16_192_64_0p5_0p02_0050_0002" 5536
"../../../Engine/Content/EngineMaterials/Substrate/GLints/dict_16_192_64_0p5_0p02_0050_0011.uasset" 5537
"../../../Engine/Content/EngineMaterials/Substrate/GLints/dict_16_192_64_0p5_0p02_0050_0006.uasset" 5538
"../../../Engine/Content/EngineMaterials/Substrate/GLints/dict_16_192_64_0p5_0p02_0050_0010.uasset" 5539
"../../../Engine/Content/EngineMaterials/Substrate/GLints/dict_16_192_64_0p5_0p02_0050_0008.uasset" 5540
"/Engine/EngineMaterials/Substrate/GLints/dict_16_192_64_0p5_0p02_0049_0015" 5541
"../../../Engine/Content/EngineMaterials/Substrate/GLints/dict_16_192_64_0p5_0p02_0050_0012.uasset" 5542
"/Engine/EngineMaterials/Substrate/GLints/dict_16_192_64_0p5_0p02_0050_0012" 5543
"/Engine/EngineMaterials/Substrate/GLints/dict_16_192_64_0p5_0p02_0050_0011" 5544
"../../../Engine/Content/EngineMaterials/Substrate/GLints/dict_16_192_64_0p5_0p02_0050_0009.uasset" 5545
"/Engine/EngineMaterials/Substrate/GLints/dict_16_192_64_0p5_0p02_0050_0010" 5546
"../../../Engine/Content/EngineMaterials/Substrate/GLints/dict_16_192_64_0p5_0p02_0050_0013.uasset" 5547
"/Engine/EngineMaterials/Substrate/GLints/dict_16_192_64_0p5_0p02_0050_0008" 5548
"/Engine/EngineMaterials/Substrate/GLints/dict_16_192_64_0p5_0p02_0050_0007" 5549
"/Engine/EngineMaterials/Substrate/GLints/dict_16_192_64_0p5_0p02_0050_0006" 5550
"/Engine/EngineMaterials/Substrate/GLints/dict_16_192_64_0p5_0p02_0050_0005" 5551
"/Engine/EngineMaterials/Substrate/GLints/dict_16_192_64_0p5_0p02_0050_0013" 5552
"../../../Engine/Content/EngineMaterials/Substrate/GLints/dict_16_192_64_0p5_0p02_0050_0014.uasset" 5553
"../../../Engine/Content/EngineMaterials/Substrate/GLints/dict_16_192_64_0p5_0p02_0050_0015.uasset" 5554
"/Engine/EngineMaterials/Substrate/GLints/dict_16_192_64_0p5_0p02_0050_0009" 5555
"/Engine/EngineMaterials/Substrate/GLints/dict_16_192_64_0p5_0p02_0050_0015" 5556
"/Engine/EngineMaterials/Substrate/GLints/dict_16_192_64_0p5_0p02_0050_0014" 5557
"../../../Engine/Content/EngineMaterials/Substrate/GLints/dict_16_192_64_0p5_0p02_0051_0003.uasset" 5558
"../../../Engine/Content/EngineMaterials/Substrate/GLints/dict_16_192_64_0p5_0p02_0051_0004.uasset" 5559
"../../../Engine/Content/EngineMaterials/Substrate/GLints/dict_16_192_64_0p5_0p02_0051_0002.uasset" 5560
"../../../Engine/Content/EngineMaterials/Substrate/GLints/dict_16_192_64_0p5_0p02_0051_0001.uasset" 5561
"../../../Engine/Content/EngineMaterials/Substrate/GLints/dict_16_192_64_0p5_0p02_0051_0006.uasset" 5562
"../../../Engine/Content/EngineMaterials/Substrate/GLints/dict_16_192_64_0p5_0p02_0051_0005.uasset" 5563
"../../../Engine/Content/EngineMaterials/Substrate/GLints/dict_16_192_64_0p5_0p02_0051_0008.uasset" 5564
"../../../Engine/Content/EngineMaterials/Substrate/GLints/dict_16_192_64_0p5_0p02_0051_0007.uasset" 5565
"../../../Engine/Content/EngineMaterials/Substrate/GLints/dict_16_192_64_0p5_0p02_0051_0000.uasset" 5566
"/Engine/EngineMaterials/Substrate/GLints/dict_16_192_64_0p5_0p02_0051_0000" 5567
"../../../Engine/Content/EngineMaterials/Substrate/GLints/dict_16_192_64_0p5_0p02_0051_0009.uasset" 5568
"../../../Engine/Content/EngineMaterials/Substrate/GLints/dict_16_192_64_0p5_0p02_0051_0010.uasset" 5569
"/Engine/EngineMaterials/Substrate/GLints/dict_16_192_64_0p5_0p02_0051_0008" 5570
"/Engine/EngineMaterials/Substrate/GLints/dict_16_192_64_0p5_0p02_0051_0007" 5571
"../../../Engine/Content/EngineMaterials/Substrate/GLints/dict_16_192_64_0p5_0p02_0051_0013.uasset" 5572
"/Engine/EngineMaterials/Substrate/GLints/dict_16_192_64_0p5_0p02_0051_0006" 5573
"../../../Engine/Content/EngineMaterials/Substrate/GLints/dict_16_192_64_0p5_0p02_0051_0015.uasset" 5574
"../../../Engine/Content/EngineMaterials/Substrate/GLints/dict_16_192_64_0p5_0p02_0052_0001.uasset" 5575
"/Engine/EngineMaterials/Substrate/GLints/dict_16_192_64_0p5_0p02_0051_0005" 5576
"/Engine/EngineMaterials/Substrate/GLints/dict_16_192_64_0p5_0p02_0051_0004" 5577
"../../../Engine/Content/EngineMaterials/Substrate/GLints/dict_16_192_64_0p5_0p02_0051_0014.uasset" 5578
"../../../Engine/Content/EngineMaterials/Substrate/GLints/dict_16_192_64_0p5_0p02_0051_0011.uasset" 5579
"/Engine/EngineMaterials/Substrate/GLints/dict_16_192_64_0p5_0p02_0051_0003" 5580
"/Engine/EngineMaterials/Substrate/GLints/dict_16_192_64_0p5_0p02_0051_0002" 5581
"../../../Engine/Content/EngineMaterials/Substrate/GLints/dict_16_192_64_0p5_0p02_0052_0000.uasset" 5582
"../../../Engine/Content/EngineMaterials/Substrate/GLints/dict_16_192_64_0p5_0p02_0051_0012.uasset" 5583
"/Engine/EngineMaterials/Substrate/GLints/dict_16_192_64_0p5_0p02_0051_0001" 5584
"/Engine/EngineMaterials/Substrate/GLints/dict_16_192_64_0p5_0p02_0051_0010" 5585
"/Engine/EngineMaterials/Substrate/GLints/dict_16_192_64_0p5_0p02_0051_0009" 5586
"../../../Engine/Content/EngineMaterials/Substrate/GLints/dict_16_192_64_0p5_0p02_0052_0002.uasset" 5587
"/Engine/EngineMaterials/Substrate/GLints/dict_16_192_64_0p5_0p02_0052_0000" 5588
"/Engine/EngineMaterials/Substrate/GLints/dict_16_192_64_0p5_0p02_0051_0015" 5589
"../../../Engine/Content/EngineMaterials/Substrate/GLints/dict_16_192_64_0p5_0p02_0052_0003.uasset" 5590
"/Engine/EngineMaterials/Substrate/GLints/dict_16_192_64_0p5_0p02_0051_0013" 5591
"/Engine/EngineMaterials/Substrate/GLints/dict_16_192_64_0p5_0p02_0051_0012" 5592
"../../../Engine/Content/EngineMaterials/Substrate/GLints/dict_16_192_64_0p5_0p02_0052_0006.uasset" 5593
"../../../Engine/Content/EngineMaterials/Substrate/GLints/dict_16_192_64_0p5_0p02_0052_0004.uasset" 5594
"../../../Engine/Content/EngineMaterials/Substrate/GLints/dict_16_192_64_0p5_0p02_0052_0007.uasset" 5595
"../../../Engine/Content/EngineMaterials/Substrate/GLints/dict_16_192_64_0p5_0p02_0052_0005.uasset" 5596
"/Engine/EngineMaterials/Substrate/GLints/dict_16_192_64_0p5_0p02_0051_0011" 5597
"/Engine/EngineMaterials/Substrate/GLints/dict_16_192_64_0p5_0p02_0051_0014" 5598
"/Engine/EngineMaterials/Substrate/GLints/dict_16_192_64_0p5_0p02_0052_0001" 5599
"/Engine/EngineMaterials/Substrate/GLints/dict_16_192_64_0p5_0p02_0052_0007" 5600
"../../../Engine/Content/EngineMaterials/Substrate/GLints/dict_16_192_64_0p5_0p02_0052_0011.uasset" 5601
"../../../Engine/Content/EngineMaterials/Substrate/GLints/dict_16_192_64_0p5_0p02_0052_0012.uasset" 5602
"/Engine/EngineMaterials/Substrate/GLints/dict_16_192_64_0p5_0p02_0052_0006" 5603
"/Engine/EngineMaterials/Substrate/GLints/dict_16_192_64_0p5_0p02_0052_0005" 5604
"/Engine/EngineMaterials/Substrate/GLints/dict_16_192_64_0p5_0p02_0052_0004" 5605
"../../../Engine/Content/EngineMaterials/Substrate/GLints/dict_16_192_64_0p5_0p02_0052_0009.uasset" 5606
"/Engine/EngineMaterials/Substrate/GLints/dict_16_192_64_0p5_0p02_0052_0003" 5607
"/Engine/EngineMaterials/Substrate/GLints/dict_16_192_64_0p5_0p02_0052_0002" 5608
"../../../Engine/Content/EngineMaterials/Substrate/GLints/dict_16_192_64_0p5_0p02_0052_0013.uasset" 5609
"/Engine/EngineMaterials/Substrate/GLints/dict_16_192_64_0p5_0p02_0052_0013" 5610
"../../../Engine/Content/EngineMaterials/Substrate/GLints/dict_16_192_64_0p5_0p02_0053_0000.uasset" 5611
"../../../Engine/Content/EngineMaterials/Substrate/GLints/dict_16_192_64_0p5_0p02_0052_0008.uasset" 5612
"../../../Engine/Content/EngineMaterials/Substrate/GLints/dict_16_192_64_0p5_0p02_0052_0014.uasset" 5613
"/Engine/EngineMaterials/Substrate/GLints/dict_16_192_64_0p5_0p02_0052_0011" 5614
"/Engine/EngineMaterials/Substrate/GLints/dict_16_192_64_0p5_0p02_0052_0009" 5615
"../../../Engine/Content/EngineMaterials/Substrate/GLints/dict_16_192_64_0p5_0p02_0052_0015.uasset" 5616
"/Engine/EngineMaterials/Substrate/GLints/dict_16_192_64_0p5_0p02_0052_0012" 5617
"/Engine/EngineMaterials/Substrate/GLints/dict_16_192_64_0p5_0p02_0052_0015" 5618
"/Engine/EngineMaterials/Substrate/GLints/dict_16_192_64_0p5_0p02_0052_0014" 5619
"/Engine/EngineMaterials/Substrate/GLints/dict_16_192_64_0p5_0p02_0052_0008" 5620
"/Engine/EngineMaterials/Substrate/GLints/dict_16_192_64_0p5_0p02_0053_0000" 5621
"../../../Engine/Content/EngineMaterials/Substrate/GLints/dict_16_192_64_0p5_0p02_0053_0002.uasset" 5622
"../../../Engine/Content/EngineMaterials/Substrate/GLints/dict_16_192_64_0p5_0p02_0053_0004.uasset" 5623
"../../../Engine/Content/EngineMaterials/Substrate/GLints/dict_16_192_64_0p5_0p02_0053_0001.uasset" 5624
"../../../Engine/Content/EngineMaterials/Substrate/GLints/dict_16_192_64_0p5_0p02_0053_0005.uasset" 5625
"../../../Engine/Content/EngineMaterials/Substrate/GLints/dict_16_192_64_0p5_0p02_0052_0010.uasset" 5626
"../../../Engine/Content/EngineMaterials/Substrate/GLints/dict_16_192_64_0p5_0p02_0053_0003.uasset" 5627
"../../../Engine/Content/EngineMaterials/Substrate/GLints/dict_16_192_64_0p5_0p02_0053_0007.uasset" 5628
"../../../Engine/Content/EngineMaterials/Substrate/GLints/dict_16_192_64_0p5_0p02_0053_0009.uasset" 5629
"../../../Engine/Content/EngineMaterials/Substrate/GLints/dict_16_192_64_0p5_0p02_0053_0010.uasset" 5630
"/Engine/EngineMaterials/Substrate/GLints/dict_16_192_64_0p5_0p02_0052_0010" 5631
"../../../Engine/Content/EngineMaterials/Substrate/GLints/dict_16_192_64_0p5_0p02_0053_0011.uasset" 5632
"../../../Engine/Content/EngineMaterials/Substrate/GLints/dict_16_192_64_0p5_0p02_0053_0012.uasset" 5633
"/Engine/EngineMaterials/Substrate/GLints/dict_16_192_64_0p5_0p02_0053_0007" 5634
"/Engine/EngineMaterials/Substrate/GLints/dict_16_192_64_0p5_0p02_0053_0005" 5635
"/Engine/EngineMaterials/Substrate/GLints/dict_16_192_64_0p5_0p02_0053_0004" 5636
"/Engine/EngineMaterials/Substrate/GLints/dict_16_192_64_0p5_0p02_0053_0003" 5637
"/Engine/EngineMaterials/Substrate/GLints/dict_16_192_64_0p5_0p02_0053_0002" 5638
"../../../Engine/Content/EngineMaterials/Substrate/GLints/dict_16_192_64_0p5_0p02_0053_0013.uasset" 5639
"/Engine/EngineMaterials/Substrate/GLints/dict_16_192_64_0p5_0p02_0053_0001" 5640
"/Engine/EngineMaterials/Substrate/GLints/dict_16_192_64_0p5_0p02_0053_0009" 5641
"../../../Engine/Content/EngineMaterials/Substrate/GLints/dict_16_192_64_0p5_0p02_0053_0014.uasset" 5642
"/Engine/EngineMaterials/Substrate/GLints/dict_16_192_64_0p5_0p02_0053_0014" 5643
"/Engine/EngineMaterials/Substrate/GLints/dict_16_192_64_0p5_0p02_0053_0013" 5644
"/Engine/EngineMaterials/Substrate/GLints/dict_16_192_64_0p5_0p02_0053_0012" 5645
"/Engine/EngineMaterials/Substrate/GLints/dict_16_192_64_0p5_0p02_0053_0011" 5646
"/Engine/EngineMaterials/Substrate/GLints/dict_16_192_64_0p5_0p02_0053_0010" 5647
"../../../Engine/Content/EngineMaterials/Substrate/GLints/dict_16_192_64_0p5_0p02_0054_0003.uasset" 5648
"../../../Engine/Content/EngineMaterials/Substrate/GLints/dict_16_192_64_0p5_0p02_0054_0002.uasset" 5649
"../../../Engine/Content/EngineMaterials/Substrate/GLints/dict_16_192_64_0p5_0p02_0054_0004.uasset" 5650
"../../../Engine/Content/EngineMaterials/Substrate/GLints/dict_16_192_64_0p5_0p02_0054_0000.uasset" 5651
"/Engine/EngineMaterials/Substrate/GLints/dict_16_192_64_0p5_0p02_0054_0004" 5652
"/Engine/EngineMaterials/Substrate/GLints/dict_16_192_64_0p5_0p02_0054_0003" 5653
"/Engine/EngineMaterials/Substrate/GLints/dict_16_192_64_0p5_0p02_0054_0002" 5654
"/Engine/EngineMaterials/Substrate/GLints/dict_16_192_64_0p5_0p02_0054_0000" 5655
"../../../Engine/Content/EngineMaterials/Substrate/GLints/dict_16_192_64_0p5_0p02_0054_0005.uasset" 5656
"/Engine/EngineMaterials/Substrate/GLints/dict_16_192_64_0p5_0p02_0054_0005" 5657
"../../../Engine/Content/EngineMaterials/Substrate/GLints/dict_16_192_64_0p5_0p02_0054_0001.uasset" 5658
"../../../Engine/Content/EngineMaterials/Substrate/GLints/dict_16_192_64_0p5_0p02_0053_0006.uasset" 5659
"../../../Engine/Content/EngineMaterials/Substrate/GLints/dict_16_192_64_0p5_0p02_0054_0006.uasset" 5660
"../../../Engine/Content/EngineMaterials/Substrate/GLints/dict_16_192_64_0p5_0p02_0054_0009.uasset" 5661
"../../../Engine/Content/EngineMaterials/Substrate/GLints/dict_16_192_64_0p5_0p02_0054_0008.uasset" 5662
"../../../Engine/Content/EngineMaterials/Substrate/GLints/dict_16_192_64_0p5_0p02_0054_0007.uasset" 5663
"../../../Engine/Content/EngineMaterials/Substrate/GLints/dict_16_192_64_0p5_0p02_0054_0010.uasset" 5664
"/Engine/EngineMaterials/Substrate/GLints/dict_16_192_64_0p5_0p02_0054_0001" 5665
"/Engine/EngineMaterials/Substrate/GLints/dict_16_192_64_0p5_0p02_0054_0010" 5666
"/Engine/EngineMaterials/Substrate/GLints/dict_16_192_64_0p5_0p02_0054_0009" 5667
"/Engine/EngineMaterials/Substrate/GLints/dict_16_192_64_0p5_0p02_0053_0006" 5668
"/Engine/EngineMaterials/Substrate/GLints/dict_16_192_64_0p5_0p02_0054_0008" 5669
"/Engine/EngineMaterials/Substrate/GLints/dict_16_192_64_0p5_0p02_0054_0007" 5670
"/Engine/EngineMaterials/Substrate/GLints/dict_16_192_64_0p5_0p02_0054_0006" 5671
"../../../Engine/Content/EngineMaterials/Substrate/GLints/dict_16_192_64_0p5_0p02_0053_0008.uasset" 5672
"../../../Engine/Content/EngineMaterials/Substrate/GLints/dict_16_192_64_0p5_0p02_0054_0011.uasset" 5673
"../../../Engine/Content/EngineMaterials/Substrate/GLints/dict_16_192_64_0p5_0p02_0053_0015.uasset" 5674
"../../../Engine/Content/EngineMaterials/Substrate/GLints/dict_16_192_64_0p5_0p02_0054_0013.uasset" 5675
"../../../Engine/Content/EngineMaterials/Substrate/GLints/dict_16_192_64_0p5_0p02_0054_0014.uasset" 5676
"../../../Engine/Content/EngineMaterials/Substrate/GLints/dict_16_192_64_0p5_0p02_0054_0015.uasset" 5677
"../../../Engine/Content/EngineMaterials/Substrate/GLints/dict_16_192_64_0p5_0p02_0054_0012.uasset" 5678
"../../../Engine/Content/EngineMaterials/Substrate/GLints/dict_16_192_64_0p5_0p02_0055_0000.uasset" 5679
"../../../Engine/Content/EngineMaterials/Substrate/GLints/dict_16_192_64_0p5_0p02_0055_0002.uasset" 5680
"../../../Engine/Content/EngineMaterials/Substrate/GLints/dict_16_192_64_0p5_0p02_0055_0001.uasset" 5681
"../../../Engine/Content/EngineMaterials/Substrate/GLints/dict_16_192_64_0p5_0p02_0055_0005.uasset" 5682
"../../../Engine/Content/EngineMaterials/Substrate/GLints/dict_16_192_64_0p5_0p02_0055_0008.uasset" 5683
"../../../Engine/Content/EngineMaterials/Substrate/GLints/dict_16_192_64_0p5_0p02_0055_0011.uasset" 5684
"../../../Engine/Content/EngineMaterials/Substrate/GLints/dict_16_192_64_0p5_0p02_0055_0009.uasset" 5685
"../../../Engine/Content/EngineMaterials/Substrate/GLints/dict_16_192_64_0p5_0p02_0055_0012.uasset" 5686
"/Engine/EngineMaterials/Substrate/GLints/dict_16_192_64_0p5_0p02_0053_0008" 5687
"/Engine/EngineMaterials/Substrate/GLints/dict_16_192_64_0p5_0p02_0054_0015" 5688
"../../../Engine/Content/EngineMaterials/Substrate/GLints/dict_16_192_64_0p5_0p02_0055_0004.uasset" 5689
"/Engine/EngineMaterials/Substrate/GLints/dict_16_192_64_0p5_0p02_0054_0014" 5690
"../../../Engine/Content/EngineMaterials/Substrate/GLints/dict_16_192_64_0p5_0p02_0055_0010.uasset" 5691
"../../../Engine/Content/EngineMaterials/Substrate/GLints/dict_16_192_64_0p5_0p02_0055_0006.uasset" 5692
"/Engine/EngineMaterials/Substrate/GLints/dict_16_192_64_0p5_0p02_0054_0011" 5693
"/Engine/EngineMaterials/Substrate/GLints/dict_16_192_64_0p5_0p02_0053_0015" 5694
"../../../Engine/Content/EngineMaterials/Substrate/GLints/dict_16_192_64_0p5_0p02_0055_0007.uasset" 5695
"/Engine/EngineMaterials/Substrate/GLints/dict_16_192_64_0p5_0p02_0055_0012" 5696
"../../../Engine/Content/EngineMaterials/Substrate/GLints/dict_16_192_64_0p5_0p02_0055_0003.uasset" 5697
"/Engine/EngineMaterials/Substrate/GLints/dict_16_192_64_0p5_0p02_0055_0011" 5698
"/Engine/EngineMaterials/Substrate/GLints/dict_16_192_64_0p5_0p02_0055_0005" 5699
"/Engine/EngineMaterials/Substrate/GLints/dict_16_192_64_0p5_0p02_0055_0009" 5700
"/Engine/EngineMaterials/Substrate/GLints/dict_16_192_64_0p5_0p02_0055_0008" 5701
"/Engine/EngineMaterials/Substrate/GLints/dict_16_192_64_0p5_0p02_0055_0002" 5702
"/Engine/EngineMaterials/Substrate/GLints/dict_16_192_64_0p5_0p02_0055_0001" 5703
"/Engine/EngineMaterials/Substrate/GLints/dict_16_192_64_0p5_0p02_0054_0013" 5704
"/Engine/EngineMaterials/Substrate/GLints/dict_16_192_64_0p5_0p02_0054_0012" 5705
"/Engine/EngineMaterials/Substrate/GLints/dict_16_192_64_0p5_0p02_0055_0000" 5706
"/Engine/EngineMaterials/Substrate/GLints/dict_16_192_64_0p5_0p02_0055_0007" 5707
"/Engine/EngineMaterials/Substrate/GLints/dict_16_192_64_0p5_0p02_0055_0006" 5708
"/Engine/EngineMaterials/Substrate/GLints/dict_16_192_64_0p5_0p02_0055_0010" 5709
"/Engine/EngineMaterials/Substrate/GLints/dict_16_192_64_0p5_0p02_0055_0004" 5710
"/Engine/EngineMaterials/Substrate/GLints/dict_16_192_64_0p5_0p02_0055_0003" 5711
"../../../Engine/Content/EngineMaterials/Substrate/GLints/dict_16_192_64_0p5_0p02_0055_0013.uasset" 5712
"../../../Engine/Content/EngineMaterials/Substrate/GLints/dict_16_192_64_0p5_0p02_0056_0000.uasset" 5713
"../../../Engine/Content/EngineMaterials/Substrate/GLints/dict_16_192_64_0p5_0p02_0056_0001.uasset" 5714
"../../../Engine/Content/EngineMaterials/Substrate/GLints/dict_16_192_64_0p5_0p02_0055_0015.uasset" 5715
"../../../Engine/Content/EngineMaterials/Substrate/GLints/dict_16_192_64_0p5_0p02_0055_0014.uasset" 5716
"../../../Engine/Content/EngineMaterials/Substrate/GLints/dict_16_192_64_0p5_0p02_0056_0004.uasset" 5717
"../../../Engine/Content/EngineMaterials/Substrate/GLints/dict_16_192_64_0p5_0p02_0056_0003.uasset" 5718
"../../../Engine/Content/EngineMaterials/Substrate/GLints/dict_16_192_64_0p5_0p02_0056_0002.uasset" 5719
"/Engine/EngineMaterials/Substrate/GLints/dict_16_192_64_0p5_0p02_0056_0000" 5720
"/Engine/EngineMaterials/Substrate/GLints/dict_16_192_64_0p5_0p02_0056_0004" 5721
"/Engine/EngineMaterials/Substrate/GLints/dict_16_192_64_0p5_0p02_0056_0003" 5722
"/Engine/EngineMaterials/Substrate/GLints/dict_16_192_64_0p5_0p02_0056_0002" 5723
"/Engine/EngineMaterials/Substrate/GLints/dict_16_192_64_0p5_0p02_0056_0001" 5724
"/Engine/EngineMaterials/Substrate/GLints/dict_16_192_64_0p5_0p02_0055_0015" 5725
"/Engine/EngineMaterials/Substrate/GLints/dict_16_192_64_0p5_0p02_0055_0014" 5726
"/Engine/EngineMaterials/Substrate/GLints/dict_16_192_64_0p5_0p02_0055_0013" 5727
"../../../Engine/Content/EngineMaterials/Substrate/GLints/dict_16_192_64_0p5_0p02_0056_0005.uasset" 5728
"../../../Engine/Content/EngineMaterials/Substrate/GLints/dict_16_192_64_0p5_0p02_0056_0006.uasset" 5729
"../../../Engine/Content/EngineMaterials/Substrate/GLints/dict_16_192_64_0p5_0p02_0056_0008.uasset" 5730
"../../../Engine/Content/EngineMaterials/Substrate/GLints/dict_16_192_64_0p5_0p02_0056_0009.uasset" 5731
"../../../Engine/Content/EngineMaterials/Substrate/GLints/dict_16_192_64_0p5_0p02_0056_0007.uasset" 5732
"/Engine/EngineMaterials/Substrate/GLints/dict_16_192_64_0p5_0p02_0056_0008" 5733
"/Engine/EngineMaterials/Substrate/GLints/dict_16_192_64_0p5_0p02_0056_0007" 5734
"../../../Engine/Content/EngineMaterials/Substrate/GLints/dict_16_192_64_0p5_0p02_0056_0010.uasset" 5735
"../../../Engine/Content/EngineMaterials/Substrate/GLints/dict_16_192_64_0p5_0p02_0056_0011.uasset" 5736
"../../../Engine/Content/EngineMaterials/Substrate/GLints/dict_16_192_64_0p5_0p02_0056_0013.uasset" 5737
"../../../Engine/Content/EngineMaterials/Substrate/GLints/dict_16_192_64_0p5_0p02_0056_0014.uasset" 5738
"../../../Engine/Content/EngineMaterials/Substrate/GLints/dict_16_192_64_0p5_0p02_0056_0012.uasset" 5739
"/Engine/EngineMaterials/Substrate/GLints/dict_16_192_64_0p5_0p02_0056_0006" 5740
"/Engine/EngineMaterials/Substrate/GLints/dict_16_192_64_0p5_0p02_0056_0005" 5741
"/Engine/EngineMaterials/Substrate/GLints/dict_16_192_64_0p5_0p02_0056_0009" 5742
"/Engine/EngineMaterials/Substrate/GLints/dict_16_192_64_0p5_0p02_0056_0014" 5743
"/Engine/EngineMaterials/Substrate/GLints/dict_16_192_64_0p5_0p02_0056_0013" 5744
"/Engine/EngineMaterials/Substrate/GLints/dict_16_192_64_0p5_0p02_0056_0012" 5745
"/Engine/EngineMaterials/Substrate/GLints/dict_16_192_64_0p5_0p02_0056_0011" 5746
"/Engine/EngineMaterials/Substrate/GLints/dict_16_192_64_0p5_0p02_0056_0010" 5747
"../../../Engine/Content/EngineMaterials/Substrate/GLints/dict_16_192_64_0p5_0p02_0057_0000.uasset" 5748
"../../../Engine/Content/EngineMaterials/Substrate/GLints/dict_16_192_64_0p5_0p02_0056_0015.uasset" 5749
"/Engine/EngineMaterials/Substrate/GLints/dict_16_192_64_0p5_0p02_0057_0000" 5750
"/Engine/EngineMaterials/Substrate/GLints/dict_16_192_64_0p5_0p02_0056_0015" 5751
"../../../Engine/Content/EngineMaterials/Substrate/GLints/dict_16_192_64_0p5_0p02_0057_0004.uasset" 5752
"../../../Engine/Content/EngineMaterials/Substrate/GLints/dict_16_192_64_0p5_0p02_0057_0003.uasset" 5753
"../../../Engine/Content/EngineMaterials/Substrate/GLints/dict_16_192_64_0p5_0p02_0057_0001.uasset" 5754
"../../../Engine/Content/EngineMaterials/Substrate/GLints/dict_16_192_64_0p5_0p02_0057_0002.uasset" 5755
"../../../Engine/Content/EngineMaterials/Substrate/GLints/dict_16_192_64_0p5_0p02_0057_0008.uasset" 5756
"../../../Engine/Content/EngineMaterials/Substrate/GLints/dict_16_192_64_0p5_0p02_0057_0006.uasset" 5757
"../../../Engine/Content/EngineMaterials/Substrate/GLints/dict_16_192_64_0p5_0p02_0057_0007.uasset" 5758
"../../../Engine/Content/EngineMaterials/Substrate/GLints/dict_16_192_64_0p5_0p02_0057_0005.uasset" 5759
"/Engine/EngineMaterials/Substrate/GLints/dict_16_192_64_0p5_0p02_0057_0007" 5760
"/Engine/EngineMaterials/Substrate/GLints/dict_16_192_64_0p5_0p02_0057_0006" 5761
"/Engine/EngineMaterials/Substrate/GLints/dict_16_192_64_0p5_0p02_0057_0005" 5762
"/Engine/EngineMaterials/Substrate/GLints/dict_16_192_64_0p5_0p02_0057_0004" 5763
"/Engine/EngineMaterials/Substrate/GLints/dict_16_192_64_0p5_0p02_0057_0003" 5764
"../../../Engine/Content/EngineMaterials/Substrate/GLints/dict_16_192_64_0p5_0p02_0057_0009.uasset" 5765
"../../../Engine/Content/EngineMaterials/Substrate/GLints/dict_16_192_64_0p5_0p02_0057_0013.uasset" 5766
"/Engine/EngineMaterials/Substrate/GLints/dict_16_192_64_0p5_0p02_0057_0002" 5767
"/Engine/EngineMaterials/Substrate/GLints/dict_16_192_64_0p5_0p02_0057_0001" 5768
"/Engine/EngineMaterials/Substrate/GLints/dict_16_192_64_0p5_0p02_0057_0008" 5769
"/Engine/EngineMaterials/Substrate/GLints/dict_16_192_64_0p5_0p02_0057_0009" 5770
"/Engine/EngineMaterials/Substrate/GLints/dict_16_192_64_0p5_0p02_0057_0013" 5771
"../../../Engine/Content/EngineMaterials/Substrate/GLints/dict_16_192_64_0p5_0p02_0057_0010.uasset" 5772
"../../../Engine/Content/EngineMaterials/Substrate/GLints/dict_16_192_64_0p5_0p02_0057_0015.uasset" 5773
"/Engine/EngineMaterials/Substrate/GLints/dict_16_192_64_0p5_0p02_0057_0010" 5774
"/Engine/EngineMaterials/Substrate/GLints/dict_16_192_64_0p5_0p02_0057_0015" 5775
"../../../Engine/Content/EngineMaterials/Substrate/GLints/dict_16_192_64_0p5_0p02_0058_0000.uasset" 5776
"../../../Engine/Content/EngineMaterials/Substrate/GLints/dict_16_192_64_0p5_0p02_0058_0002.uasset" 5777
"../../../Engine/Content/EngineMaterials/Substrate/GLints/dict_16_192_64_0p5_0p02_0058_0001.uasset" 5778
"../../../Engine/Content/EngineMaterials/Substrate/GLints/dict_16_192_64_0p5_0p02_0058_0003.uasset" 5779
"../../../Engine/Content/EngineMaterials/Substrate/GLints/dict_16_192_64_0p5_0p02_0058_0004.uasset" 5780
"../../../Engine/Content/EngineMaterials/Substrate/GLints/dict_16_192_64_0p5_0p02_0058_0005.uasset" 5781
"../../../Engine/Content/EngineMaterials/Substrate/GLints/dict_16_192_64_0p5_0p02_0058_0007.uasset" 5782
"../../../Engine/Content/EngineMaterials/Substrate/GLints/dict_16_192_64_0p5_0p02_0058_0006.uasset" 5783
"/Engine/EngineMaterials/Substrate/GLints/dict_16_192_64_0p5_0p02_0058_0004" 5784
"/Engine/EngineMaterials/Substrate/GLints/dict_16_192_64_0p5_0p02_0058_0007" 5785
"/Engine/EngineMaterials/Substrate/GLints/dict_16_192_64_0p5_0p02_0058_0006" 5786
"/Engine/EngineMaterials/Substrate/GLints/dict_16_192_64_0p5_0p02_0058_0003" 5787
"/Engine/EngineMaterials/Substrate/GLints/dict_16_192_64_0p5_0p02_0058_0002" 5788
"../../../Engine/Content/EngineMaterials/Substrate/GLints/dict_16_192_64_0p5_0p02_0058_0009.uasset" 5789
"/Engine/EngineMaterials/Substrate/GLints/dict_16_192_64_0p5_0p02_0058_0001" 5790
"/Engine/EngineMaterials/Substrate/GLints/dict_16_192_64_0p5_0p02_0058_0000" 5791
"/Engine/EngineMaterials/Substrate/GLints/dict_16_192_64_0p5_0p02_0058_0005" 5792
"../../../Engine/Content/EngineMaterials/Substrate/GLints/dict_16_192_64_0p5_0p02_0058_0010.uasset" 5793
"/Engine/EngineMaterials/Substrate/GLints/dict_16_192_64_0p5_0p02_0058_0009" 5794
"/Engine/EngineMaterials/Substrate/GLints/dict_16_192_64_0p5_0p02_0058_0010" 5795
"../../../Engine/Content/EngineMaterials/Substrate/GLints/dict_16_192_64_0p5_0p02_0058_0008.uasset" 5796
"../../../Engine/Content/EngineMaterials/Substrate/GLints/dict_16_192_64_0p5_0p02_0058_0011.uasset" 5797
"../../../Engine/Content/EngineMaterials/Substrate/GLints/dict_16_192_64_0p5_0p02_0058_0012.uasset" 5798
"../../../Engine/Content/EngineMaterials/Substrate/GLints/dict_16_192_64_0p5_0p02_0058_0013.uasset" 5799
"../../../Engine/Content/EngineMaterials/Substrate/GLints/dict_16_192_64_0p5_0p02_0058_0014.uasset" 5800
"/Engine/EngineMaterials/Substrate/GLints/dict_16_192_64_0p5_0p02_0058_0008" 5801
"/Engine/EngineMaterials/Substrate/GLints/dict_16_192_64_0p5_0p02_0058_0014" 5802
"/Engine/EngineMaterials/Substrate/GLints/dict_16_192_64_0p5_0p02_0058_0013" 5803
"/Engine/EngineMaterials/Substrate/GLints/dict_16_192_64_0p5_0p02_0058_0012" 5804
"/Engine/EngineMaterials/Substrate/GLints/dict_16_192_64_0p5_0p02_0058_0011" 5805
"../../../Engine/Content/EngineMaterials/Substrate/GLints/dict_16_192_64_0p5_0p02_0059_0001.uasset" 5806
"/Engine/EngineMaterials/Substrate/GLints/dict_16_192_64_0p5_0p02_0059_0001" 5807
"../../../Engine/Content/EngineMaterials/Substrate/GLints/dict_16_192_64_0p5_0p02_0059_0004.uasset" 5808
"../../../Engine/Content/EngineMaterials/Substrate/GLints/dict_16_192_64_0p5_0p02_0059_0003.uasset" 5809
"../../../Engine/Content/EngineMaterials/Substrate/GLints/dict_16_192_64_0p5_0p02_0059_0005.uasset" 5810
"../../../Engine/Content/EngineMaterials/Substrate/GLints/dict_16_192_64_0p5_0p02_0059_0002.uasset" 5811
"/Engine/EngineMaterials/Substrate/GLints/dict_16_192_64_0p5_0p02_0059_0005" 5812
"/Engine/EngineMaterials/Substrate/GLints/dict_16_192_64_0p5_0p02_0059_0004" 5813
"../../../Engine/Content/EngineMaterials/Substrate/GLints/dict_16_192_64_0p5_0p02_0059_0006.uasset" 5814
"/Engine/EngineMaterials/Substrate/GLints/dict_16_192_64_0p5_0p02_0059_0003" 5815
"../../../Engine/Content/EngineMaterials/Substrate/GLints/dict_16_192_64_0p5_0p02_0059_0008.uasset" 5816
"/Engine/EngineMaterials/Substrate/GLints/dict_16_192_64_0p5_0p02_0059_0002" 5817
"../../../Engine/Content/EngineMaterials/Substrate/GLints/dict_16_192_64_0p5_0p02_0059_0007.uasset" 5818
"/Engine/EngineMaterials/Substrate/GLints/dict_16_192_64_0p5_0p02_0059_0008" 5819
"/Engine/EngineMaterials/Substrate/GLints/dict_16_192_64_0p5_0p02_0059_0007" 5820
"/Engine/EngineMaterials/Substrate/GLints/dict_16_192_64_0p5_0p02_0059_0006" 5821
"../../../Engine/Content/EngineMaterials/Substrate/GLints/dict_16_192_64_0p5_0p02_0059_0010.uasset" 5822
"../../../Engine/Content/EngineMaterials/Substrate/GLints/dict_16_192_64_0p5_0p02_0059_0009.uasset" 5823
"../../../Engine/Content/EngineMaterials/Substrate/GLints/dict_16_192_64_0p5_0p02_0059_0012.uasset" 5824
"../../../Engine/Content/EngineMaterials/Substrate/GLints/dict_16_192_64_0p5_0p02_0059_0013.uasset" 5825
"/Engine/EngineMaterials/Substrate/GLints/dict_16_192_64_0p5_0p02_0059_0012" 5826
"/Engine/EngineMaterials/Substrate/GLints/dict_16_192_64_0p5_0p02_0059_0010" 5827
"/Engine/EngineMaterials/Substrate/GLints/dict_16_192_64_0p5_0p02_0059_0009" 5828
"/Engine/EngineMaterials/Substrate/GLints/dict_16_192_64_0p5_0p02_0059_0013" 5829
"../../../Engine/Content/EngineMaterials/Substrate/GLints/dict_16_192_64_0p5_0p02_0059_0015.uasset" 5830
"/Engine/EngineMaterials/Substrate/GLints/dict_16_192_64_0p5_0p02_0059_0015" 5831
"../../../Engine/Content/EngineMaterials/Substrate/GLints/dict_16_192_64_0p5_0p02_0059_0014.uasset" 5832
"../../../Engine/Content/EngineMaterials/Substrate/GLints/dict_16_192_64_0p5_0p02_0060_0000.uasset" 5833
"../../../Engine/Content/EngineMaterials/Substrate/GLints/dict_16_192_64_0p5_0p02_0060_0001.uasset" 5834
"../../../Engine/Content/EngineMaterials/Substrate/GLints/dict_16_192_64_0p5_0p02_0060_0002.uasset" 5835
"/Engine/EngineMaterials/Substrate/GLints/dict_16_192_64_0p5_0p02_0060_0001" 5836
"/Engine/EngineMaterials/Substrate/GLints/dict_16_192_64_0p5_0p02_0060_0000" 5837
"/Engine/EngineMaterials/Substrate/GLints/dict_16_192_64_0p5_0p02_0059_0014" 5838
"/Engine/EngineMaterials/Substrate/GLints/dict_16_192_64_0p5_0p02_0060_0002" 5839
"../../../Engine/Content/EngineMaterials/Substrate/GLints/dict_16_192_64_0p5_0p02_0060_0003.uasset" 5840
"/Engine/EngineMaterials/Substrate/GLints/dict_16_192_64_0p5_0p02_0060_0003" 5841
"../../../Engine/Content/EngineMaterials/Substrate/GLints/dict_16_192_64_0p5_0p02_0060_0005.uasset" 5842
"../../../Engine/Content/EngineMaterials/Substrate/GLints/dict_16_192_64_0p5_0p02_0060_0004.uasset" 5843
"/Engine/EngineMaterials/Substrate/GLints/dict_16_192_64_0p5_0p02_0060_0005" 5844
"/Engine/EngineMaterials/Substrate/GLints/dict_16_192_64_0p5_0p02_0060_0004" 5845
"../../../Engine/Content/EngineMaterials/Substrate/GLints/dict_16_192_64_0p5_0p02_0057_0014.uasset" 5846
"../../../Engine/Content/EngineMaterials/Substrate/GLints/dict_16_192_64_0p5_0p02_0057_0011.uasset" 5847
"../../../Engine/Content/EngineMaterials/Substrate/GLints/dict_16_192_64_0p5_0p02_0059_0000.uasset" 5848
"/Engine/EngineMaterials/Substrate/GLints/dict_16_192_64_0p5_0p02_0057_0011" 5849
"../../../Engine/Content/EngineMaterials/Substrate/GLints/dict_16_192_64_0p5_0p02_0057_0012.uasset" 5850
"/Engine/EngineMaterials/Substrate/GLints/dict_16_192_64_0p5_0p02_0059_0000" 5851
"/Engine/EngineMaterials/Substrate/GLints/dict_16_192_64_0p5_0p02_0057_0014" 5852
"../../../Engine/Content/EngineMaterials/Substrate/GLints/dict_16_192_64_0p5_0p02_0059_0011.uasset" 5853
"/Engine/EngineMaterials/Substrate/GLints/dict_16_192_64_0p5_0p02_0057_0012" 5854
"../../../Engine/Content/EngineMaterials/Substrate/GLints/dict_16_192_64_0p5_0p02_0060_0007.uasset" 5855
"../../../Engine/Content/EngineMaterials/Substrate/GLints/dict_16_192_64_0p5_0p02_0060_0009.uasset" 5856
"../../../Engine/Content/EngineMaterials/Substrate/GLints/dict_16_192_64_0p5_0p02_0060_0006.uasset" 5857
"../../../Engine/Content/EngineMaterials/Substrate/GLints/dict_16_192_64_0p5_0p02_0060_0008.uasset" 5858
"/Engine/EngineMaterials/Substrate/GLints/dict_16_192_64_0p5_0p02_0060_0009" 5859
"/Engine/EngineMaterials/Substrate/GLints/dict_16_192_64_0p5_0p02_0060_0007" 5860
"../../../Engine/Content/EngineMaterials/Substrate/GLints/dict_16_192_64_0p5_0p02_0058_0015.uasset" 5861
"/Engine/EngineMaterials/Substrate/GLints/dict_16_192_64_0p5_0p02_0060_0006" 5862
"/Engine/EngineMaterials/Substrate/GLints/dict_16_192_64_0p5_0p02_0059_0011" 5863
"/Engine/EngineMaterials/Substrate/GLints/dict_16_192_64_0p5_0p02_0058_0015" 5864
"/Engine/EngineMaterials/Substrate/GLints/dict_16_192_64_0p5_0p02_0060_0008" 5865
"../../../Engine/Content/EngineMaterials/Substrate/GLints/dict_16_192_64_0p5_0p02_0060_0010.uasset" 5866
"../../../Engine/Content/EngineMaterials/Substrate/GLints/dict_16_192_64_0p5_0p02_0060_0011.uasset" 5867
"../../../Engine/Content/EngineMaterials/Substrate/GLints/dict_16_192_64_0p5_0p02_0060_0012.uasset" 5868
"/Engine/EngineMaterials/Substrate/GLints/dict_16_192_64_0p5_0p02_0060_0011" 5869
"../../../Engine/Content/EngineMaterials/Substrate/GLints/dict_16_192_64_0p5_0p02_0061_0005.uasset" 5870
"../../../Engine/Content/EngineMaterials/Substrate/GLints/dict_16_192_64_0p5_0p02_0061_0006.uasset" 5871
"../../../Engine/Content/EngineMaterials/Substrate/GLints/dict_16_192_64_0p5_0p02_0061_0004.uasset" 5872
"../../../Engine/Content/EngineMaterials/Substrate/GLints/dict_16_192_64_0p5_0p02_0060_0013.uasset" 5873
"../../../Engine/Content/EngineMaterials/Substrate/GLints/dict_16_192_64_0p5_0p02_0061_0000.uasset" 5874
"../../../Engine/Content/EngineMaterials/Substrate/GLints/dict_16_192_64_0p5_0p02_0061_0001.uasset" 5875
"../../../Engine/Content/EngineMaterials/Substrate/GLints/dict_16_192_64_0p5_0p02_0061_0002.uasset" 5876
"../../../Engine/Content/EngineMaterials/Substrate/GLints/dict_16_192_64_0p5_0p02_0060_0015.uasset" 5877
"/Engine/EngineMaterials/Substrate/GLints/dict_16_192_64_0p5_0p02_0060_0010" 5878
"/Engine/EngineMaterials/Substrate/GLints/dict_16_192_64_0p5_0p02_0060_0012" 5879
"/Engine/EngineMaterials/Substrate/GLints/dict_16_192_64_0p5_0p02_0061_0002" 5880
"/Engine/EngineMaterials/Substrate/GLints/dict_16_192_64_0p5_0p02_0061_0001" 5881
"/Engine/EngineMaterials/Substrate/GLints/dict_16_192_64_0p5_0p02_0061_0000" 5882
"/Engine/EngineMaterials/Substrate/GLints/dict_16_192_64_0p5_0p02_0060_0015" 5883
"../../../Engine/Content/EngineMaterials/Substrate/GLints/dict_16_192_64_0p5_0p02_0061_0010.uasset" 5884
"../../../Engine/Content/EngineMaterials/Substrate/GLints/dict_16_192_64_0p5_0p02_0061_0009.uasset" 5885
"../../../Engine/Content/EngineMaterials/Substrate/GLints/dict_16_192_64_0p5_0p02_0061_0011.uasset" 5886
"/Engine/EngineMaterials/Substrate/GLints/dict_16_192_64_0p5_0p02_0060_0013" 5887
"../../../Engine/Content/EngineMaterials/Substrate/GLints/dict_16_192_64_0p5_0p02_0060_0014.uasset" 5888
"../../../Engine/Content/EngineMaterials/Substrate/GLints/dict_16_192_64_0p5_0p02_0061_0008.uasset" 5889
"/Engine/EngineMaterials/Substrate/GLints/dict_16_192_64_0p5_0p02_0061_0006" 5890
"../../../Engine/Content/EngineMaterials/Substrate/GLints/dict_16_192_64_0p5_0p02_0061_0013.uasset" 5891
"/Engine/EngineMaterials/Substrate/GLints/dict_16_192_64_0p5_0p02_0061_0005" 5892
"/Engine/EngineMaterials/Substrate/GLints/dict_16_192_64_0p5_0p02_0061_0004" 5893
"/Engine/EngineMaterials/Substrate/GLints/dict_16_192_64_0p5_0p02_0061_0013" 5894
"../../../Engine/Content/EngineMaterials/Substrate/GLints/dict_16_192_64_0p5_0p02_0061_0007.uasset" 5895
"/Engine/EngineMaterials/Substrate/GLints/dict_16_192_64_0p5_0p02_0061_0011" 5896
"../../../Engine/Content/EngineMaterials/Substrate/GLints/dict_16_192_64_0p5_0p02_0061_0012.uasset" 5897
"/Engine/EngineMaterials/Substrate/GLints/dict_16_192_64_0p5_0p02_0060_0014" 5898
"/Engine/EngineMaterials/Substrate/GLints/dict_16_192_64_0p5_0p02_0061_0010" 5899
"/Engine/EngineMaterials/Substrate/GLints/dict_16_192_64_0p5_0p02_0061_0008" 5900
"/Engine/EngineMaterials/Substrate/GLints/dict_16_192_64_0p5_0p02_0061_0009" 5901
"/Engine/EngineMaterials/Substrate/GLints/dict_16_192_64_0p5_0p02_0061_0012" 5902
"../../../Engine/Content/EngineMaterials/Substrate/GLints/dict_16_192_64_0p5_0p02_0062_0003.uasset" 5903
"../../../Engine/Content/EngineMaterials/Substrate/GLints/dict_16_192_64_0p5_0p02_0062_0000.uasset" 5904
"/Engine/EngineMaterials/Substrate/GLints/dict_16_192_64_0p5_0p02_0061_0007" 5905
"/Engine/EngineMaterials/Substrate/GLints/dict_16_192_64_0p5_0p02_0062_0003" 5906
"/Engine/EngineMaterials/Substrate/GLints/dict_16_192_64_0p5_0p02_0062_0000" 5907
"../../../Engine/Content/EngineMaterials/Substrate/GLints/dict_16_192_64_0p5_0p02_0062_0001.uasset" 5908
"../../../Engine/Content/EngineMaterials/Substrate/GLints/dict_16_192_64_0p5_0p02_0061_0014.uasset" 5909
"../../../Engine/Content/EngineMaterials/Substrate/GLints/dict_16_192_64_0p5_0p02_0062_0004.uasset" 5910
"../../../Engine/Content/EngineMaterials/Substrate/GLints/dict_16_192_64_0p5_0p02_0061_0015.uasset" 5911
"../../../Engine/Content/EngineMaterials/Substrate/GLints/dict_16_192_64_0p5_0p02_0062_0002.uasset" 5912
"../../../Engine/Content/EngineMaterials/Substrate/GLints/dict_16_192_64_0p5_0p02_0062_0007.uasset" 5913
"../../../Engine/Content/EngineMaterials/Substrate/GLints/dict_16_192_64_0p5_0p02_0062_0008.uasset" 5914
"../../../Engine/Content/EngineMaterials/Substrate/GLints/dict_16_192_64_0p5_0p02_0062_0012.uasset" 5915
"../../../Engine/Content/EngineMaterials/Substrate/GLints/dict_16_192_64_0p5_0p02_0062_0006.uasset" 5916
"/Engine/EngineMaterials/Substrate/GLints/dict_16_192_64_0p5_0p02_0061_0014" 5917
"../../../Engine/Content/EngineMaterials/Substrate/GLints/dict_16_192_64_0p5_0p02_0062_0011.uasset" 5918
"../../../Engine/Content/EngineMaterials/Substrate/GLints/dict_16_192_64_0p5_0p02_0062_0009.uasset" 5919
"/Engine/EngineMaterials/Substrate/GLints/dict_16_192_64_0p5_0p02_0062_0012" 5920
"/Engine/EngineMaterials/Substrate/GLints/dict_16_192_64_0p5_0p02_0061_0015" 5921
"/Engine/EngineMaterials/Substrate/GLints/dict_16_192_64_0p5_0p02_0062_0002" 5922
"/Engine/EngineMaterials/Substrate/GLints/dict_16_192_64_0p5_0p02_0062_0001" 5923
"/Engine/EngineMaterials/Substrate/GLints/dict_16_192_64_0p5_0p02_0062_0007" 5924
"/Engine/EngineMaterials/Substrate/GLints/dict_16_192_64_0p5_0p02_0062_0008" 5925
"/Engine/EngineMaterials/Substrate/GLints/dict_16_192_64_0p5_0p02_0062_0006" 5926
"/Engine/EngineMaterials/Substrate/GLints/dict_16_192_64_0p5_0p02_0062_0004" 5927
"../../../Engine/Content/EngineMaterials/Substrate/GLints/dict_16_192_64_0p5_0p02_0062_0005.uasset" 5928
"../../../Engine/Content/EngineMaterials/Substrate/GLints/dict_16_192_64_0p5_0p02_0062_0010.uasset" 5929
"../../../Engine/Content/EngineMaterials/Substrate/GLints/dict_16_192_64_0p5_0p02_0062_0013.uasset" 5930
"/Engine/EngineMaterials/Substrate/GLints/dict_16_192_64_0p5_0p02_0062_0009" 5931
"/Engine/EngineMaterials/Substrate/GLints/dict_16_192_64_0p5_0p02_0062_0011" 5932
"../../../Engine/Content/EngineMaterials/Substrate/GLints/dict_16_192_64_0p5_0p02_0062_0014.uasset" 5933
"../../../Engine/Content/EngineMaterials/Substrate/GLints/dict_16_192_64_0p5_0p02_0062_0015.uasset" 5934
"/Engine/EngineMaterials/Substrate/GLints/dict_16_192_64_0p5_0p02_0062_0010" 5935
"/Engine/EngineMaterials/Substrate/GLints/dict_16_192_64_0p5_0p02_0062_0005" 5936
"../../../Engine/Content/EngineMaterials/Substrate/GLints/dict_16_192_64_0p5_0p02_0061_0003.uasset" 5937
"/Engine/EngineMaterials/Substrate/GLints/dict_16_192_64_0p5_0p02_0062_0013" 5938
"/Engine/EngineMaterials/Substrate/GLints/dict_16_192_64_0p5_0p02_0061_0003" 5939
"/Engine/EngineMaterials/Substrate/GLints/dict_16_192_64_0p5_0p02_0062_0015" 5940
"/Engine/EngineMaterials/Substrate/GLints/dict_16_192_64_0p5_0p02_0062_0014" 5941
"../../../Engine/Content/EngineMaterials/Substrate/GLints/dict_16_192_64_0p5_0p02_0063_0000.uasset" 5942
"/Engine/EngineMaterials/Substrate/GLints/dict_16_192_64_0p5_0p02_0063_0000" 5943
"../../../Engine/Content/EngineMaterials/Substrate/GLints/dict_16_192_64_0p5_0p02_0063_0008.uasset" 5944
"../../../Engine/Content/EngineMaterials/Substrate/GLints/dict_16_192_64_0p5_0p02_0063_0007.uasset" 5945
"../../../Engine/Content/EngineMaterials/Substrate/GLints/dict_16_192_64_0p5_0p02_0063_0003.uasset" 5946
"../../../Engine/Content/EngineMaterials/Substrate/GLints/dict_16_192_64_0p5_0p02_0063_0004.uasset" 5947
"../../../Engine/Content/EngineMaterials/Substrate/GLints/dict_16_192_64_0p5_0p02_0063_0002.uasset" 5948
"../../../Engine/Content/EngineMaterials/Substrate/GLints/dict_16_192_64_0p5_0p02_0063_0001.uasset" 5949
"../../../Engine/Content/EngineMaterials/Substrate/GLints/dict_16_192_64_0p5_0p02_0063_0005.uasset" 5950
"../../../Engine/Content/EngineMaterials/Substrate/GLints/dict_16_192_64_0p5_0p02_0063_0006.uasset" 5951
"../../../Engine/Content/EngineMaterials/Substrate/GLints/dict_16_192_64_0p5_0p02_0063_0010.uasset" 5952
"/Engine/EngineMaterials/Substrate/GLints/dict_16_192_64_0p5_0p02_0063_0004" 5953
"/Engine/EngineMaterials/Substrate/GLints/dict_16_192_64_0p5_0p02_0063_0003" 5954
"../../../Engine/Content/EngineMaterials/Substrate/GLints/dict_16_192_64_0p5_0p02_0063_0011.uasset" 5955
"../../../Engine/Content/EngineMaterials/Substrate/GLints/dict_16_192_64_0p5_0p02_0063_0012.uasset" 5956
"/Engine/EngineMaterials/Substrate/GLints/dict_16_192_64_0p5_0p02_0063_0002" 5957
"/Engine/EngineMaterials/Substrate/GLints/dict_16_192_64_0p5_0p02_0063_0010" 5958
"../../../Engine/Content/EngineMaterials/Substrate/GLints/dict_16_192_64_0p5_0p02_0063_0013.uasset" 5959
"../../../Engine/Content/EngineMaterials/Substrate/GLints/dict_16_192_64_0p5_0p02_0063_0014.uasset" 5960
"/Engine/EngineMaterials/Substrate/GLints/dict_16_192_64_0p5_0p02_0063_0001" 5961
"../../../Engine/Content/EngineMaterials/Substrate/GLints/dict_16_192_64_0p5_0p02_0063_0015.uasset" 5962
"/Engine/EngineMaterials/Substrate/GLints/dict_16_192_64_0p5_0p02_0063_0008" 5963
"/Engine/EngineMaterials/Substrate/GLints/dict_16_192_64_0p5_0p02_0063_0007" 5964
"/Engine/EngineMaterials/Substrate/GLints/dict_16_192_64_0p5_0p02_0063_0006" 5965
"/Engine/EngineMaterials/Substrate/GLints/dict_16_192_64_0p5_0p02_0063_0005" 5966
"/Engine/EngineMaterials/Substrate/GLints/dict_16_192_64_0p5_0p02_0063_0014" 5967
"/Engine/EngineMaterials/Substrate/GLints/dict_16_192_64_0p5_0p02_0063_0012" 5968
"/Engine/EngineMaterials/Substrate/GLints/dict_16_192_64_0p5_0p02_0063_0011" 5969
"/Engine/EngineMaterials/Substrate/GLints/dict_16_192_64_0p5_0p02_0063_0015" 5970
"/Engine/EngineMaterials/Substrate/GLints/dict_16_192_64_0p5_0p02_0063_0013" 5971
"../../../Engine/Content/EngineMaterials/Substrate/GLints/dict_16_192_64_0p5_0p02_0063_0009.uasset" 5972
"/Engine/EngineMaterials/Substrate/GLints/dict_16_192_64_0p5_0p02_0063_0009" 5973
"../../../Engine/Content/EngineMaterials/Substrate/GLints/AGlintTex2dArray.uasset" 5974
"../../../Engine/Content/EngineMaterials/Substrate/Glints2/dict_0000_0002.uasset" 5975
"../../../Engine/Content/EngineMaterials/Substrate/Glints2/dict_0000_0003.uasset" 5976
"../../../Engine/Content/EngineMaterials/Substrate/Glints2/dict_0000_0004.uasset" 5977
"../../../Engine/Content/EngineMaterials/Substrate/Glints2/dict_0000_0005.uasset" 5978
"/Engine/EngineMaterials/Substrate/GLints/AGlintTex2dArray" 5979
"../../../Engine/Content/EngineMaterials/Substrate/Glints2/dict_0000_0001.uasset" 5980
"../../../Engine/Content/EngineMaterials/Substrate/Glints2/dict_0000_0006.uasset" 5981
"../../../Engine/Content/EngineMaterials/Substrate/Glints2/dict_0000_0000.uasset" 5982
"../../../Engine/Content/EngineMaterials/Substrate/Glints2/dict_0000_0008.uasset" 5983
"../../../Engine/Content/EngineMaterials/Substrate/Glints2/dict_0000_0007.uasset" 5984
"../../../Engine/Content/EngineMaterials/Substrate/Glints2/dict_0000_0012.uasset" 5985
"../../../Engine/Content/EngineMaterials/Substrate/Glints2/dict_0000_0016.uasset" 5986
"../../../Engine/Content/EngineMaterials/Substrate/Glints2/dict_0000_0009.uasset" 5987
"../../../Engine/Content/EngineMaterials/Substrate/Glints2/dict_0000_0014.uasset" 5988
"../../../Engine/Content/EngineMaterials/Substrate/Glints2/dict_0000_0018.uasset" 5989
"../../../Engine/Content/EngineMaterials/Substrate/Glints2/dict_0000_0010.uasset" 5990
"../../../Engine/Content/EngineMaterials/Substrate/Glints2/dict_0000_0011.uasset" 5991
"/Engine/EngineMaterials/Substrate/Glints2/dict_0000_0014" 5992
"../../../Engine/Content/EngineMaterials/Substrate/Glints2/dict_0000_0019.uasset" 5993
"/Engine/EngineMaterials/Substrate/Glints2/dict_0000_0006" 5994
"/Engine/EngineMaterials/Substrate/Glints2/dict_0000_0005" 5995
"../../../Engine/Content/EngineMaterials/Substrate/Glints2/dict_0000_0023.uasset" 5996
"/Engine/EngineMaterials/Substrate/Glints2/dict_0000_0004" 5997
"/Engine/EngineMaterials/Substrate/Glints2/dict_0000_0003" 5998
"/Engine/EngineMaterials/Substrate/Glints2/dict_0000_0002" 5999
"/Engine/EngineMaterials/Substrate/Glints2/dict_0000_0011" 6000
"/Engine/EngineMaterials/Substrate/Glints2/dict_0000_0010" 6001
"../../../Engine/Content/EngineMaterials/Substrate/Glints2/dict_0000_0017.uasset" 6002
"../../../Engine/Content/EngineMaterials/Substrate/Glints2/dict_0000_0024.uasset" 6003
"../../../Engine/Content/EngineMaterials/Substrate/Glints2/dict_0000_0020.uasset" 6004
"/Engine/EngineMaterials/Substrate/Glints2/dict_0000_0009" 6005
"../../../Engine/Content/EngineMaterials/Substrate/Glints2/dict_0000_0021.uasset" 6006
"/Engine/EngineMaterials/Substrate/Glints2/dict_0000_0001" 6007
"/Engine/EngineMaterials/Substrate/Glints2/dict_0000_0000" 6008
"/Engine/EngineMaterials/Substrate/Glints2/dict_0000_0008" 6009
"/Engine/EngineMaterials/Substrate/Glints2/dict_0000_0018" 6010
"/Engine/EngineMaterials/Substrate/Glints2/dict_0000_0016" 6011
"../../../Engine/Content/EngineMaterials/Substrate/Glints2/dict_0000_0026.uasset" 6012
"../../../Engine/Content/EngineMaterials/Substrate/Glints2/dict_0000_0015.uasset" 6013
"../../../Engine/Content/EngineMaterials/Substrate/Glints2/dict_0000_0013.uasset" 6014
"../../../Engine/Content/EngineMaterials/Substrate/Glints2/dict_0000_0022.uasset" 6015
"../../../Engine/Content/EngineMaterials/Substrate/Glints2/dict_0000_0027.uasset" 6016
"../../../Engine/Content/EngineMaterials/Substrate/Glints2/dict_0000_0025.uasset" 6017
"../../../Engine/Content/EngineMaterials/Substrate/Glints2/dict_0000_0030.uasset" 6018
"../../../Engine/Content/EngineMaterials/Substrate/Glints2/dict_0000_0031.uasset" 6019
"../../../Engine/Content/EngineMaterials/Substrate/Glints2/dict_0000_0029.uasset" 6020
"../../../Engine/Content/EngineMaterials/Substrate/Glints2/dict_0000_0028.uasset" 6021
"/Engine/EngineMaterials/Substrate/Glints2/dict_0000_0012" 6022
"/Engine/EngineMaterials/Substrate/Glints2/dict_0000_0007" 6023
"/Engine/EngineMaterials/Substrate/Glints2/dict_0000_0024" 6024
"/Engine/EngineMaterials/Substrate/Glints2/dict_0000_0023" 6025
"/Engine/EngineMaterials/Substrate/Glints2/dict_0000_0022" 6026
"/Engine/EngineMaterials/Substrate/Glints2/dict_0000_0029" 6027
"/Engine/EngineMaterials/Substrate/Glints2/dict_0000_0021" 6028
"/Engine/EngineMaterials/Substrate/Glints2/dict_0000_0028" 6029
"/Engine/EngineMaterials/Substrate/Glints2/dict_0000_0030" 6030
"/Engine/EngineMaterials/Substrate/Glints2/dict_0000_0020" 6031
"/Engine/EngineMaterials/Substrate/Glints2/dict_0000_0019" 6032
"/Engine/EngineMaterials/Substrate/Glints2/dict_0000_0015" 6033
"/Engine/EngineMaterials/Substrate/Glints2/dict_0000_0027" 6034
"/Engine/EngineMaterials/Substrate/Glints2/dict_0000_0013" 6035
"/Engine/EngineMaterials/Substrate/Glints2/dict_0000_0031" 6036
"/Engine/EngineMaterials/Substrate/Glints2/dict_0000_0017" 6037
"/Engine/EngineMaterials/Substrate/Glints2/dict_0000_0026" 6038
"/Engine/EngineMaterials/Substrate/Glints2/dict_0000_0025" 6039
"../../../Engine/Content/EngineMaterials/Substrate/Glints2/dict_0000_0032.uasset" 6040
"../../../Engine/Content/EngineMaterials/Substrate/Glints2/dict_0000_0034.uasset" 6041
"../../../Engine/Content/EngineMaterials/Substrate/Glints2/dict_0000_0035.uasset" 6042
"/Engine/EngineMaterials/Substrate/Glints2/dict_0000_0035" 6043
"../../../Engine/Content/EngineMaterials/Substrate/Glints2/dict_0000_0036.uasset" 6044
"/Engine/EngineMaterials/Substrate/Glints2/dict_0000_0034" 6045
"/Engine/EngineMaterials/Substrate/Glints2/dict_0000_0032" 6046
"/Engine/EngineMaterials/Substrate/Glints2/dict_0000_0036" 6047
"../../../Engine/Content/EngineMaterials/Substrate/Glints2/dict_0000_0037.uasset" 6048
"../../../Engine/Content/EngineMaterials/Substrate/Glints2/dict_0000_0038.uasset" 6049
"../../../Engine/Content/EngineMaterials/Substrate/Glints2/dict_0000_0039.uasset" 6050
"../../../Engine/Content/EngineMaterials/Substrate/Glints2/dict_0000_0033.uasset" 6051
"/Engine/EngineMaterials/Substrate/Glints2/dict_0000_0039" 6052
"/Engine/EngineMaterials/Substrate/Glints2/dict_0000_0038" 6053
"../../../Engine/Content/EngineMaterials/Substrate/Glints2/dict_0000_0042.uasset" 6054
"../../../Engine/Content/EngineMaterials/Substrate/Glints2/dict_0000_0041.uasset" 6055
"/Engine/EngineMaterials/Substrate/Glints2/dict_0000_0037" 6056
"../../../Engine/Content/EngineMaterials/Substrate/Glints2/dict_0000_0040.uasset" 6057
"/Engine/EngineMaterials/Substrate/Glints2/dict_0000_0033" 6058
"/Engine/EngineMaterials/Substrate/Glints2/dict_0000_0042" 6059
"/Engine/EngineMaterials/Substrate/Glints2/dict_0000_0041" 6060
"/Engine/EngineMaterials/Substrate/Glints2/dict_0000_0040" 6061
"../../../Engine/Content/EngineMaterials/Substrate/Glints2/dict_0000_0043.uasset" 6062
"../../../Engine/Content/EngineMaterials/Substrate/Glints2/dict_0000_0045.uasset" 6063
"../../../Engine/Content/EngineMaterials/Substrate/Glints2/dict_0000_0047.uasset" 6064
"../../../Engine/Content/EngineMaterials/Substrate/Glints2/dict_0000_0044.uasset" 6065
"../../../Engine/Content/EngineMaterials/Substrate/Glints2/dict_0000_0049.uasset" 6066
"../../../Engine/Content/EngineMaterials/Substrate/Glints2/dict_0000_0050.uasset" 6067
"../../../Engine/Content/EngineMaterials/Substrate/Glints2/dict_0000_0048.uasset" 6068
"../../../Engine/Content/EngineMaterials/Substrate/Glints2/dict_0000_0046.uasset" 6069
"../../../Engine/Content/EngineMaterials/Substrate/Glints2/dict_0000_0052.uasset" 6070
"../../../Engine/Content/EngineMaterials/Substrate/Glints2/dict_0000_0051.uasset" 6071
"../../../Engine/Content/EngineMaterials/Substrate/Glints2/dict_0000_0053.uasset" 6072
"../../../Engine/Content/EngineMaterials/Substrate/Glints2/dict_0000_0057.uasset" 6073
"../../../Engine/Content/EngineMaterials/Substrate/Glints2/dict_0000_0056.uasset" 6074
"../../../Engine/Content/EngineMaterials/Substrate/Glints2/dict_0000_0054.uasset" 6075
"/Engine/EngineMaterials/Substrate/Glints2/dict_0000_0047" 6076
"/Engine/EngineMaterials/Substrate/Glints2/dict_0000_0046" 6077
"/Engine/EngineMaterials/Substrate/Glints2/dict_0000_0045" 6078
"/Engine/EngineMaterials/Substrate/Glints2/dict_0000_0044" 6079
"/Engine/EngineMaterials/Substrate/Glints2/dict_0000_0043" 6080
"../../../Engine/Content/EngineMaterials/Substrate/Glints2/dict_0000_0064.uasset" 6081
"/Engine/EngineMaterials/Substrate/Glints2/dict_0000_0057" 6082
"../../../Engine/Content/EngineMaterials/Substrate/Glints2/dict_0000_0063.uasset" 6083
"/Engine/EngineMaterials/Substrate/Glints2/dict_0000_0056" 6084
"../../../Engine/Content/EngineMaterials/Substrate/Glints2/dict_0000_0062.uasset" 6085
"/Engine/EngineMaterials/Substrate/Glints2/dict_0000_0054" 6086
"/Engine/EngineMaterials/Substrate/Glints2/dict_0000_0053" 6087
"/Engine/EngineMaterials/Substrate/Glints2/dict_0000_0052" 6088
"../../../Engine/Content/EngineMaterials/Substrate/Glints2/dict_0000_0060.uasset" 6089
"../../../Engine/Content/EngineMaterials/Substrate/Glints2/dict_0000_0059.uasset" 6090
"/Engine/EngineMaterials/Substrate/Glints2/dict_0000_0051" 6091
"/Engine/EngineMaterials/Substrate/Glints2/dict_0000_0050" 6092
"/Engine/EngineMaterials/Substrate/Glints2/dict_0000_0049" 6093
"/Engine/EngineMaterials/Substrate/Glints2/dict_0000_0048" 6094
"/Engine/EngineMaterials/Substrate/Glints2/dict_0000_0063" 6095
"/Engine/EngineMaterials/Substrate/Glints2/dict_0000_0062" 6096
"/Engine/EngineMaterials/Substrate/Glints2/dict_0000_0060" 6097
"/Engine/EngineMaterials/Substrate/Glints2/dict_0000_0059" 6098
"/Engine/EngineMaterials/Substrate/Glints2/dict_0000_0064" 6099
"../../../Engine/Content/EngineMaterials/Substrate/Glints2/dict_0000_0061.uasset" 6100
"../../../Engine/Content/EngineMaterials/Substrate/Glints2/dict_0000_0058.uasset" 6101
"../../../Engine/Content/EngineMaterials/Substrate/Glints2/dict_0000_0068.uasset" 6102
"../../../Engine/Content/EngineMaterials/Substrate/Glints2/dict_0000_0069.uasset" 6103
"../../../Engine/Content/EngineMaterials/Substrate/Glints2/dict_0000_0067.uasset" 6104
"../../../Engine/Content/EngineMaterials/Substrate/Glints2/dict_0000_0071.uasset" 6105
"../../../Engine/Content/EngineMaterials/Substrate/Glints2/dict_0000_0055.uasset" 6106
"../../../Engine/Content/EngineMaterials/Substrate/Glints2/dict_0000_0070.uasset" 6107
"../../../Engine/Content/EngineMaterials/Substrate/Glints2/dict_0000_0072.uasset" 6108
"../../../Engine/Content/EngineMaterials/Substrate/Glints2/dict_0000_0075.uasset" 6109
"../../../Engine/Content/EngineMaterials/Substrate/Glints2/dict_0000_0077.uasset" 6110
"/Engine/EngineMaterials/Substrate/Glints2/dict_0000_0061" 6111
"../../../Engine/Content/EngineMaterials/Substrate/Glints2/dict_0000_0074.uasset" 6112
"/Engine/EngineMaterials/Substrate/Glints2/dict_0000_0058" 6113
"/Engine/EngineMaterials/Substrate/Glints2/dict_0000_0055" 6114
"/Engine/EngineMaterials/Substrate/Glints2/dict_0000_0072" 6115
"/Engine/EngineMaterials/Substrate/Glints2/dict_0000_0071" 6116
"/Engine/EngineMaterials/Substrate/Glints2/dict_0000_0070" 6117
"/Engine/EngineMaterials/Substrate/Glints2/dict_0000_0069" 6118
"/Engine/EngineMaterials/Substrate/Glints2/dict_0000_0067" 6119
"/Engine/EngineMaterials/Substrate/Glints2/dict_0000_0077" 6120
"/Engine/EngineMaterials/Substrate/Glints2/dict_0000_0075" 6121
"../../../Engine/Content/EngineMaterials/Substrate/Glints2/dict_0000_0066.uasset" 6122
"/Engine/EngineMaterials/Substrate/Glints2/dict_0000_0068" 6123
"/Engine/EngineMaterials/Substrate/Glints2/dict_0000_0074" 6124
"/Engine/EngineMaterials/Substrate/Glints2/dict_0000_0066" 6125
"../../../Engine/Content/EngineMaterials/Substrate/Glints2/dict_0000_0081.uasset" 6126
"../../../Engine/Content/EngineMaterials/Substrate/Glints2/dict_0000_0078.uasset" 6127
"../../../Engine/Content/EngineMaterials/Substrate/Glints2/dict_0000_0076.uasset" 6128
"../../../Engine/Content/EngineMaterials/Substrate/Glints2/dict_0000_0079.uasset" 6129
"../../../Engine/Content/EngineMaterials/Substrate/Glints2/dict_0000_0080.uasset" 6130
"../../../Engine/Content/EngineMaterials/Substrate/Glints2/dict_0000_0082.uasset" 6131
"../../../Engine/Content/EngineMaterials/Substrate/Glints2/dict_0000_0083.uasset" 6132
"../../../Engine/Content/EngineMaterials/Substrate/Glints2/dict_0000_0084.uasset" 6133
"../../../Engine/Content/EngineMaterials/Substrate/Glints2/dict_0000_0085.uasset" 6134
"../../../Engine/Content/EngineMaterials/Substrate/Glints2/dict_0000_0073.uasset" 6135
"../../../Engine/Content/EngineMaterials/Substrate/Glints2/dict_0000_0086.uasset" 6136
"../../../Engine/Content/EngineMaterials/Substrate/Glints2/dict_0000_0088.uasset" 6137
"../../../Engine/Content/EngineMaterials/Substrate/Glints2/dict_0000_0089.uasset" 6138
"/Engine/EngineMaterials/Substrate/Glints2/dict_0000_0088" 6139
"../../../Engine/Content/EngineMaterials/Substrate/Glints2/dict_0000_0090.uasset" 6140
"../../../Engine/Content/EngineMaterials/Substrate/Glints2/dict_0000_0087.uasset" 6141
"/Engine/EngineMaterials/Substrate/Glints2/dict_0000_0086" 6142
"../../../Engine/Content/EngineMaterials/Substrate/Glints2/dict_0000_0091.uasset" 6143
"/Engine/EngineMaterials/Substrate/Glints2/dict_0000_0085" 6144
"/Engine/EngineMaterials/Substrate/Glints2/dict_0000_0084" 6145
"/Engine/EngineMaterials/Substrate/Glints2/dict_0000_0083" 6146
"/Engine/EngineMaterials/Substrate/Glints2/dict_0000_0082" 6147
"../../../Engine/Content/EngineMaterials/Substrate/Glints2/dict_0000_0093.uasset" 6148
"/Engine/EngineMaterials/Substrate/Glints2/dict_0000_0081" 6149
"/Engine/EngineMaterials/Substrate/Glints2/dict_0000_0080" 6150
"/Engine/EngineMaterials/Substrate/Glints2/dict_0000_0073" 6151
"/Engine/EngineMaterials/Substrate/Glints2/dict_0000_0079" 6152
"../../../Engine/Content/EngineMaterials/Substrate/Glints2/dict_0000_0097.uasset" 6153
"/Engine/EngineMaterials/Substrate/Glints2/dict_0000_0078" 6154
"../../../Engine/Content/EngineMaterials/Substrate/Glints2/dict_0000_0096.uasset" 6155
"/Engine/EngineMaterials/Substrate/Glints2/dict_0000_0076" 6156
"../../../Engine/Content/EngineMaterials/Substrate/Glints2/dict_0000_0098.uasset" 6157
"/Engine/EngineMaterials/Substrate/Glints2/dict_0000_0089" 6158
"../../../Engine/Content/EngineMaterials/Substrate/Glints2/dict_0000_0099.uasset" 6159
"/Engine/EngineMaterials/Substrate/Glints2/dict_0000_0087" 6160
"/Engine/EngineMaterials/Substrate/Glints2/dict_0000_0093" 6161
"/Engine/EngineMaterials/Substrate/Glints2/dict_0000_0091" 6162
"/Engine/EngineMaterials/Substrate/Glints2/dict_0000_0090" 6163
"/Engine/EngineMaterials/Substrate/Glints2/dict_0000_0098" 6164
"/Engine/EngineMaterials/Substrate/Glints2/dict_0000_0097" 6165
"/Engine/EngineMaterials/Substrate/Glints2/dict_0000_0096" 6166
"/Engine/EngineMaterials/Substrate/Glints2/dict_0000_0099" 6167
"../../../Engine/Content/EngineMaterials/Substrate/Glints2/dict_0000_0094.uasset" 6168
"../../../Engine/Content/EngineMaterials/Substrate/Glints2/dict_0000_0095.uasset" 6169
"../../../Engine/Content/EngineMaterials/Substrate/Glints2/dict_0000_0101.uasset" 6170
"../../../Engine/Content/EngineMaterials/Substrate/Glints2/dict_0000_0092.uasset" 6171
"../../../Engine/Content/EngineMaterials/Substrate/Glints2/dict_0000_0100.uasset" 6172
"../../../Engine/Content/EngineMaterials/Substrate/Glints2/dict_0000_0102.uasset" 6173
"../../../Engine/Content/EngineMaterials/Substrate/Glints2/dict_0000_0104.uasset" 6174
"../../../Engine/Content/EngineMaterials/Substrate/Glints2/dict_0000_0103.uasset" 6175
"../../../Engine/Content/EngineMaterials/Substrate/Glints2/dict_0000_0105.uasset" 6176
"../../../Engine/Content/EngineMaterials/Substrate/Glints2/dict_0000_0110.uasset" 6177
"../../../Engine/Content/EngineMaterials/Substrate/Glints2/dict_0000_0111.uasset" 6178
"../../../Engine/Content/EngineMaterials/Substrate/Glints2/dict_0000_0108.uasset" 6179
"/Engine/EngineMaterials/Substrate/Glints2/dict_0000_0092" 6180
"/Engine/EngineMaterials/Substrate/Glints2/dict_0000_0104" 6181
"/Engine/EngineMaterials/Substrate/Glints2/dict_0000_0103" 6182
"/Engine/EngineMaterials/Substrate/Glints2/dict_0000_0102" 6183
"/Engine/EngineMaterials/Substrate/Glints2/dict_0000_0111" 6184
"/Engine/EngineMaterials/Substrate/Glints2/dict_0000_0101" 6185
"/Engine/EngineMaterials/Substrate/Glints2/dict_0000_0110" 6186
"../../../Engine/Content/EngineMaterials/Substrate/Glints2/dict_0000_0112.uasset" 6187
"/Engine/EngineMaterials/Substrate/Glints2/dict_0000_0100" 6188
"/Engine/EngineMaterials/Substrate/Glints2/dict_0000_0105" 6189
"/Engine/EngineMaterials/Substrate/Glints2/dict_0000_0108" 6190
"../../../Engine/Content/EngineMaterials/Substrate/Glints2/dict_0000_0114.uasset" 6191
"/Engine/EngineMaterials/Substrate/Glints2/dict_0000_0095" 6192
"../../../Engine/Content/EngineMaterials/Substrate/Glints2/dict_0000_0113.uasset" 6193
"/Engine/EngineMaterials/Substrate/Glints2/dict_0000_0094" 6194
"../../../Engine/Content/EngineMaterials/Substrate/Glints2/dict_0000_0107.uasset" 6195
"/Engine/EngineMaterials/Substrate/Glints2/dict_0000_0114" 6196
"/Engine/EngineMaterials/Substrate/Glints2/dict_0000_0113" 6197
"/Engine/EngineMaterials/Substrate/Glints2/dict_0000_0112" 6198
"/Engine/EngineMaterials/Substrate/Glints2/dict_0000_0107" 6199
"../../../Engine/Content/EngineMaterials/Substrate/Glints2/dict_0000_0117.uasset" 6200
"/Engine/EngineMaterials/Substrate/Glints2/dict_0000_0117" 6201
"../../../Engine/Content/EngineMaterials/Substrate/Glints2/dict_0000_0116.uasset" 6202
"../../../Engine/Content/EngineMaterials/Substrate/Glints2/dict_0000_0115.uasset" 6203
"../../../Engine/Content/EngineMaterials/Substrate/Glints2/dict_0000_0109.uasset" 6204
"../../../Engine/Content/EngineMaterials/Substrate/Glints2/dict_0000_0119.uasset" 6205
"../../../Engine/Content/EngineMaterials/Substrate/Glints2/dict_0000_0120.uasset" 6206
"../../../Engine/Content/EngineMaterials/Substrate/Glints2/dict_0000_0122.uasset" 6207
"../../../Engine/Content/EngineMaterials/Substrate/Glints2/dict_0000_0118.uasset" 6208
"../../../Engine/Content/EngineMaterials/Substrate/Glints2/dict_0000_0123.uasset" 6209
"/Engine/EngineMaterials/Substrate/Glints2/dict_0000_0119" 6210
"../../../Engine/Content/EngineMaterials/Substrate/Glints2/dict_0000_0124.uasset" 6211
"/Engine/EngineMaterials/Substrate/Glints2/dict_0000_0118" 6212
"/Engine/EngineMaterials/Substrate/Glints2/dict_0000_0123" 6213
"../../../Engine/Content/EngineMaterials/Substrate/Glints2/dict_0000_0129.uasset" 6214
"../../../Engine/Content/EngineMaterials/Substrate/Glints2/dict_0000_0126.uasset" 6215
"/Engine/EngineMaterials/Substrate/Glints2/dict_0000_0116" 6216
"../../../Engine/Content/EngineMaterials/Substrate/Glints2/dict_0000_0128.uasset" 6217
"../../../Engine/Content/EngineMaterials/Substrate/Glints2/dict_0000_0121.uasset" 6218
"../../../Engine/Content/EngineMaterials/Substrate/Glints2/dict_0000_0127.uasset" 6219
"/Engine/EngineMaterials/Substrate/Glints2/dict_0000_0115" 6220
"/Engine/EngineMaterials/Substrate/Glints2/dict_0000_0122" 6221
"/Engine/EngineMaterials/Substrate/Glints2/dict_0000_0109" 6222
"/Engine/EngineMaterials/Substrate/Glints2/dict_0000_0120" 6223
"/Engine/EngineMaterials/Substrate/Glints2/dict_0000_0126" 6224
"/Engine/EngineMaterials/Substrate/Glints2/dict_0000_0124" 6225
"/Engine/EngineMaterials/Substrate/Glints2/dict_0000_0127" 6226
"../../../Engine/Content/EngineMaterials/Substrate/Glints2/dict_0000_0130.uasset" 6227
"/Engine/EngineMaterials/Substrate/Glints2/dict_0000_0121" 6228
"/Engine/EngineMaterials/Substrate/Glints2/dict_0000_0129" 6229
"/Engine/EngineMaterials/Substrate/Glints2/dict_0000_0128" 6230
"../../../Engine/Content/EngineMaterials/Substrate/Glints2/dict_0000_0125.uasset" 6231
"/Engine/EngineMaterials/Substrate/Glints2/dict_0000_0130" 6232
"../../../Engine/Content/EngineMaterials/Substrate/Glints2/dict_0000_0131.uasset" 6233
"../../../Engine/Content/EngineMaterials/Substrate/Glints2/dict_0000_0132.uasset" 6234
"../../../Engine/Content/EngineMaterials/Substrate/Glints2/dict_0000_0133.uasset" 6235
"../../../Engine/Content/EngineMaterials/Substrate/Glints2/dict_0000_0134.uasset" 6236
"../../../Engine/Content/EngineMaterials/Substrate/Glints2/dict_0000_0135.uasset" 6237
"../../../Engine/Content/EngineMaterials/Substrate/Glints2/dict_0000_0136.uasset" 6238
"../../../Engine/Content/EngineMaterials/Substrate/Glints2/dict_0000_0137.uasset" 6239
"../../../Engine/Content/EngineMaterials/Substrate/Glints2/dict_0000_0140.uasset" 6240
"../../../Engine/Content/EngineMaterials/Substrate/Glints2/dict_0000_0139.uasset" 6241
"../../../Engine/Content/EngineMaterials/Substrate/Glints2/dict_0000_0138.uasset" 6242
"/Engine/EngineMaterials/Substrate/Glints2/dict_0000_0125" 6243
"../../../Engine/Content/EngineMaterials/Substrate/Glints2/dict_0000_0142.uasset" 6244
"/Engine/EngineMaterials/Substrate/Glints2/dict_0000_0137" 6245
"/Engine/EngineMaterials/Substrate/Glints2/dict_0000_0136" 6246
"/Engine/EngineMaterials/Substrate/Glints2/dict_0000_0135" 6247
"../../../Engine/Content/EngineMaterials/Substrate/Glints2/dict_0000_0141.uasset" 6248
"/Engine/EngineMaterials/Substrate/Glints2/dict_0000_0134" 6249
"../../../Engine/Content/EngineMaterials/Substrate/Glints2/dict_0000_0143.uasset" 6250
"/Engine/EngineMaterials/Substrate/Glints2/dict_0000_0133" 6251
"/Engine/EngineMaterials/Substrate/Glints2/dict_0000_0132" 6252
"/Engine/EngineMaterials/Substrate/Glints2/dict_0000_0131" 6253
"/Engine/EngineMaterials/Substrate/Glints2/dict_0000_0139" 6254
"/Engine/EngineMaterials/Substrate/Glints2/dict_0000_0138" 6255
"/Engine/EngineMaterials/Substrate/Glints2/dict_0000_0142" 6256
"../../../Engine/Content/EngineMaterials/Substrate/Glints2/dict_0000_0144.uasset" 6257
"/Engine/EngineMaterials/Substrate/Glints2/dict_0000_0141" 6258
"/Engine/EngineMaterials/Substrate/Glints2/dict_0000_0140" 6259
"/Engine/EngineMaterials/Substrate/Glints2/dict_0000_0143" 6260
"/Engine/EngineMaterials/Substrate/Glints2/dict_0000_0144" 6261
"../../../Engine/Content/EngineMaterials/Substrate/Glints2/dict_0000_0146.uasset" 6262
"../../../Engine/Content/EngineMaterials/Substrate/Glints2/dict_0000_0147.uasset" 6263
"../../../Engine/Content/EngineMaterials/Substrate/Glints2/dict_0000_0151.uasset" 6264
"../../../Engine/Content/EngineMaterials/Substrate/Glints2/dict_0000_0152.uasset" 6265
"../../../Engine/Content/EngineMaterials/Substrate/Glints2/dict_0000_0150.uasset" 6266
"../../../Engine/Content/EngineMaterials/Substrate/Glints2/dict_0000_0145.uasset" 6267
"../../../Engine/Content/EngineMaterials/Substrate/Glints2/dict_0000_0148.uasset" 6268
"../../../Engine/Content/EngineMaterials/Substrate/Glints2/dict_0000_0149.uasset" 6269
"/Engine/EngineMaterials/Substrate/Glints2/dict_0000_0152" 6270
"/Engine/EngineMaterials/Substrate/Glints2/dict_0000_0151" 6271
"../../../Engine/Content/EngineMaterials/Substrate/Glints2/dict_0000_0153.uasset" 6272
"/Engine/EngineMaterials/Substrate/Glints2/dict_0000_0150" 6273
"/Engine/EngineMaterials/Substrate/Glints2/dict_0000_0149" 6274
"/Engine/EngineMaterials/Substrate/Glints2/dict_0000_0148" 6275
"/Engine/EngineMaterials/Substrate/Glints2/dict_0000_0147" 6276
"/Engine/EngineMaterials/Substrate/Glints2/dict_0000_0146" 6277
"/Engine/EngineMaterials/Substrate/Glints2/dict_0000_0145" 6278
"/Engine/EngineMaterials/Substrate/Glints2/dict_0000_0153" 6279
"../../../Engine/Content/EngineMaterials/Substrate/Glints2/dict_0000_0154.uasset" 6280
"/Engine/EngineMaterials/Substrate/Glints2/dict_0000_0154" 6281
"../../../Engine/Content/EngineMaterials/Substrate/Glints2/dict_0000_0156.uasset" 6282
"../../../Engine/Content/EngineMaterials/Substrate/Glints2/dict_0000_0160.uasset" 6283
"../../../Engine/Content/EngineMaterials/Substrate/Glints2/dict_0000_0155.uasset" 6284
"../../../Engine/Content/EngineMaterials/Substrate/Glints2/dict_0000_0157.uasset" 6285
"../../../Engine/Content/EngineMaterials/Substrate/Glints2/dict_0000_0161.uasset" 6286
"../../../Engine/Content/EngineMaterials/Substrate/Glints2/dict_0000_0159.uasset" 6287
"../../../Engine/Content/EngineMaterials/Substrate/Glints2/dict_0000_0162.uasset" 6288
"/Engine/EngineMaterials/Substrate/Glints2/dict_0000_0157" 6289
"../../../Engine/Content/EngineMaterials/Substrate/Glints2/dict_0000_0106.uasset" 6290
"../../../Engine/Content/EngineMaterials/Substrate/Glints2/dict_0000_0065.uasset" 6291
"../../../Engine/Content/EngineMaterials/Substrate/Glints2/dict_0000_0158.uasset" 6292
"/Engine/EngineMaterials/Substrate/Glints2/dict_0000_0162" 6293
"/Engine/EngineMaterials/Substrate/Glints2/dict_0000_0161" 6294
"/Engine/EngineMaterials/Substrate/Glints2/dict_0000_0156" 6295
"/Engine/EngineMaterials/Substrate/Glints2/dict_0000_0155" 6296
"../../../Engine/Content/EngineMaterials/Substrate/Glints2/dict_0000_0165.uasset" 6297
"/Engine/EngineMaterials/Substrate/Glints2/dict_0000_0160" 6298
"/Engine/EngineMaterials/Substrate/Glints2/dict_0000_0159" 6299
"../../../Engine/Content/EngineMaterials/Substrate/Glints2/dict_0000_0166.uasset" 6300
"/Engine/EngineMaterials/Substrate/Glints2/dict_0000_0158" 6301
"/Engine/EngineMaterials/Substrate/Glints2/dict_0000_0166" 6302
"../../../Engine/Content/EngineMaterials/Substrate/Glints2/dict_0000_0164.uasset" 6303
"/Engine/EngineMaterials/Substrate/Glints2/dict_0000_0165" 6304
"/Engine/EngineMaterials/Substrate/Glints2/dict_0000_0106" 6305
"/Engine/EngineMaterials/Substrate/Glints2/dict_0000_0065" 6306
"../../../Engine/Content/EngineMaterials/Substrate/Glints2/dict_0000_0167.uasset" 6307
"/Engine/EngineMaterials/Substrate/Glints2/dict_0000_0167" 6308
"/Engine/EngineMaterials/Substrate/Glints2/dict_0000_0164" 6309
"../../../Engine/Content/EngineMaterials/Substrate/Glints2/dict_0000_0169.uasset" 6310
"../../../Engine/Content/EngineMaterials/Substrate/Glints2/dict_0000_0171.uasset" 6311
"../../../Engine/Content/EngineMaterials/Substrate/Glints2/dict_0000_0168.uasset" 6312
"../../../Engine/Content/EngineMaterials/Substrate/Glints2/dict_0000_0173.uasset" 6313
"../../../Engine/Content/EngineMaterials/Substrate/Glints2/dict_0000_0174.uasset" 6314
"../../../Engine/Content/EngineMaterials/Substrate/Glints2/dict_0000_0176.uasset" 6315
"../../../Engine/Content/EngineMaterials/Substrate/Glints2/dict_0000_0178.uasset" 6316
"/Engine/EngineMaterials/Substrate/Glints2/dict_0000_0173" 6317
"../../../Engine/Content/EngineMaterials/Substrate/Glints2/dict_0000_0177.uasset" 6318
"/Engine/EngineMaterials/Substrate/Glints2/dict_0000_0174" 6319
"../../../Engine/Content/EngineMaterials/Substrate/Glints2/dict_0000_0175.uasset" 6320
"/Engine/EngineMaterials/Substrate/Glints2/dict_0000_0178" 6321
"/Engine/EngineMaterials/Substrate/Glints2/dict_0000_0171" 6322
"/Engine/EngineMaterials/Substrate/Glints2/dict_0000_0169" 6323
"/Engine/EngineMaterials/Substrate/Glints2/dict_0000_0176" 6324
"/Engine/EngineMaterials/Substrate/Glints2/dict_0000_0168" 6325
"/Engine/EngineMaterials/Substrate/Glints2/dict_0000_0177" 6326
"/Engine/EngineMaterials/Substrate/Glints2/dict_0000_0175" 6327
"../../../Engine/Content/EngineMaterials/Substrate/Glints2/dict_0000_0181.uasset" 6328
"../../../Engine/Content/EngineMaterials/Substrate/Glints2/dict_0000_0179.uasset" 6329
"../../../Engine/Content/EngineMaterials/Substrate/Glints2/dict_0000_0182.uasset" 6330
"../../../Engine/Content/EngineMaterials/Substrate/Glints2/dict_0000_0183.uasset" 6331
"../../../Engine/Content/EngineMaterials/Substrate/Glints2/dict_0000_0184.uasset" 6332
"../../../Engine/Content/EngineMaterials/Substrate/Glints2/dict_0000_0185.uasset" 6333
"../../../Engine/Content/EngineMaterials/Substrate/Glints2/dict_0000_0187.uasset" 6334
"/Engine/EngineMaterials/Substrate/Glints2/dict_0000_0182" 6335
"/Engine/EngineMaterials/Substrate/Glints2/dict_0000_0181" 6336
"../../../Engine/Content/EngineMaterials/Substrate/Glints2/dict_0000_0188.uasset" 6337
"/Engine/EngineMaterials/Substrate/Glints2/dict_0000_0179" 6338
"/Engine/EngineMaterials/Substrate/Glints2/dict_0000_0185" 6339
"../../../Engine/Content/EngineMaterials/Substrate/Glints2/dict_0000_0172.uasset" 6340
"/Engine/EngineMaterials/Substrate/Glints2/dict_0000_0184" 6341
"../../../Engine/Content/EngineMaterials/Substrate/Glints2/dict_0000_0189.uasset" 6342
"../../../Engine/Content/EngineMaterials/Substrate/Glints2/dict_0000_0190.uasset" 6343
"../../../Engine/Content/EngineMaterials/Substrate/Glints2/dict_0000_0170.uasset" 6344
"/Engine/EngineMaterials/Substrate/Glints2/dict_0000_0183" 6345
"/Engine/EngineMaterials/Substrate/Glints2/dict_0000_0172" 6346
"/Engine/EngineMaterials/Substrate/Glints2/dict_0000_0170" 6347
"/Engine/EngineMaterials/Substrate/Glints2/dict_0000_0190" 6348
"/Engine/EngineMaterials/Substrate/Glints2/dict_0000_0189" 6349
"/Engine/EngineMaterials/Substrate/Glints2/dict_0000_0188" 6350
"/Engine/EngineMaterials/Substrate/Glints2/dict_0000_0187" 6351
"../../../Engine/Content/EngineMaterials/Substrate/Glints2/dict_0000_0191.uasset" 6352
"../../../Engine/Content/EngineMaterials/Substrate/Glints2/dict_0000_0192.uasset" 6353
"../../../Engine/Content/EngineMaterials/Substrate/Glints2/dict_0000_0193.uasset" 6354
"/Engine/EngineMaterials/Substrate/Glints2/dict_0000_0191" 6355
"/Engine/EngineMaterials/Substrate/Glints2/dict_0000_0193" 6356
"/Engine/EngineMaterials/Substrate/Glints2/dict_0000_0192" 6357
"../../../Engine/Content/EngineMaterials/Substrate/Glints2/dict_0000_0200.uasset" 6358
"../../../Engine/Content/EngineMaterials/Substrate/Glints2/dict_0000_0195.uasset" 6359
"../../../Engine/Content/EngineMaterials/Substrate/Glints2/dict_0000_0196.uasset" 6360
"../../../Engine/Content/EngineMaterials/Substrate/Glints2/dict_0000_0194.uasset" 6361
"../../../Engine/Content/EngineMaterials/Substrate/Glints2/dict_0000_0202.uasset" 6362
"../../../Engine/Content/EngineMaterials/Substrate/Glints2/dict_0000_0203.uasset" 6363
"../../../Engine/Content/EngineMaterials/Substrate/Glints2/dict_0000_0204.uasset" 6364
"/Engine/EngineMaterials/Substrate/Glints2/dict_0000_0196" 6365
"/Engine/EngineMaterials/Substrate/Glints2/dict_0000_0204" 6366
"/Engine/EngineMaterials/Substrate/Glints2/dict_0000_0195" 6367
"/Engine/EngineMaterials/Substrate/Glints2/dict_0000_0203" 6368
"/Engine/EngineMaterials/Substrate/Glints2/dict_0000_0202" 6369
"/Engine/EngineMaterials/Substrate/Glints2/dict_0000_0194" 6370
"/Engine/EngineMaterials/Substrate/Glints2/dict_0000_0200" 6371
"../../../Engine/Content/EngineMaterials/Substrate/Glints2/dict_0000_0205.uasset" 6372
"../../../Engine/Content/EngineMaterials/Substrate/Glints2/dict_0000_0197.uasset" 6373
"../../../Engine/Content/EngineMaterials/Substrate/Glints2/dict_0000_0201.uasset" 6374
"../../../Engine/Content/EngineMaterials/Substrate/Glints2/dict_0000_0206.uasset" 6375
"../../../Engine/Content/EngineMaterials/Substrate/Glints2/dict_0000_0207.uasset" 6376
"../../../Engine/Content/EngineMaterials/Substrate/Glints2/dict_0000_0199.uasset" 6377
"/Engine/EngineMaterials/Substrate/Glints2/dict_0000_0205" 6378
"../../../Engine/Content/EngineMaterials/Substrate/Glints2/dict_0000_0208.uasset" 6379
"/Engine/EngineMaterials/Substrate/Glints2/dict_0000_0201" 6380
"../../../Engine/Content/EngineMaterials/Substrate/Glints2/dict_0000_0210.uasset" 6381
"/Engine/EngineMaterials/Substrate/Glints2/dict_0000_0197" 6382
"/Engine/EngineMaterials/Substrate/Glints2/dict_0000_0207" 6383
"../../../Engine/Content/EngineMaterials/Substrate/Glints2/dict_0000_0211.uasset" 6384
"/Engine/EngineMaterials/Substrate/Glints2/dict_0000_0206" 6385
"/Engine/EngineMaterials/Substrate/Glints2/dict_0000_0199" 6386
"/Engine/EngineMaterials/Substrate/Glints2/dict_0000_0211" 6387
"/Engine/EngineMaterials/Substrate/Glints2/dict_0000_0210" 6388
"/Engine/EngineMaterials/Substrate/Glints2/dict_0000_0208" 6389
"../../../Engine/Content/EngineMaterials/Substrate/Glints2/dict_0000_0214.uasset" 6390
"../../../Engine/Content/EngineMaterials/Substrate/Glints2/dict_0000_0215.uasset" 6391
"../../../Engine/Content/EngineMaterials/Substrate/Glints2/dict_0000_0216.uasset" 6392
"../../../Engine/Content/EngineMaterials/Substrate/Glints2/dict_0000_0213.uasset" 6393
"../../../Engine/Content/EngineMaterials/Substrate/Glints2/dict_0000_0163.uasset" 6394
"../../../Engine/Content/EngineMaterials/Substrate/Glints2/dict_0000_0180.uasset" 6395
"/Engine/EngineMaterials/Substrate/Glints2/dict_0000_0213" 6396
"../../../Engine/Content/EngineMaterials/Substrate/Glints2/dict_0000_0186.uasset" 6397
"../../../Engine/Content/EngineMaterials/Substrate/Glints2/dict_0000_0212.uasset" 6398
"../../../Engine/Content/EngineMaterials/Substrate/Glints2/dict_0000_0218.uasset" 6399
"../../../Engine/Content/EngineMaterials/Substrate/Glints2/dict_0000_0217.uasset" 6400
"/Engine/EngineMaterials/Substrate/Glints2/dict_0000_0180" 6401
"/Engine/EngineMaterials/Substrate/Glints2/dict_0000_0163" 6402
"/Engine/EngineMaterials/Substrate/Glints2/dict_0000_0216" 6403
"/Engine/EngineMaterials/Substrate/Glints2/dict_0000_0215" 6404
"/Engine/EngineMaterials/Substrate/Glints2/dict_0000_0214" 6405
"../../../Engine/Content/EngineMaterials/Substrate/Glints2/dict_0000_0219.uasset" 6406
"/Engine/EngineMaterials/Substrate/Glints2/dict_0000_0212" 6407
"/Engine/EngineMaterials/Substrate/Glints2/dict_0000_0218" 6408
"/Engine/EngineMaterials/Substrate/Glints2/dict_0000_0217" 6409
"../../../Engine/Content/EngineMaterials/Substrate/Glints2/dict_0000_0221.uasset" 6410
"/Engine/EngineMaterials/Substrate/Glints2/dict_0000_0186" 6411
"../../../Engine/Content/EngineMaterials/Substrate/Glints2/dict_0000_0222.uasset" 6412
"/Engine/EngineMaterials/Substrate/Glints2/dict_0000_0219" 6413
"/Engine/EngineMaterials/Substrate/Glints2/dict_0000_0222" 6414
"/Engine/EngineMaterials/Substrate/Glints2/dict_0000_0221" 6415
"../../../Engine/Content/EngineMaterials/Substrate/Glints2/dict_0000_0226.uasset" 6416
"../../../Engine/Content/EngineMaterials/Substrate/Glints2/dict_0000_0223.uasset" 6417
"../../../Engine/Content/EngineMaterials/Substrate/Glints2/dict_0000_0225.uasset" 6418
"../../../Engine/Content/EngineMaterials/Substrate/Glints2/dict_0000_0224.uasset" 6419
"../../../Engine/Content/EngineMaterials/Substrate/Glints2/dict_0000_0198.uasset" 6420
"../../../Engine/Content/EngineMaterials/Substrate/Glints2/dict_0000_0228.uasset" 6421
"../../../Engine/Content/EngineMaterials/Substrate/Glints2/dict_0000_0227.uasset" 6422
"../../../Engine/Content/EngineMaterials/Substrate/Glints2/dict_0000_0229.uasset" 6423
"/Engine/EngineMaterials/Substrate/Glints2/dict_0000_0229" 6424
"../../../Engine/Content/EngineMaterials/Substrate/Glints2/dict_0000_0231.uasset" 6425
"../../../Engine/Content/EngineMaterials/Substrate/Glints2/dict_0000_0232.uasset" 6426
"../../../Engine/Content/EngineMaterials/Substrate/Glints2/dict_0000_0230.uasset" 6427
"/Engine/EngineMaterials/Substrate/Glints2/dict_0000_0198" 6428
"/Engine/EngineMaterials/Substrate/Glints2/dict_0000_0228" 6429
"../../../Engine/Content/EngineMaterials/Substrate/Glints2/dict_0000_0233.uasset" 6430
"/Engine/EngineMaterials/Substrate/Glints2/dict_0000_0227" 6431
"/Engine/EngineMaterials/Substrate/Glints2/dict_0000_0226" 6432
"/Engine/EngineMaterials/Substrate/Glints2/dict_0000_0225" 6433
"/Engine/EngineMaterials/Substrate/Glints2/dict_0000_0224" 6434
"/Engine/EngineMaterials/Substrate/Glints2/dict_0000_0223" 6435
"../../../Engine/Content/EngineMaterials/Substrate/Glints2/dict_0000_0236.uasset" 6436
"/Engine/EngineMaterials/Substrate/Glints2/dict_0000_0233" 6437
"../../../Engine/Content/EngineMaterials/Substrate/Glints2/dict_0000_0235.uasset" 6438
"/Engine/EngineMaterials/Substrate/Glints2/dict_0000_0232" 6439
"/Engine/EngineMaterials/Substrate/Glints2/dict_0000_0231" 6440
"/Engine/EngineMaterials/Substrate/Glints2/dict_0000_0236" 6441
"/Engine/EngineMaterials/Substrate/Glints2/dict_0000_0230" 6442
"/Engine/EngineMaterials/Substrate/Glints2/dict_0000_0235" 6443
"../../../Engine/Content/EngineMaterials/Substrate/Glints2/dict_0000_0237.uasset" 6444
"../../../Engine/Content/EngineMaterials/Substrate/Glints2/dict_0000_0239.uasset" 6445
"../../../Engine/Content/EngineMaterials/Substrate/Glints2/dict_0000_0238.uasset" 6446
"../../../Engine/Content/EngineMaterials/Substrate/Glints2/dict_0000_0209.uasset" 6447
"/Engine/EngineMaterials/Substrate/Glints2/dict_0000_0238" 6448
"/Engine/EngineMaterials/Substrate/Glints2/dict_0000_0239" 6449
"/Engine/EngineMaterials/Substrate/Glints2/dict_0000_0237" 6450
"/Engine/EngineMaterials/Substrate/Glints2/dict_0000_0209" 6451
"../../../Engine/Content/EngineMaterials/Substrate/Glints2/dict_0000_0241.uasset" 6452
"../../../Engine/Content/EngineMaterials/Substrate/Glints2/dict_0000_0240.uasset" 6453
"../../../Engine/Content/EngineMaterials/Substrate/Glints2/dict_0000_0242.uasset" 6454
"../../../Engine/Content/EngineMaterials/Substrate/Glints2/dict_0000_0243.uasset" 6455
"../../../Engine/Content/EngineMaterials/Substrate/Glints2/dict_0000_0245.uasset" 6456
"../../../Engine/Content/EngineMaterials/Substrate/Glints2/dict_0000_0244.uasset" 6457
"../../../Engine/Content/EngineMaterials/Substrate/Glints2/dict_0000_0247.uasset" 6458
"../../../Engine/Content/EngineMaterials/Substrate/Glints2/dict_0000_0246.uasset" 6459
"/Engine/EngineMaterials/Substrate/Glints2/dict_0000_0244" 6460
"/Engine/EngineMaterials/Substrate/Glints2/dict_0000_0243" 6461
"/Engine/EngineMaterials/Substrate/Glints2/dict_0000_0247" 6462
"../../../Engine/Content/EngineMaterials/Substrate/Glints2/dict_0000_0248.uasset" 6463
"/Engine/EngineMaterials/Substrate/Glints2/dict_0000_0242" 6464
"../../../Engine/Content/EngineMaterials/Substrate/Glints2/dict_0000_0250.uasset" 6465
"/Engine/EngineMaterials/Substrate/Glints2/dict_0000_0246" 6466
"../../../Engine/Content/EngineMaterials/Substrate/Glints2/dict_0000_0251.uasset" 6467
"../../../Engine/Content/EngineMaterials/Substrate/Glints2/dict_0000_0249.uasset" 6468
"/Engine/EngineMaterials/Substrate/Glints2/dict_0000_0241" 6469
"/Engine/EngineMaterials/Substrate/Glints2/dict_0000_0240" 6470
"/Engine/EngineMaterials/Substrate/Glints2/dict_0000_0245" 6471
"/Engine/EngineMaterials/Substrate/Glints2/dict_0000_0251" 6472
"/Engine/EngineMaterials/Substrate/Glints2/dict_0000_0248" 6473
"/Engine/EngineMaterials/Substrate/Glints2/dict_0000_0250" 6474
"/Engine/EngineMaterials/Substrate/Glints2/dict_0000_0249" 6475
"../../../Engine/Content/EngineMaterials/Substrate/Glints2/dict_0000_0252.uasset" 6476
"../../../Engine/Content/EngineMaterials/Substrate/Glints2/dict_0000_0253.uasset" 6477
"../../../Engine/Content/EngineMaterials/Substrate/Glints2/dict_0000_0255.uasset" 6478
"../../../Engine/Content/EngineMaterials/Substrate/Glints2/dict_0000_0254.uasset" 6479
"../../../Engine/Content/EngineMaterials/Substrate/Glints2/dict_0000_0234.uasset" 6480
"../../../Engine/Content/EngineMaterials/Substrate/Glints2/dict_0001_0001.uasset" 6481
"../../../Engine/Content/EngineMaterials/Substrate/Glints2/dict_0001_0002.uasset" 6482
"../../../Engine/Content/EngineMaterials/Substrate/Glints2/dict_0001_0003.uasset" 6483
"../../../Engine/Content/EngineMaterials/Substrate/Glints2/dict_0001_0000.uasset" 6484
"../../../Engine/Content/EngineMaterials/Substrate/Glints2/dict_0000_0220.uasset" 6485
"/Engine/EngineMaterials/Substrate/Glints2/dict_0001_0003" 6486
"/Engine/EngineMaterials/Substrate/Glints2/dict_0001_0002" 6487
"/Engine/EngineMaterials/Substrate/Glints2/dict_0001_0001" 6488
"/Engine/EngineMaterials/Substrate/Glints2/dict_0001_0000" 6489
"../../../Engine/Content/EngineMaterials/Substrate/Glints2/dict_0001_0004.uasset" 6490
"/Engine/EngineMaterials/Substrate/Glints2/dict_0000_0255" 6491
"/Engine/EngineMaterials/Substrate/Glints2/dict_0000_0254" 6492
"../../../Engine/Content/EngineMaterials/Substrate/Glints2/dict_0001_0007.uasset" 6493
"../../../Engine/Content/EngineMaterials/Substrate/Glints2/dict_0001_0005.uasset" 6494
"../../../Engine/Content/EngineMaterials/Substrate/Glints2/dict_0001_0006.uasset" 6495
"/Engine/EngineMaterials/Substrate/Glints2/dict_0000_0253" 6496
"../../../Engine/Content/EngineMaterials/Substrate/Glints2/dict_0001_0009.uasset" 6497
"/Engine/EngineMaterials/Substrate/Glints2/dict_0000_0234" 6498
"/Engine/EngineMaterials/Substrate/Glints2/dict_0000_0252" 6499
"/Engine/EngineMaterials/Substrate/Glints2/dict_0001_0009" 6500
"/Engine/EngineMaterials/Substrate/Glints2/dict_0001_0007" 6501
"../../../Engine/Content/EngineMaterials/Substrate/Glints2/dict_0001_0010.uasset" 6502
"/Engine/EngineMaterials/Substrate/Glints2/dict_0001_0006" 6503
"../../../Engine/Content/EngineMaterials/Substrate/Glints2/dict_0001_0011.uasset" 6504
"/Engine/EngineMaterials/Substrate/Glints2/dict_0000_0220" 6505
"/Engine/EngineMaterials/Substrate/Glints2/dict_0001_0005" 6506
"/Engine/EngineMaterials/Substrate/Glints2/dict_0001_0004" 6507
"/Engine/EngineMaterials/Substrate/Glints2/dict_0001_0011" 6508
"/Engine/EngineMaterials/Substrate/Glints2/dict_0001_0010" 6509
"../../../Engine/Content/EngineMaterials/Substrate/Glints2/dict_0001_0012.uasset" 6510
"../../../Engine/Content/EngineMaterials/Substrate/Glints2/dict_0001_0017.uasset" 6511
"../../../Engine/Content/EngineMaterials/Substrate/Glints2/dict_0001_0015.uasset" 6512
"../../../Engine/Content/EngineMaterials/Substrate/Glints2/dict_0001_0016.uasset" 6513
"../../../Engine/Content/EngineMaterials/Substrate/Glints2/dict_0001_0014.uasset" 6514
"../../../Engine/Content/EngineMaterials/Substrate/Glints2/dict_0001_0019.uasset" 6515
"../../../Engine/Content/EngineMaterials/Substrate/Glints2/dict_0001_0020.uasset" 6516
"../../../Engine/Content/EngineMaterials/Substrate/Glints2/dict_0001_0018.uasset" 6517
"../../../Engine/Content/EngineMaterials/Substrate/Glints2/dict_0001_0022.uasset" 6518
"../../../Engine/Content/EngineMaterials/Substrate/Glints2/dict_0001_0025.uasset" 6519
"../../../Engine/Content/EngineMaterials/Substrate/Glints2/dict_0001_0024.uasset" 6520
"/Engine/EngineMaterials/Substrate/Glints2/dict_0001_0025" 6521
"../../../Engine/Content/EngineMaterials/Substrate/Glints2/dict_0001_0023.uasset" 6522
"../../../Engine/Content/EngineMaterials/Substrate/Glints2/dict_0001_0027.uasset" 6523
"/Engine/EngineMaterials/Substrate/Glints2/dict_0001_0024" 6524
"../../../Engine/Content/EngineMaterials/Substrate/Glints2/dict_0001_0021.uasset" 6525
"../../../Engine/Content/EngineMaterials/Substrate/Glints2/dict_0001_0028.uasset" 6526
"/Engine/EngineMaterials/Substrate/Glints2/dict_0001_0020" 6527
"../../../Engine/Content/EngineMaterials/Substrate/Glints2/dict_0001_0008.uasset" 6528
"../../../Engine/Content/EngineMaterials/Substrate/Glints2/dict_0001_0013.uasset" 6529
"/Engine/EngineMaterials/Substrate/Glints2/dict_0001_0019" 6530
"/Engine/EngineMaterials/Substrate/Glints2/dict_0001_0022" 6531
"/Engine/EngineMaterials/Substrate/Glints2/dict_0001_0018" 6532
"/Engine/EngineMaterials/Substrate/Glints2/dict_0001_0017" 6533
"/Engine/EngineMaterials/Substrate/Glints2/dict_0001_0016" 6534
"/Engine/EngineMaterials/Substrate/Glints2/dict_0001_0015" 6535
"/Engine/EngineMaterials/Substrate/Glints2/dict_0001_0012" 6536
"/Engine/EngineMaterials/Substrate/Glints2/dict_0001_0014" 6537
"/Engine/EngineMaterials/Substrate/Glints2/dict_0001_0021" 6538
"/Engine/EngineMaterials/Substrate/Glints2/dict_0001_0023" 6539
"/Engine/EngineMaterials/Substrate/Glints2/dict_0001_0013" 6540
"/Engine/EngineMaterials/Substrate/Glints2/dict_0001_0028" 6541
"/Engine/EngineMaterials/Substrate/Glints2/dict_0001_0027" 6542
"/Engine/EngineMaterials/Substrate/Glints2/dict_0001_0008" 6543
"../../../Engine/Content/EngineMaterials/Substrate/Glints2/dict_0001_0029.uasset" 6544
"../../../Engine/Content/EngineMaterials/Substrate/Glints2/dict_0001_0026.uasset" 6545
"/Engine/EngineMaterials/Substrate/Glints2/dict_0001_0029" 6546
"/Engine/EngineMaterials/Substrate/Glints2/dict_0001_0026" 6547
"../../../Engine/Content/EngineMaterials/Substrate/Glints2/dict_0001_0035.uasset" 6548
"../../../Engine/Content/EngineMaterials/Substrate/Glints2/dict_0001_0031.uasset" 6549
"../../../Engine/Content/EngineMaterials/Substrate/Glints2/dict_0001_0032.uasset" 6550
"../../../Engine/Content/EngineMaterials/Substrate/Glints2/dict_0001_0037.uasset" 6551
"../../../Engine/Content/EngineMaterials/Substrate/Glints2/dict_0001_0039.uasset" 6552
"../../../Engine/Content/EngineMaterials/Substrate/Glints2/dict_0001_0042.uasset" 6553
"../../../Engine/Content/EngineMaterials/Substrate/Glints2/dict_0001_0030.uasset" 6554
"../../../Engine/Content/EngineMaterials/Substrate/Glints2/dict_0001_0041.uasset" 6555
"../../../Engine/Content/EngineMaterials/Substrate/Glints2/dict_0001_0038.uasset" 6556
"../../../Engine/Content/EngineMaterials/Substrate/Glints2/dict_0001_0043.uasset" 6557
"../../../Engine/Content/EngineMaterials/Substrate/Glints2/dict_0001_0036.uasset" 6558
"/Engine/EngineMaterials/Substrate/Glints2/dict_0001_0032" 6559
"/Engine/EngineMaterials/Substrate/Glints2/dict_0001_0031" 6560
"/Engine/EngineMaterials/Substrate/Glints2/dict_0001_0030" 6561
"/Engine/EngineMaterials/Substrate/Glints2/dict_0001_0039" 6562
"/Engine/EngineMaterials/Substrate/Glints2/dict_0001_0043" 6563
"/Engine/EngineMaterials/Substrate/Glints2/dict_0001_0038" 6564
"/Engine/EngineMaterials/Substrate/Glints2/dict_0001_0037" 6565
"/Engine/EngineMaterials/Substrate/Glints2/dict_0001_0042" 6566
"/Engine/EngineMaterials/Substrate/Glints2/dict_0001_0041" 6567
"/Engine/EngineMaterials/Substrate/Glints2/dict_0001_0036" 6568
"../../../Engine/Content/EngineMaterials/Substrate/Glints2/dict_0001_0034.uasset" 6569
"/Engine/EngineMaterials/Substrate/Glints2/dict_0001_0035" 6570
"/Engine/EngineMaterials/Substrate/Glints2/dict_0001_0034" 6571
"../../../Engine/Content/EngineMaterials/Substrate/Glints2/dict_0001_0046.uasset" 6572
"../../../Engine/Content/EngineMaterials/Substrate/Glints2/dict_0001_0044.uasset" 6573
"../../../Engine/Content/EngineMaterials/Substrate/Glints2/dict_0001_0047.uasset" 6574
"../../../Engine/Content/EngineMaterials/Substrate/Glints2/dict_0001_0040.uasset" 6575
"../../../Engine/Content/EngineMaterials/Substrate/Glints2/dict_0001_0051.uasset" 6576
"../../../Engine/Content/EngineMaterials/Substrate/Glints2/dict_0001_0033.uasset" 6577
"../../../Engine/Content/EngineMaterials/Substrate/Glints2/dict_0001_0048.uasset" 6578
"/Engine/EngineMaterials/Substrate/Glints2/dict_0001_0033" 6579
"../../../Engine/Content/EngineMaterials/Substrate/Glints2/dict_0001_0045.uasset" 6580
"../../../Engine/Content/EngineMaterials/Substrate/Glints2/dict_0001_0052.uasset" 6581
"/Engine/EngineMaterials/Substrate/Glints2/dict_0001_0040" 6582
"/Engine/EngineMaterials/Substrate/Glints2/dict_0001_0051" 6583
"/Engine/EngineMaterials/Substrate/Glints2/dict_0001_0048" 6584
"../../../Engine/Content/EngineMaterials/Substrate/Glints2/dict_0001_0050.uasset" 6585
"../../../Engine/Content/EngineMaterials/Substrate/Glints2/dict_0001_0054.uasset" 6586
"/Engine/EngineMaterials/Substrate/Glints2/dict_0001_0047" 6587
"/Engine/EngineMaterials/Substrate/Glints2/dict_0001_0046" 6588
"/Engine/EngineMaterials/Substrate/Glints2/dict_0001_0044" 6589
"/Engine/EngineMaterials/Substrate/Glints2/dict_0001_0052" 6590
"/Engine/EngineMaterials/Substrate/Glints2/dict_0001_0050" 6591
"/Engine/EngineMaterials/Substrate/Glints2/dict_0001_0054" 6592
"../../../Engine/Content/EngineMaterials/Substrate/Glints2/dict_0001_0053.uasset" 6593
"/Engine/EngineMaterials/Substrate/Glints2/dict_0001_0045" 6594
"../../../Engine/Content/EngineMaterials/Substrate/Glints2/dict_0001_0057.uasset" 6595
"../../../Engine/Content/EngineMaterials/Substrate/Glints2/dict_0001_0049.uasset" 6596
"/Engine/EngineMaterials/Substrate/Glints2/dict_0001_0053" 6597
"/Engine/EngineMaterials/Substrate/Glints2/dict_0001_0057" 6598
"/Engine/EngineMaterials/Substrate/Glints2/dict_0001_0049" 6599
"../../../Engine/Content/EngineMaterials/Substrate/Glints2/dict_0001_0055.uasset" 6600
"../../../Engine/Content/EngineMaterials/Substrate/Glints2/dict_0001_0058.uasset" 6601
"../../../Engine/Content/EngineMaterials/Substrate/Glints2/dict_0001_0060.uasset" 6602
"../../../Engine/Content/EngineMaterials/Substrate/Glints2/dict_0001_0059.uasset" 6603
"../../../Engine/Content/EngineMaterials/Substrate/Glints2/dict_0001_0062.uasset" 6604
"../../../Engine/Content/EngineMaterials/Substrate/Glints2/dict_0001_0063.uasset" 6605
"../../../Engine/Content/EngineMaterials/Substrate/Glints2/dict_0001_0061.uasset" 6606
"../../../Engine/Content/EngineMaterials/Substrate/Glints2/dict_0001_0056.uasset" 6607
"../../../Engine/Content/EngineMaterials/Substrate/Glints2/dict_0001_0068.uasset" 6608
"../../../Engine/Content/EngineMaterials/Substrate/Glints2/dict_0001_0069.uasset" 6609
"../../../Engine/Content/EngineMaterials/Substrate/Glints2/dict_0001_0064.uasset" 6610
"../../../Engine/Content/EngineMaterials/Substrate/Glints2/dict_0001_0065.uasset" 6611
"../../../Engine/Content/EngineMaterials/Substrate/Glints2/dict_0001_0070.uasset" 6612
"../../../Engine/Content/EngineMaterials/Substrate/Glints2/dict_0001_0066.uasset" 6613
"/Engine/EngineMaterials/Substrate/Glints2/dict_0001_0059" 6614
"/Engine/EngineMaterials/Substrate/Glints2/dict_0001_0058" 6615
"../../../Engine/Content/EngineMaterials/Substrate/Glints2/dict_0001_0067.uasset" 6616
"/Engine/EngineMaterials/Substrate/Glints2/dict_0001_0070" 6617
"/Engine/EngineMaterials/Substrate/Glints2/dict_0001_0061" 6618
"../../../Engine/Content/EngineMaterials/Substrate/Glints2/dict_0001_0071.uasset" 6619
"/Engine/EngineMaterials/Substrate/Glints2/dict_0001_0056" 6620
"/Engine/EngineMaterials/Substrate/Glints2/dict_0001_0055" 6621
"/Engine/EngineMaterials/Substrate/Glints2/dict_0001_0069" 6622
"/Engine/EngineMaterials/Substrate/Glints2/dict_0001_0060" 6623
"../../../Engine/Content/EngineMaterials/Substrate/Glints2/dict_0001_0073.uasset" 6624
"../../../Engine/Content/EngineMaterials/Substrate/Glints2/dict_0001_0076.uasset" 6625
"/Engine/EngineMaterials/Substrate/Glints2/dict_0001_0068" 6626
"/Engine/EngineMaterials/Substrate/Glints2/dict_0001_0064" 6627
"/Engine/EngineMaterials/Substrate/Glints2/dict_0001_0063" 6628
"/Engine/EngineMaterials/Substrate/Glints2/dict_0001_0062" 6629
"/Engine/EngineMaterials/Substrate/Glints2/dict_0001_0073" 6630
"../../../Engine/Content/EngineMaterials/Substrate/Glints2/dict_0001_0074.uasset" 6631
"../../../Engine/Content/EngineMaterials/Substrate/Glints2/dict_0001_0075.uasset" 6632
"/Engine/EngineMaterials/Substrate/Glints2/dict_0001_0071" 6633
"/Engine/EngineMaterials/Substrate/Glints2/dict_0001_0076" 6634
"/Engine/EngineMaterials/Substrate/Glints2/dict_0001_0067" 6635
"/Engine/EngineMaterials/Substrate/Glints2/dict_0001_0066" 6636
"../../../Engine/Content/EngineMaterials/Substrate/Glints2/dict_0001_0077.uasset" 6637
"/Engine/EngineMaterials/Substrate/Glints2/dict_0001_0065" 6638
"/Engine/EngineMaterials/Substrate/Glints2/dict_0001_0077" 6639
"/Engine/EngineMaterials/Substrate/Glints2/dict_0001_0075" 6640
"/Engine/EngineMaterials/Substrate/Glints2/dict_0001_0074" 6641
"../../../Engine/Content/EngineMaterials/Substrate/Glints2/dict_0001_0072.uasset" 6642
"../../../Engine/Content/EngineMaterials/Substrate/Glints2/dict_0001_0080.uasset" 6643
"../../../Engine/Content/EngineMaterials/Substrate/Glints2/dict_0001_0082.uasset" 6644
"../../../Engine/Content/EngineMaterials/Substrate/Glints2/dict_0001_0081.uasset" 6645
"../../../Engine/Content/EngineMaterials/Substrate/Glints2/dict_0001_0079.uasset" 6646
"../../../Engine/Content/EngineMaterials/Substrate/Glints2/dict_0001_0078.uasset" 6647
"../../../Engine/Content/EngineMaterials/Substrate/Glints2/dict_0001_0084.uasset" 6648
"../../../Engine/Content/EngineMaterials/Substrate/Glints2/dict_0001_0086.uasset" 6649
"/Engine/EngineMaterials/Substrate/Glints2/dict_0001_0080" 6650
"../../../Engine/Content/EngineMaterials/Substrate/Glints2/dict_0001_0083.uasset" 6651
"../../../Engine/Content/EngineMaterials/Substrate/Glints2/dict_0001_0085.uasset" 6652
"../../../Engine/Content/EngineMaterials/Substrate/Glints2/dict_0001_0090.uasset" 6653
"../../../Engine/Content/EngineMaterials/Substrate/Glints2/dict_0001_0087.uasset" 6654
"../../../Engine/Content/EngineMaterials/Substrate/Glints2/dict_0001_0088.uasset" 6655
"/Engine/EngineMaterials/Substrate/Glints2/dict_0001_0079" 6656
"/Engine/EngineMaterials/Substrate/Glints2/dict_0001_0084" 6657
"/Engine/EngineMaterials/Substrate/Glints2/dict_0001_0072" 6658
"/Engine/EngineMaterials/Substrate/Glints2/dict_0001_0078" 6659
"../../../Engine/Content/EngineMaterials/Substrate/Glints2/dict_0001_0089.uasset" 6660
"/Engine/EngineMaterials/Substrate/Glints2/dict_0001_0086" 6661
"/Engine/EngineMaterials/Substrate/Glints2/dict_0001_0082" 6662
"/Engine/EngineMaterials/Substrate/Glints2/dict_0001_0081" 6663
"/Engine/EngineMaterials/Substrate/Glints2/dict_0001_0087" 6664
"/Engine/EngineMaterials/Substrate/Glints2/dict_0001_0083" 6665
"/Engine/EngineMaterials/Substrate/Glints2/dict_0001_0085" 6666
"/Engine/EngineMaterials/Substrate/Glints2/dict_0001_0090" 6667
"/Engine/EngineMaterials/Substrate/Glints2/dict_0001_0089" 6668
"/Engine/EngineMaterials/Substrate/Glints2/dict_0001_0088" 6669
"../../../Engine/Content/EngineMaterials/Substrate/Glints2/dict_0001_0092.uasset" 6670
"../../../Engine/Content/EngineMaterials/Substrate/Glints2/dict_0001_0091.uasset" 6671
"../../../Engine/Content/EngineMaterials/Substrate/Glints2/dict_0001_0099.uasset" 6672
"../../../Engine/Content/EngineMaterials/Substrate/Glints2/dict_0001_0097.uasset" 6673
"../../../Engine/Content/EngineMaterials/Substrate/Glints2/dict_0001_0095.uasset" 6674
"../../../Engine/Content/EngineMaterials/Substrate/Glints2/dict_0001_0096.uasset" 6675
"../../../Engine/Content/EngineMaterials/Substrate/Glints2/dict_0001_0100.uasset" 6676
"../../../Engine/Content/EngineMaterials/Substrate/Glints2/dict_0001_0094.uasset" 6677
"../../../Engine/Content/EngineMaterials/Substrate/Glints2/dict_0001_0093.uasset" 6678
"/Engine/EngineMaterials/Substrate/Glints2/dict_0001_0099" 6679
"../../../Engine/Content/EngineMaterials/Substrate/Glints2/dict_0001_0098.uasset" 6680
"../../../Engine/Content/EngineMaterials/Substrate/Glints2/dict_0001_0101.uasset" 6681
"/Engine/EngineMaterials/Substrate/Glints2/dict_0001_0097" 6682
"../../../Engine/Content/EngineMaterials/Substrate/Glints2/dict_0001_0102.uasset" 6683
"../../../Engine/Content/EngineMaterials/Substrate/Glints2/dict_0001_0106.uasset" 6684
"../../../Engine/Content/EngineMaterials/Substrate/Glints2/dict_0001_0108.uasset" 6685
"/Engine/EngineMaterials/Substrate/Glints2/dict_0001_0096" 6686
"../../../Engine/Content/EngineMaterials/Substrate/Glints2/dict_0001_0105.uasset" 6687
"../../../Engine/Content/EngineMaterials/Substrate/Glints2/dict_0001_0103.uasset" 6688
"../../../Engine/Content/EngineMaterials/Substrate/Glints2/dict_0001_0107.uasset" 6689
"../../../Engine/Content/EngineMaterials/Substrate/Glints2/dict_0001_0104.uasset" 6690
"/Engine/EngineMaterials/Substrate/Glints2/dict_0001_0095" 6691
"/Engine/EngineMaterials/Substrate/Glints2/dict_0001_0094" 6692
"/Engine/EngineMaterials/Substrate/Glints2/dict_0001_0093" 6693
"../../../Engine/Content/EngineMaterials/Substrate/Glints2/dict_0001_0113.uasset" 6694
"../../../Engine/Content/EngineMaterials/Substrate/Glints2/dict_0001_0112.uasset" 6695
"../../../Engine/Content/EngineMaterials/Substrate/Glints2/dict_0001_0111.uasset" 6696
"../../../Engine/Content/EngineMaterials/Substrate/Glints2/dict_0001_0110.uasset" 6697
"/Engine/EngineMaterials/Substrate/Glints2/dict_0001_0092" 6698
"/Engine/EngineMaterials/Substrate/Glints2/dict_0001_0091" 6699
"/Engine/EngineMaterials/Substrate/Glints2/dict_0001_0100" 6700
"/Engine/EngineMaterials/Substrate/Glints2/dict_0001_0105" 6701
"/Engine/EngineMaterials/Substrate/Glints2/dict_0001_0113" 6702
"/Engine/EngineMaterials/Substrate/Glints2/dict_0001_0098" 6703
"/Engine/EngineMaterials/Substrate/Glints2/dict_0001_0112" 6704
"/Engine/EngineMaterials/Substrate/Glints2/dict_0001_0111" 6705
"/Engine/EngineMaterials/Substrate/Glints2/dict_0001_0104" 6706
"/Engine/EngineMaterials/Substrate/Glints2/dict_0001_0110" 6707
"/Engine/EngineMaterials/Substrate/Glints2/dict_0001_0108" 6708
"/Engine/EngineMaterials/Substrate/Glints2/dict_0001_0103" 6709
"/Engine/EngineMaterials/Substrate/Glints2/dict_0001_0107" 6710
"/Engine/EngineMaterials/Substrate/Glints2/dict_0001_0106" 6711
"../../../Engine/Content/EngineMaterials/Substrate/Glints2/dict_0001_0114.uasset" 6712
"/Engine/EngineMaterials/Substrate/Glints2/dict_0001_0102" 6713
"/Engine/EngineMaterials/Substrate/Glints2/dict_0001_0101" 6714
"/Engine/EngineMaterials/Substrate/Glints2/dict_0001_0114" 6715
"../../../Engine/Content/EngineMaterials/Substrate/Glints2/dict_0001_0122.uasset" 6716
"/Engine/EngineMaterials/Substrate/Glints2/dict_0001_0122" 6717
"../../../Engine/Content/EngineMaterials/Substrate/Glints2/dict_0001_0118.uasset" 6718
"/Engine/EngineMaterials/Substrate/Glints2/dict_0001_0118" 6719
"../../../Engine/Content/EngineMaterials/Substrate/Glints2/dict_0001_0115.uasset" 6720
"../../../Engine/Content/EngineMaterials/Substrate/Glints2/dict_0001_0119.uasset" 6721
"/Engine/EngineMaterials/Substrate/Glints2/dict_0001_0115" 6722
"/Engine/EngineMaterials/Substrate/Glints2/dict_0001_0119" 6723
"../../../Engine/Content/EngineMaterials/Substrate/Glints2/dict_0001_0109.uasset" 6724
"/Engine/EngineMaterials/Substrate/Glints2/dict_0001_0109" 6725
"../../../Engine/Content/EngineMaterials/Substrate/Glints2/dict_0001_0117.uasset" 6726
"../../../Engine/Content/EngineMaterials/Substrate/Glints2/dict_0001_0116.uasset" 6727
"/Engine/EngineMaterials/Substrate/Glints2/dict_0001_0117" 6728
"/Engine/EngineMaterials/Substrate/Glints2/dict_0001_0116" 6729
"../../../Engine/Content/EngineMaterials/Substrate/Glints2/dict_0001_0120.uasset" 6730
"/Engine/EngineMaterials/Substrate/Glints2/dict_0001_0120" 6731
"../../../Engine/Content/EngineMaterials/Substrate/Glints2/dict_0001_0123.uasset" 6732
"../../../Engine/Content/EngineMaterials/Substrate/Glints2/dict_0001_0121.uasset" 6733
"../../../Engine/Content/EngineMaterials/Substrate/Glints2/dict_0001_0126.uasset" 6734
"../../../Engine/Content/EngineMaterials/Substrate/Glints2/dict_0001_0124.uasset" 6735
"../../../Engine/Content/EngineMaterials/Substrate/Glints2/dict_0001_0127.uasset" 6736
"../../../Engine/Content/EngineMaterials/Substrate/Glints2/dict_0001_0130.uasset" 6737
"../../../Engine/Content/EngineMaterials/Substrate/Glints2/dict_0001_0125.uasset" 6738
"../../../Engine/Content/EngineMaterials/Substrate/Glints2/dict_0001_0132.uasset" 6739
"/Engine/EngineMaterials/Substrate/Glints2/dict_0001_0130" 6740
"../../../Engine/Content/EngineMaterials/Substrate/Glints2/dict_0001_0129.uasset" 6741
"/Engine/EngineMaterials/Substrate/Glints2/dict_0001_0121" 6742
"/Engine/EngineMaterials/Substrate/Glints2/dict_0001_0127" 6743
"/Engine/EngineMaterials/Substrate/Glints2/dict_0001_0126" 6744
"/Engine/EngineMaterials/Substrate/Glints2/dict_0001_0125" 6745
"/Engine/EngineMaterials/Substrate/Glints2/dict_0001_0124" 6746
"/Engine/EngineMaterials/Substrate/Glints2/dict_0001_0132" 6747
"/Engine/EngineMaterials/Substrate/Glints2/dict_0001_0123" 6748
"/Engine/EngineMaterials/Substrate/Glints2/dict_0001_0129" 6749
"../../../Engine/Content/EngineMaterials/Substrate/Glints2/dict_0001_0137.uasset" 6750
"../../../Engine/Content/EngineMaterials/Substrate/Glints2/dict_0001_0134.uasset" 6751
"../../../Engine/Content/EngineMaterials/Substrate/Glints2/dict_0001_0136.uasset" 6752
"../../../Engine/Content/EngineMaterials/Substrate/Glints2/dict_0001_0139.uasset" 6753
"../../../Engine/Content/EngineMaterials/Substrate/Glints2/dict_0001_0131.uasset" 6754
"../../../Engine/Content/EngineMaterials/Substrate/Glints2/dict_0001_0141.uasset" 6755
"../../../Engine/Content/EngineMaterials/Substrate/Glints2/dict_0001_0140.uasset" 6756
"../../../Engine/Content/EngineMaterials/Substrate/Glints2/dict_0001_0135.uasset" 6757
"/Engine/EngineMaterials/Substrate/Glints2/dict_0001_0131" 6758
"/Engine/EngineMaterials/Substrate/Glints2/dict_0001_0141" 6759
"../../../Engine/Content/EngineMaterials/Substrate/Glints2/dict_0001_0133.uasset" 6760
"../../../Engine/Content/EngineMaterials/Substrate/Glints2/dict_0001_0142.uasset" 6761
"/Engine/EngineMaterials/Substrate/Glints2/dict_0001_0139" 6762
"/Engine/EngineMaterials/Substrate/Glints2/dict_0001_0137" 6763
"/Engine/EngineMaterials/Substrate/Glints2/dict_0001_0136" 6764
"/Engine/EngineMaterials/Substrate/Glints2/dict_0001_0134" 6765
"../../../Engine/Content/EngineMaterials/Substrate/Glints2/dict_0001_0144.uasset" 6766
"../../../Engine/Content/EngineMaterials/Substrate/Glints2/dict_0001_0138.uasset" 6767
"../../../Engine/Content/EngineMaterials/Substrate/Glints2/dict_0001_0143.uasset" 6768
"/Engine/EngineMaterials/Substrate/Glints2/dict_0001_0144" 6769
"/Engine/EngineMaterials/Substrate/Glints2/dict_0001_0143" 6770
"/Engine/EngineMaterials/Substrate/Glints2/dict_0001_0142" 6771
"/Engine/EngineMaterials/Substrate/Glints2/dict_0001_0140" 6772
"/Engine/EngineMaterials/Substrate/Glints2/dict_0001_0138" 6773
"/Engine/EngineMaterials/Substrate/Glints2/dict_0001_0135" 6774
"/Engine/EngineMaterials/Substrate/Glints2/dict_0001_0133" 6775
"../../../Engine/Content/EngineMaterials/Substrate/Glints2/dict_0001_0145.uasset" 6776
"../../../Engine/Content/EngineMaterials/Substrate/Glints2/dict_0001_0146.uasset" 6777
"../../../Engine/Content/EngineMaterials/Substrate/Glints2/dict_0001_0153.uasset" 6778
"../../../Engine/Content/EngineMaterials/Substrate/Glints2/dict_0001_0148.uasset" 6779
"../../../Engine/Content/EngineMaterials/Substrate/Glints2/dict_0001_0149.uasset" 6780
"../../../Engine/Content/EngineMaterials/Substrate/Glints2/dict_0001_0147.uasset" 6781
"../../../Engine/Content/EngineMaterials/Substrate/Glints2/dict_0001_0150.uasset" 6782
"../../../Engine/Content/EngineMaterials/Substrate/Glints2/dict_0001_0152.uasset" 6783
"../../../Engine/Content/EngineMaterials/Substrate/Glints2/dict_0001_0159.uasset" 6784
"../../../Engine/Content/EngineMaterials/Substrate/Glints2/dict_0001_0154.uasset" 6785
"../../../Engine/Content/EngineMaterials/Substrate/Glints2/dict_0001_0158.uasset" 6786
"../../../Engine/Content/EngineMaterials/Substrate/Glints2/dict_0001_0156.uasset" 6787
"/Engine/EngineMaterials/Substrate/Glints2/dict_0001_0152" 6788
"../../../Engine/Content/EngineMaterials/Substrate/Glints2/dict_0001_0151.uasset" 6789
"../../../Engine/Content/EngineMaterials/Substrate/Glints2/dict_0001_0160.uasset" 6790
"/Engine/EngineMaterials/Substrate/Glints2/dict_0001_0149" 6791
"/Engine/EngineMaterials/Substrate/Glints2/dict_0001_0146" 6792
"../../../Engine/Content/EngineMaterials/Substrate/Glints2/dict_0001_0161.uasset" 6793
"../../../Engine/Content/EngineMaterials/Substrate/Glints2/dict_0001_0155.uasset" 6794
"/Engine/EngineMaterials/Substrate/Glints2/dict_0001_0145" 6795
"../../../Engine/Content/EngineMaterials/Substrate/Glints2/dict_0001_0128.uasset" 6796
"/Engine/EngineMaterials/Substrate/Glints2/dict_0001_0153" 6797
"/Engine/EngineMaterials/Substrate/Glints2/dict_0001_0159" 6798
"/Engine/EngineMaterials/Substrate/Glints2/dict_0001_0150" 6799
"/Engine/EngineMaterials/Substrate/Glints2/dict_0001_0158" 6800
"/Engine/EngineMaterials/Substrate/Glints2/dict_0001_0156" 6801
"/Engine/EngineMaterials/Substrate/Glints2/dict_0001_0154" 6802
"/Engine/EngineMaterials/Substrate/Glints2/dict_0001_0148" 6803
"/Engine/EngineMaterials/Substrate/Glints2/dict_0001_0147" 6804
"../../../Engine/Content/EngineMaterials/Substrate/Glints2/dict_0001_0157.uasset" 6805
"/Engine/EngineMaterials/Substrate/Glints2/dict_0001_0161" 6806
"/Engine/EngineMaterials/Substrate/Glints2/dict_0001_0128" 6807
"/Engine/EngineMaterials/Substrate/Glints2/dict_0001_0160" 6808
"/Engine/EngineMaterials/Substrate/Glints2/dict_0001_0155" 6809
"/Engine/EngineMaterials/Substrate/Glints2/dict_0001_0151" 6810
"/Engine/EngineMaterials/Substrate/Glints2/dict_0001_0157" 6811
"../../../Engine/Content/EngineMaterials/Substrate/Glints2/dict_0001_0162.uasset" 6812
"../../../Engine/Content/EngineMaterials/Substrate/Glints2/dict_0001_0168.uasset" 6813
"../../../Engine/Content/EngineMaterials/Substrate/Glints2/dict_0001_0163.uasset" 6814
"../../../Engine/Content/EngineMaterials/Substrate/Glints2/dict_0001_0165.uasset" 6815
"../../../Engine/Content/EngineMaterials/Substrate/Glints2/dict_0001_0166.uasset" 6816
"../../../Engine/Content/EngineMaterials/Substrate/Glints2/dict_0001_0164.uasset" 6817
"../../../Engine/Content/EngineMaterials/Substrate/Glints2/dict_0001_0169.uasset" 6818
"../../../Engine/Content/EngineMaterials/Substrate/Glints2/dict_0001_0167.uasset" 6819
"../../../Engine/Content/EngineMaterials/Substrate/Glints2/dict_0001_0173.uasset" 6820
"../../../Engine/Content/EngineMaterials/Substrate/Glints2/dict_0001_0175.uasset" 6821
"../../../Engine/Content/EngineMaterials/Substrate/Glints2/dict_0001_0178.uasset" 6822
"../../../Engine/Content/EngineMaterials/Substrate/Glints2/dict_0001_0176.uasset" 6823
"/Engine/EngineMaterials/Substrate/Glints2/dict_0001_0168" 6824
"../../../Engine/Content/EngineMaterials/Substrate/Glints2/dict_0001_0177.uasset" 6825
"../../../Engine/Content/EngineMaterials/Substrate/Glints2/dict_0001_0179.uasset" 6826
"/Engine/EngineMaterials/Substrate/Glints2/dict_0001_0175" 6827
"/Engine/EngineMaterials/Substrate/Glints2/dict_0001_0173" 6828
"/Engine/EngineMaterials/Substrate/Glints2/dict_0001_0167" 6829
"/Engine/EngineMaterials/Substrate/Glints2/dict_0001_0166" 6830
"/Engine/EngineMaterials/Substrate/Glints2/dict_0001_0162" 6831
"../../../Engine/Content/EngineMaterials/Substrate/Glints2/dict_0001_0172.uasset" 6832
"../../../Engine/Content/EngineMaterials/Substrate/Glints2/dict_0001_0182.uasset" 6833
"../../../Engine/Content/EngineMaterials/Substrate/Glints2/dict_0001_0180.uasset" 6834
"../../../Engine/Content/EngineMaterials/Substrate/Glints2/dict_0001_0174.uasset" 6835
"../../../Engine/Content/EngineMaterials/Substrate/Glints2/dict_0001_0171.uasset" 6836
"/Engine/EngineMaterials/Substrate/Glints2/dict_0001_0165" 6837
"/Engine/EngineMaterials/Substrate/Glints2/dict_0001_0164" 6838
"/Engine/EngineMaterials/Substrate/Glints2/dict_0001_0163" 6839
"/Engine/EngineMaterials/Substrate/Glints2/dict_0001_0169" 6840
"../../../Engine/Content/EngineMaterials/Substrate/Glints2/dict_0001_0181.uasset" 6841
"/Engine/EngineMaterials/Substrate/Glints2/dict_0001_0178" 6842
"../../../Engine/Content/EngineMaterials/Substrate/Glints2/dict_0001_0185.uasset" 6843
"/Engine/EngineMaterials/Substrate/Glints2/dict_0001_0176" 6844
"../../../Engine/Content/EngineMaterials/Substrate/Glints2/dict_0001_0183.uasset" 6845
"/Engine/EngineMaterials/Substrate/Glints2/dict_0001_0185" 6846
"../../../Engine/Content/EngineMaterials/Substrate/Glints2/dict_0001_0184.uasset" 6847
"/Engine/EngineMaterials/Substrate/Glints2/dict_0001_0174" 6848
"/Engine/EngineMaterials/Substrate/Glints2/dict_0001_0172" 6849
"/Engine/EngineMaterials/Substrate/Glints2/dict_0001_0183" 6850
"/Engine/EngineMaterials/Substrate/Glints2/dict_0001_0182" 6851
"/Engine/EngineMaterials/Substrate/Glints2/dict_0001_0171" 6852
"../../../Engine/Content/EngineMaterials/Substrate/Glints2/dict_0001_0186.uasset" 6853
"../../../Engine/Content/EngineMaterials/Substrate/Glints2/dict_0001_0188.uasset" 6854
"/Engine/EngineMaterials/Substrate/Glints2/dict_0001_0181" 6855
"../../../Engine/Content/EngineMaterials/Substrate/Glints2/dict_0001_0187.uasset" 6856
"/Engine/EngineMaterials/Substrate/Glints2/dict_0001_0180" 6857
"../../../Engine/Content/EngineMaterials/Substrate/Glints2/dict_0001_0190.uasset" 6858
"/Engine/EngineMaterials/Substrate/Glints2/dict_0001_0179" 6859
"../../../Engine/Content/EngineMaterials/Substrate/Glints2/dict_0001_0189.uasset" 6860
"/Engine/EngineMaterials/Substrate/Glints2/dict_0001_0177" 6861
"/Engine/EngineMaterials/Substrate/Glints2/dict_0001_0187" 6862
"/Engine/EngineMaterials/Substrate/Glints2/dict_0001_0186" 6863
"/Engine/EngineMaterials/Substrate/Glints2/dict_0001_0184" 6864
"/Engine/EngineMaterials/Substrate/Glints2/dict_0001_0190" 6865
"/Engine/EngineMaterials/Substrate/Glints2/dict_0001_0189" 6866
"/Engine/EngineMaterials/Substrate/Glints2/dict_0001_0188" 6867
"../../../Engine/Content/EngineMaterials/Substrate/Glints2/dict_0001_0192.uasset" 6868
"../../../Engine/Content/EngineMaterials/Substrate/Glints2/dict_0001_0191.uasset" 6869
"/Engine/EngineMaterials/Substrate/Glints2/dict_0001_0192" 6870
"../../../Engine/Content/EngineMaterials/Substrate/Glints2/dict_0001_0194.uasset" 6871
"/Engine/EngineMaterials/Substrate/Glints2/dict_0001_0191" 6872
"/Engine/EngineMaterials/Substrate/Glints2/dict_0001_0194" 6873
"../../../Engine/Content/EngineMaterials/Substrate/Glints2/dict_0001_0195.uasset" 6874
"../../../Engine/Content/EngineMaterials/Substrate/Glints2/dict_0001_0193.uasset" 6875
"../../../Engine/Content/EngineMaterials/Substrate/Glints2/dict_0001_0197.uasset" 6876
"../../../Engine/Content/EngineMaterials/Substrate/Glints2/dict_0001_0196.uasset" 6877
"../../../Engine/Content/EngineMaterials/Substrate/Glints2/dict_0001_0199.uasset" 6878
"../../../Engine/Content/EngineMaterials/Substrate/Glints2/dict_0001_0198.uasset" 6879
"../../../Engine/Content/EngineMaterials/Substrate/Glints2/dict_0001_0200.uasset" 6880
"../../../Engine/Content/EngineMaterials/Substrate/Glints2/dict_0001_0201.uasset" 6881
"../../../Engine/Content/EngineMaterials/Substrate/Glints2/dict_0001_0202.uasset" 6882
"/Engine/EngineMaterials/Substrate/Glints2/dict_0001_0202" 6883
"../../../Engine/Content/EngineMaterials/Substrate/Glints2/dict_0001_0205.uasset" 6884
"../../../Engine/Content/EngineMaterials/Substrate/Glints2/dict_0001_0203.uasset" 6885
"../../../Engine/Content/EngineMaterials/Substrate/Glints2/dict_0001_0206.uasset" 6886
"/Engine/EngineMaterials/Substrate/Glints2/dict_0001_0201" 6887
"../../../Engine/Content/EngineMaterials/Substrate/Glints2/dict_0001_0170.uasset" 6888
"/Engine/EngineMaterials/Substrate/Glints2/dict_0001_0200" 6889
"/Engine/EngineMaterials/Substrate/Glints2/dict_0001_0199" 6890
"/Engine/EngineMaterials/Substrate/Glints2/dict_0001_0198" 6891
"/Engine/EngineMaterials/Substrate/Glints2/dict_0001_0193" 6892
"/Engine/EngineMaterials/Substrate/Glints2/dict_0001_0197" 6893
"/Engine/EngineMaterials/Substrate/Glints2/dict_0001_0196" 6894
"/Engine/EngineMaterials/Substrate/Glints2/dict_0001_0195" 6895
"/Engine/EngineMaterials/Substrate/Glints2/dict_0001_0205" 6896
"/Engine/EngineMaterials/Substrate/Glints2/dict_0001_0203" 6897
"/Engine/EngineMaterials/Substrate/Glints2/dict_0001_0170" 6898
"/Engine/EngineMaterials/Substrate/Glints2/dict_0001_0206" 6899
"../../../Engine/Content/EngineMaterials/Substrate/Glints2/dict_0001_0204.uasset" 6900
"/Engine/EngineMaterials/Substrate/Glints2/dict_0001_0204" 6901
"../../../Engine/Content/EngineMaterials/Substrate/Glints2/dict_0001_0212.uasset" 6902
"../../../Engine/Content/EngineMaterials/Substrate/Glints2/dict_0001_0208.uasset" 6903
"../../../Engine/Content/EngineMaterials/Substrate/Glints2/dict_0001_0214.uasset" 6904
"/Engine/EngineMaterials/Substrate/Glints2/dict_0001_0212" 6905
"../../../Engine/Content/EngineMaterials/Substrate/Glints2/dict_0001_0213.uasset" 6906
"/Engine/EngineMaterials/Substrate/Glints2/dict_0001_0208" 6907
"../../../Engine/Content/EngineMaterials/Substrate/Glints2/dict_0001_0207.uasset" 6908
"/Engine/EngineMaterials/Substrate/Glints2/dict_0001_0214" 6909
"/Engine/EngineMaterials/Substrate/Glints2/dict_0001_0213" 6910
"../../../Engine/Content/EngineMaterials/Substrate/Glints2/dict_0001_0210.uasset" 6911
"/Engine/EngineMaterials/Substrate/Glints2/dict_0001_0207" 6912
"/Engine/EngineMaterials/Substrate/Glints2/dict_0001_0210" 6913
"../../../Engine/Content/EngineMaterials/Substrate/Glints2/dict_0001_0215.uasset" 6914
"../../../Engine/Content/EngineMaterials/Substrate/Glints2/dict_0001_0216.uasset" 6915
"../../../Engine/Content/EngineMaterials/Substrate/Glints2/dict_0001_0218.uasset" 6916
"../../../Engine/Content/EngineMaterials/Substrate/Glints2/dict_0001_0217.uasset" 6917
"../../../Engine/Content/EngineMaterials/Substrate/Glints2/dict_0001_0220.uasset" 6918
"../../../Engine/Content/EngineMaterials/Substrate/Glints2/dict_0001_0219.uasset" 6919
"../../../Engine/Content/EngineMaterials/Substrate/Glints2/dict_0001_0209.uasset" 6920
"../../../Engine/Content/EngineMaterials/Substrate/Glints2/dict_0001_0211.uasset" 6921
"../../../Engine/Content/EngineMaterials/Substrate/Glints2/dict_0001_0222.uasset" 6922
"../../../Engine/Content/EngineMaterials/Substrate/Glints2/dict_0001_0223.uasset" 6923
"../../../Engine/Content/EngineMaterials/Substrate/Glints2/dict_0001_0228.uasset" 6924
"../../../Engine/Content/EngineMaterials/Substrate/Glints2/dict_0001_0226.uasset" 6925
"../../../Engine/Content/EngineMaterials/Substrate/Glints2/dict_0001_0224.uasset" 6926
"../../../Engine/Content/EngineMaterials/Substrate/Glints2/dict_0001_0225.uasset" 6927
"../../../Engine/Content/EngineMaterials/Substrate/Glints2/dict_0001_0221.uasset" 6928
"/Engine/EngineMaterials/Substrate/Glints2/dict_0001_0221" 6929
"../../../Engine/Content/EngineMaterials/Substrate/Glints2/dict_0001_0227.uasset" 6930
"/Engine/EngineMaterials/Substrate/Glints2/dict_0001_0220" 6931
"/Engine/EngineMaterials/Substrate/Glints2/dict_0001_0215" 6932
"/Engine/EngineMaterials/Substrate/Glints2/dict_0001_0219" 6933
"/Engine/EngineMaterials/Substrate/Glints2/dict_0001_0222" 6934
"/Engine/EngineMaterials/Substrate/Glints2/dict_0001_0224" 6935
"/Engine/EngineMaterials/Substrate/Glints2/dict_0001_0218" 6936
"/Engine/EngineMaterials/Substrate/Glints2/dict_0001_0211" 6937
"/Engine/EngineMaterials/Substrate/Glints2/dict_0001_0209" 6938
"/Engine/EngineMaterials/Substrate/Glints2/dict_0001_0228" 6939
"/Engine/EngineMaterials/Substrate/Glints2/dict_0001_0226" 6940
"/Engine/EngineMaterials/Substrate/Glints2/dict_0001_0217" 6941
"../../../Engine/Content/EngineMaterials/Substrate/Glints2/dict_0001_0231.uasset" 6942
"/Engine/EngineMaterials/Substrate/Glints2/dict_0001_0225" 6943
"/Engine/EngineMaterials/Substrate/Glints2/dict_0001_0223" 6944
"/Engine/EngineMaterials/Substrate/Glints2/dict_0001_0216" 6945
"/Engine/EngineMaterials/Substrate/Glints2/dict_0001_0231" 6946
"/Engine/EngineMaterials/Substrate/Glints2/dict_0001_0227" 6947
"../../../Engine/Content/EngineMaterials/Substrate/Glints2/dict_0001_0234.uasset" 6948
"../../../Engine/Content/EngineMaterials/Substrate/Glints2/dict_0001_0233.uasset" 6949
"../../../Engine/Content/EngineMaterials/Substrate/Glints2/dict_0001_0235.uasset" 6950
"../../../Engine/Content/EngineMaterials/Substrate/Glints2/dict_0001_0236.uasset" 6951
"../../../Engine/Content/EngineMaterials/Substrate/Glints2/dict_0001_0232.uasset" 6952
"../../../Engine/Content/EngineMaterials/Substrate/Glints2/dict_0001_0239.uasset" 6953
"../../../Engine/Content/EngineMaterials/Substrate/Glints2/dict_0001_0241.uasset" 6954
"../../../Engine/Content/EngineMaterials/Substrate/Glints2/dict_0001_0229.uasset" 6955
"../../../Engine/Content/EngineMaterials/Substrate/Glints2/dict_0001_0238.uasset" 6956
"../../../Engine/Content/EngineMaterials/Substrate/Glints2/dict_0001_0240.uasset" 6957
"../../../Engine/Content/EngineMaterials/Substrate/Glints2/dict_0001_0237.uasset" 6958
"../../../Engine/Content/EngineMaterials/Substrate/Glints2/dict_0001_0230.uasset" 6959
"../../../Engine/Content/EngineMaterials/Substrate/Glints2/dict_0001_0243.uasset" 6960
"../../../Engine/Content/EngineMaterials/Substrate/Glints2/dict_0001_0244.uasset" 6961
"../../../Engine/Content/EngineMaterials/Substrate/Glints2/dict_0001_0245.uasset" 6962
"../../../Engine/Content/EngineMaterials/Substrate/Glints2/dict_0001_0246.uasset" 6963
"../../../Engine/Content/EngineMaterials/Substrate/Glints2/dict_0001_0242.uasset" 6964
"../../../Engine/Content/EngineMaterials/Substrate/Glints2/dict_0001_0247.uasset" 6965
"../../../Engine/Content/EngineMaterials/Substrate/Glints2/dict_0001_0249.uasset" 6966
"/Engine/EngineMaterials/Substrate/Glints2/dict_0001_0237" 6967
"/Engine/EngineMaterials/Substrate/Glints2/dict_0001_0238" 6968
"/Engine/EngineMaterials/Substrate/Glints2/dict_0001_0243" 6969
"/Engine/EngineMaterials/Substrate/Glints2/dict_0001_0236" 6970
"/Engine/EngineMaterials/Substrate/Glints2/dict_0001_0233" 6971
"/Engine/EngineMaterials/Substrate/Glints2/dict_0001_0242" 6972
"/Engine/EngineMaterials/Substrate/Glints2/dict_0001_0232" 6973
"../../../Engine/Content/EngineMaterials/Substrate/Glints2/dict_0001_0252.uasset" 6974
"/Engine/EngineMaterials/Substrate/Glints2/dict_0001_0240" 6975
"/Engine/EngineMaterials/Substrate/Glints2/dict_0001_0244" 6976
"/Engine/EngineMaterials/Substrate/Glints2/dict_0001_0230" 6977
"/Engine/EngineMaterials/Substrate/Glints2/dict_0001_0229" 6978
"/Engine/EngineMaterials/Substrate/Glints2/dict_0001_0235" 6979
"/Engine/EngineMaterials/Substrate/Glints2/dict_0001_0239" 6980
"/Engine/EngineMaterials/Substrate/Glints2/dict_0001_0241" 6981
"/Engine/EngineMaterials/Substrate/Glints2/dict_0001_0249" 6982
"/Engine/EngineMaterials/Substrate/Glints2/dict_0001_0247" 6983
"/Engine/EngineMaterials/Substrate/Glints2/dict_0001_0234" 6984
"../../../Engine/Content/EngineMaterials/Substrate/Glints2/dict_0001_0254.uasset" 6985
"/Engine/EngineMaterials/Substrate/Glints2/dict_0001_0246" 6986
"/Engine/EngineMaterials/Substrate/Glints2/dict_0001_0245" 6987
"../../../Engine/Content/EngineMaterials/Substrate/Glints2/dict_0002_0000.uasset" 6988
"/Engine/EngineMaterials/Substrate/Glints2/dict_0001_0254" 6989
"/Engine/EngineMaterials/Substrate/Glints2/dict_0001_0252" 6990
"/Engine/EngineMaterials/Substrate/Glints2/dict_0002_0000" 6991
"../../../Engine/Content/EngineMaterials/Substrate/Glints2/dict_0001_0255.uasset" 6992
"../../../Engine/Content/EngineMaterials/Substrate/Glints2/dict_0002_0002.uasset" 6993
"../../../Engine/Content/EngineMaterials/Substrate/Glints2/dict_0002_0003.uasset" 6994
"../../../Engine/Content/EngineMaterials/Substrate/Glints2/dict_0001_0250.uasset" 6995
"../../../Engine/Content/EngineMaterials/Substrate/Glints2/dict_0001_0248.uasset" 6996
"../../../Engine/Content/EngineMaterials/Substrate/Glints2/dict_0001_0253.uasset" 6997
"../../../Engine/Content/EngineMaterials/Substrate/Glints2/dict_0001_0251.uasset" 6998
"../../../Engine/Content/EngineMaterials/Substrate/Glints2/dict_0002_0004.uasset" 6999
"../../../Engine/Content/EngineMaterials/Substrate/Glints2/dict_0002_0006.uasset" 7000
"../../../Engine/Content/EngineMaterials/Substrate/Glints2/dict_0002_0001.uasset" 7001
"../../../Engine/Content/EngineMaterials/Substrate/Glints2/dict_0002_0011.uasset" 7002
"../../../Engine/Content/EngineMaterials/Substrate/Glints2/dict_0002_0005.uasset" 7003
"/Engine/EngineMaterials/Substrate/Glints2/dict_0002_0003" 7004
"/Engine/EngineMaterials/Substrate/Glints2/dict_0002_0002" 7005
"/Engine/EngineMaterials/Substrate/Glints2/dict_0002_0001" 7006
"/Engine/EngineMaterials/Substrate/Glints2/dict_0001_0255" 7007
"/Engine/EngineMaterials/Substrate/Glints2/dict_0002_0005" 7008
"../../../Engine/Content/EngineMaterials/Substrate/Glints2/dict_0002_0013.uasset" 7009
"/Engine/EngineMaterials/Substrate/Glints2/dict_0001_0253" 7010
"/Engine/EngineMaterials/Substrate/Glints2/dict_0001_0251" 7011
"../../../Engine/Content/EngineMaterials/Substrate/Glints2/dict_0002_0007.uasset" 7012
"../../../Engine/Content/EngineMaterials/Substrate/Glints2/dict_0002_0008.uasset" 7013
"../../../Engine/Content/EngineMaterials/Substrate/Glints2/dict_0002_0010.uasset" 7014
"../../../Engine/Content/EngineMaterials/Substrate/Glints2/dict_0002_0009.uasset" 7015
"/Engine/EngineMaterials/Substrate/Glints2/dict_0001_0250" 7016
"/Engine/EngineMaterials/Substrate/Glints2/dict_0002_0004" 7017
"/Engine/EngineMaterials/Substrate/Glints2/dict_0002_0011" 7018
"/Engine/EngineMaterials/Substrate/Glints2/dict_0001_0248" 7019
"/Engine/EngineMaterials/Substrate/Glints2/dict_0002_0006" 7020
"../../../Engine/Content/EngineMaterials/Substrate/Glints2/dict_0002_0014.uasset" 7021
"/Engine/EngineMaterials/Substrate/Glints2/dict_0002_0014" 7022
"../../../Engine/Content/EngineMaterials/Substrate/Glints2/dict_0002_0016.uasset" 7023
"../../../Engine/Content/EngineMaterials/Substrate/Glints2/dict_0002_0017.uasset" 7024
"../../../Engine/Content/EngineMaterials/Substrate/Glints2/dict_0002_0015.uasset" 7025
"../../../Engine/Content/EngineMaterials/Substrate/Glints2/dict_0002_0018.uasset" 7026
"/Engine/EngineMaterials/Substrate/Glints2/dict_0002_0013" 7027
"/Engine/EngineMaterials/Substrate/Glints2/dict_0002_0010" 7028
"/Engine/EngineMaterials/Substrate/Glints2/dict_0002_0009" 7029
"/Engine/EngineMaterials/Substrate/Glints2/dict_0002_0008" 7030
"../../../Engine/Content/EngineMaterials/Substrate/Glints2/dict_0002_0019.uasset" 7031
"../../../Engine/Content/EngineMaterials/Substrate/Glints2/dict_0002_0024.uasset" 7032
"../../../Engine/Content/EngineMaterials/Substrate/Glints2/dict_0002_0020.uasset" 7033
"/Engine/EngineMaterials/Substrate/Glints2/dict_0002_0007" 7034
"/Engine/EngineMaterials/Substrate/Glints2/dict_0002_0024" 7035
"/Engine/EngineMaterials/Substrate/Glints2/dict_0002_0020" 7036
"/Engine/EngineMaterials/Substrate/Glints2/dict_0002_0019" 7037
"/Engine/EngineMaterials/Substrate/Glints2/dict_0002_0018" 7038
"/Engine/EngineMaterials/Substrate/Glints2/dict_0002_0017" 7039
"/Engine/EngineMaterials/Substrate/Glints2/dict_0002_0016" 7040
"/Engine/EngineMaterials/Substrate/Glints2/dict_0002_0015" 7041
"../../../Engine/Content/EngineMaterials/Substrate/Glints2/dict_0002_0025.uasset" 7042
"../../../Engine/Content/EngineMaterials/Substrate/Glints2/dict_0002_0012.uasset" 7043
"../../../Engine/Content/EngineMaterials/Substrate/Glints2/dict_0002_0023.uasset" 7044
"../../../Engine/Content/EngineMaterials/Substrate/Glints2/dict_0002_0021.uasset" 7045
"../../../Engine/Content/EngineMaterials/Substrate/Glints2/dict_0002_0026.uasset" 7046
"../../../Engine/Content/EngineMaterials/Substrate/Glints2/dict_0002_0030.uasset" 7047
"../../../Engine/Content/EngineMaterials/Substrate/Glints2/dict_0002_0028.uasset" 7048
"../../../Engine/Content/EngineMaterials/Substrate/Glints2/dict_0002_0027.uasset" 7049
"../../../Engine/Content/EngineMaterials/Substrate/Glints2/dict_0002_0029.uasset" 7050
"../../../Engine/Content/EngineMaterials/Substrate/Glints2/dict_0002_0036.uasset" 7051
"../../../Engine/Content/EngineMaterials/Substrate/Glints2/dict_0002_0035.uasset" 7052
"../../../Engine/Content/EngineMaterials/Substrate/Glints2/dict_0002_0033.uasset" 7053
"../../../Engine/Content/EngineMaterials/Substrate/Glints2/dict_0002_0037.uasset" 7054
"../../../Engine/Content/EngineMaterials/Substrate/Glints2/dict_0002_0031.uasset" 7055
"../../../Engine/Content/EngineMaterials/Substrate/Glints2/dict_0002_0039.uasset" 7056
"../../../Engine/Content/EngineMaterials/Substrate/Glints2/dict_0002_0040.uasset" 7057
"../../../Engine/Content/EngineMaterials/Substrate/Glints2/dict_0002_0041.uasset" 7058
"../../../Engine/Content/EngineMaterials/Substrate/Glints2/dict_0002_0042.uasset" 7059
"../../../Engine/Content/EngineMaterials/Substrate/Glints2/dict_0002_0043.uasset" 7060
"../../../Engine/Content/EngineMaterials/Substrate/Glints2/dict_0002_0046.uasset" 7061
"../../../Engine/Content/EngineMaterials/Substrate/Glints2/dict_0002_0044.uasset" 7062
"../../../Engine/Content/EngineMaterials/Substrate/Glints2/dict_0002_0045.uasset" 7063
"../../../Engine/Content/EngineMaterials/Substrate/Glints2/dict_0002_0047.uasset" 7064
"/Engine/EngineMaterials/Substrate/Glints2/dict_0002_0023" 7065
"/Engine/EngineMaterials/Substrate/Glints2/dict_0002_0039" 7066
"/Engine/EngineMaterials/Substrate/Glints2/dict_0002_0037" 7067
"../../../Engine/Content/EngineMaterials/Substrate/Glints2/dict_0002_0048.uasset" 7068
"/Engine/EngineMaterials/Substrate/Glints2/dict_0002_0027" 7069
"/Engine/EngineMaterials/Substrate/Glints2/dict_0002_0021" 7070
"/Engine/EngineMaterials/Substrate/Glints2/dict_0002_0036" 7071
"/Engine/EngineMaterials/Substrate/Glints2/dict_0002_0035" 7072
"/Engine/EngineMaterials/Substrate/Glints2/dict_0002_0026" 7073
"/Engine/EngineMaterials/Substrate/Glints2/dict_0002_0025" 7074
"/Engine/EngineMaterials/Substrate/Glints2/dict_0002_0046" 7075
"/Engine/EngineMaterials/Substrate/Glints2/dict_0002_0045" 7076
"/Engine/EngineMaterials/Substrate/Glints2/dict_0002_0044" 7077
"/Engine/EngineMaterials/Substrate/Glints2/dict_0002_0033" 7078
"../../../Engine/Content/EngineMaterials/Substrate/Glints2/dict_0002_0051.uasset" 7079
"/Engine/EngineMaterials/Substrate/Glints2/dict_0002_0012" 7080
"/Engine/EngineMaterials/Substrate/Glints2/dict_0002_0031" 7081
"/Engine/EngineMaterials/Substrate/Glints2/dict_0002_0030" 7082
"/Engine/EngineMaterials/Substrate/Glints2/dict_0002_0043" 7083
"../../../Engine/Content/EngineMaterials/Substrate/Glints2/dict_0002_0050.uasset" 7084
"/Engine/EngineMaterials/Substrate/Glints2/dict_0002_0029" 7085
"/Engine/EngineMaterials/Substrate/Glints2/dict_0002_0042" 7086
"/Engine/EngineMaterials/Substrate/Glints2/dict_0002_0041" 7087
"/Engine/EngineMaterials/Substrate/Glints2/dict_0002_0040" 7088
"/Engine/EngineMaterials/Substrate/Glints2/dict_0002_0028" 7089
"/Engine/EngineMaterials/Substrate/Glints2/dict_0002_0051" 7090
"/Engine/EngineMaterials/Substrate/Glints2/dict_0002_0050" 7091
"/Engine/EngineMaterials/Substrate/Glints2/dict_0002_0048" 7092
"/Engine/EngineMaterials/Substrate/Glints2/dict_0002_0047" 7093
"../../../Engine/Content/EngineMaterials/Substrate/Glints2/dict_0002_0038.uasset" 7094
"../../../Engine/Content/EngineMaterials/Substrate/Glints2/dict_0002_0022.uasset" 7095
"../../../Engine/Content/EngineMaterials/Substrate/Glints2/dict_0002_0034.uasset" 7096
"../../../Engine/Content/EngineMaterials/Substrate/Glints2/dict_0002_0052.uasset" 7097
"../../../Engine/Content/EngineMaterials/Substrate/Glints2/dict_0002_0053.uasset" 7098
"../../../Engine/Content/EngineMaterials/Substrate/Glints2/dict_0002_0054.uasset" 7099
"/Engine/EngineMaterials/Substrate/Glints2/dict_0002_0052" 7100
"../../../Engine/Content/EngineMaterials/Substrate/Glints2/dict_0002_0057.uasset" 7101
"/Engine/EngineMaterials/Substrate/Glints2/dict_0002_0038" 7102
"/Engine/EngineMaterials/Substrate/Glints2/dict_0002_0022" 7103
"../../../Engine/Content/EngineMaterials/Substrate/Glints2/dict_0002_0055.uasset" 7104
"/Engine/EngineMaterials/Substrate/Glints2/dict_0002_0034" 7105
"/Engine/EngineMaterials/Substrate/Glints2/dict_0002_0054" 7106
"../../../Engine/Content/EngineMaterials/Substrate/Glints2/dict_0002_0056.uasset" 7107
"/Engine/EngineMaterials/Substrate/Glints2/dict_0002_0053" 7108
"../../../Engine/Content/EngineMaterials/Substrate/Glints2/dict_0002_0060.uasset" 7109
"../../../Engine/Content/EngineMaterials/Substrate/Glints2/dict_0002_0058.uasset" 7110
"/Engine/EngineMaterials/Substrate/Glints2/dict_0002_0060" 7111
"/Engine/EngineMaterials/Substrate/Glints2/dict_0002_0058" 7112
"/Engine/EngineMaterials/Substrate/Glints2/dict_0002_0057" 7113
"/Engine/EngineMaterials/Substrate/Glints2/dict_0002_0056" 7114
"/Engine/EngineMaterials/Substrate/Glints2/dict_0002_0055" 7115
"../../../Engine/Content/EngineMaterials/Substrate/Glints2/dict_0002_0062.uasset" 7116
"../../../Engine/Content/EngineMaterials/Substrate/Glints2/dict_0002_0061.uasset" 7117
"../../../Engine/Content/EngineMaterials/Substrate/Glints2/dict_0002_0059.uasset" 7118
"../../../Engine/Content/EngineMaterials/Substrate/Glints2/dict_0002_0065.uasset" 7119
"../../../Engine/Content/EngineMaterials/Substrate/Glints2/dict_0002_0032.uasset" 7120
"../../../Engine/Content/EngineMaterials/Substrate/Glints2/dict_0002_0064.uasset" 7121
"../../../Engine/Content/EngineMaterials/Substrate/Glints2/dict_0002_0063.uasset" 7122
"../../../Engine/Content/EngineMaterials/Substrate/Glints2/dict_0002_0068.uasset" 7123
"/Engine/EngineMaterials/Substrate/Glints2/dict_0002_0068" 7124
"/Engine/EngineMaterials/Substrate/Glints2/dict_0002_0065" 7125
"/Engine/EngineMaterials/Substrate/Glints2/dict_0002_0064" 7126
"../../../Engine/Content/EngineMaterials/Substrate/Glints2/dict_0002_0069.uasset" 7127
"../../../Engine/Content/EngineMaterials/Substrate/Glints2/dict_0002_0066.uasset" 7128
"/Engine/EngineMaterials/Substrate/Glints2/dict_0002_0063" 7129
"/Engine/EngineMaterials/Substrate/Glints2/dict_0002_0062" 7130
"/Engine/EngineMaterials/Substrate/Glints2/dict_0002_0061" 7131
"/Engine/EngineMaterials/Substrate/Glints2/dict_0002_0032" 7132
"/Engine/EngineMaterials/Substrate/Glints2/dict_0002_0059" 7133
"/Engine/EngineMaterials/Substrate/Glints2/dict_0002_0069" 7134
"/Engine/EngineMaterials/Substrate/Glints2/dict_0002_0066" 7135
"../../../Engine/Content/EngineMaterials/Substrate/Glints2/dict_0002_0067.uasset" 7136
"../../../Engine/Content/EngineMaterials/Substrate/Glints2/dict_0002_0070.uasset" 7137
"/Engine/EngineMaterials/Substrate/Glints2/dict_0002_0070" 7138
"/Engine/EngineMaterials/Substrate/Glints2/dict_0002_0067" 7139
"../../../Engine/Content/EngineMaterials/Substrate/Glints2/dict_0002_0071.uasset" 7140
"../../../Engine/Content/EngineMaterials/Substrate/Glints2/dict_0002_0076.uasset" 7141
"../../../Engine/Content/EngineMaterials/Substrate/Glints2/dict_0002_0075.uasset" 7142
"../../../Engine/Content/EngineMaterials/Substrate/Glints2/dict_0002_0073.uasset" 7143
"../../../Engine/Content/EngineMaterials/Substrate/Glints2/dict_0002_0074.uasset" 7144
"../../../Engine/Content/EngineMaterials/Substrate/Glints2/dict_0002_0077.uasset" 7145
"/Engine/EngineMaterials/Substrate/Glints2/dict_0002_0074" 7146
"/Engine/EngineMaterials/Substrate/Glints2/dict_0002_0073" 7147
"../../../Engine/Content/EngineMaterials/Substrate/Glints2/dict_0002_0078.uasset" 7148
"/Engine/EngineMaterials/Substrate/Glints2/dict_0002_0071" 7149
"../../../Engine/Content/EngineMaterials/Substrate/Glints2/dict_0002_0072.uasset" 7150
"/Engine/EngineMaterials/Substrate/Glints2/dict_0002_0077" 7151
"/Engine/EngineMaterials/Substrate/Glints2/dict_0002_0076" 7152
"/Engine/EngineMaterials/Substrate/Glints2/dict_0002_0075" 7153
"/Engine/EngineMaterials/Substrate/Glints2/dict_0002_0072" 7154
"/Engine/EngineMaterials/Substrate/Glints2/dict_0002_0078" 7155
"../../../Engine/Content/EngineMaterials/Substrate/Glints2/dict_0002_0049.uasset" 7156
"../../../Engine/Content/EngineMaterials/Substrate/Glints2/dict_0002_0081.uasset" 7157
"../../../Engine/Content/EngineMaterials/Substrate/Glints2/dict_0002_0080.uasset" 7158
"../../../Engine/Content/EngineMaterials/Substrate/Glints2/dict_0002_0082.uasset" 7159
"../../../Engine/Content/EngineMaterials/Substrate/Glints2/dict_0002_0079.uasset" 7160
"/Engine/EngineMaterials/Substrate/Glints2/dict_0002_0082" 7161
"/Engine/EngineMaterials/Substrate/Glints2/dict_0002_0049" 7162
"/Engine/EngineMaterials/Substrate/Glints2/dict_0002_0081" 7163
"/Engine/EngineMaterials/Substrate/Glints2/dict_0002_0080" 7164
"../../../Engine/Content/EngineMaterials/Substrate/Glints2/dict_0002_0084.uasset" 7165
"../../../Engine/Content/EngineMaterials/Substrate/Glints2/dict_0002_0083.uasset" 7166
"../../../Engine/Content/EngineMaterials/Substrate/Glints2/dict_0002_0085.uasset" 7167
"/Engine/EngineMaterials/Substrate/Glints2/dict_0002_0079" 7168
"/Engine/EngineMaterials/Substrate/Glints2/dict_0002_0084" 7169
"/Engine/EngineMaterials/Substrate/Glints2/dict_0002_0083" 7170
"/Engine/EngineMaterials/Substrate/Glints2/dict_0002_0085" 7171
"../../../Engine/Content/EngineMaterials/Substrate/Glints2/dict_0002_0088.uasset" 7172
"../../../Engine/Content/EngineMaterials/Substrate/Glints2/dict_0002_0089.uasset" 7173
"../../../Engine/Content/EngineMaterials/Substrate/Glints2/dict_0002_0091.uasset" 7174
"../../../Engine/Content/EngineMaterials/Substrate/Glints2/dict_0002_0086.uasset" 7175
"../../../Engine/Content/EngineMaterials/Substrate/Glints2/dict_0002_0093.uasset" 7176
"../../../Engine/Content/EngineMaterials/Substrate/Glints2/dict_0002_0090.uasset" 7177
"../../../Engine/Content/EngineMaterials/Substrate/Glints2/dict_0002_0087.uasset" 7178
"/Engine/EngineMaterials/Substrate/Glints2/dict_0002_0093" 7179
"/Engine/EngineMaterials/Substrate/Glints2/dict_0002_0091" 7180
"/Engine/EngineMaterials/Substrate/Glints2/dict_0002_0089" 7181
"/Engine/EngineMaterials/Substrate/Glints2/dict_0002_0090" 7182
"/Engine/EngineMaterials/Substrate/Glints2/dict_0002_0088" 7183
"/Engine/EngineMaterials/Substrate/Glints2/dict_0002_0087" 7184
"/Engine/EngineMaterials/Substrate/Glints2/dict_0002_0086" 7185
"../../../Engine/Content/EngineMaterials/Substrate/Glints2/dict_0002_0095.uasset" 7186
"/Engine/EngineMaterials/Substrate/Glints2/dict_0002_0095" 7187
"../../../Engine/Content/EngineMaterials/Substrate/Glints2/dict_0002_0096.uasset" 7188
"/Engine/EngineMaterials/Substrate/Glints2/dict_0002_0096" 7189
"../../../Engine/Content/EngineMaterials/Substrate/Glints2/dict_0002_0092.uasset" 7190
"../../../Engine/Content/EngineMaterials/Substrate/Glints2/dict_0002_0094.uasset" 7191
"../../../Engine/Content/EngineMaterials/Substrate/Glints2/dict_0002_0098.uasset" 7192
"../../../Engine/Content/EngineMaterials/Substrate/Glints2/dict_0002_0099.uasset" 7193
"../../../Engine/Content/EngineMaterials/Substrate/Glints2/dict_0002_0100.uasset" 7194
"../../../Engine/Content/EngineMaterials/Substrate/Glints2/dict_0002_0103.uasset" 7195
"../../../Engine/Content/EngineMaterials/Substrate/Glints2/dict_0002_0097.uasset" 7196
"../../../Engine/Content/EngineMaterials/Substrate/Glints2/dict_0002_0104.uasset" 7197
"../../../Engine/Content/EngineMaterials/Substrate/Glints2/dict_0002_0105.uasset" 7198
"../../../Engine/Content/EngineMaterials/Substrate/Glints2/dict_0002_0106.uasset" 7199
"../../../Engine/Content/EngineMaterials/Substrate/Glints2/dict_0002_0111.uasset" 7200
"../../../Engine/Content/EngineMaterials/Substrate/Glints2/dict_0002_0110.uasset" 7201
"../../../Engine/Content/EngineMaterials/Substrate/Glints2/dict_0002_0112.uasset" 7202
"/Engine/EngineMaterials/Substrate/Glints2/dict_0002_0106" 7203
"/Engine/EngineMaterials/Substrate/Glints2/dict_0002_0105" 7204
"../../../Engine/Content/EngineMaterials/Substrate/Glints2/dict_0002_0108.uasset" 7205
"../../../Engine/Content/EngineMaterials/Substrate/Glints2/dict_0002_0113.uasset" 7206
"/Engine/EngineMaterials/Substrate/Glints2/dict_0002_0104" 7207
"../../../Engine/Content/EngineMaterials/Substrate/Glints2/dict_0002_0114.uasset" 7208
"/Engine/EngineMaterials/Substrate/Glints2/dict_0002_0099" 7209
"../../../Engine/Content/EngineMaterials/Substrate/Glints2/dict_0002_0101.uasset" 7210
"/Engine/EngineMaterials/Substrate/Glints2/dict_0002_0097" 7211
"/Engine/EngineMaterials/Substrate/Glints2/dict_0002_0100" 7212
"/Engine/EngineMaterials/Substrate/Glints2/dict_0002_0103" 7213
"/Engine/EngineMaterials/Substrate/Glints2/dict_0002_0098" 7214
"/Engine/EngineMaterials/Substrate/Glints2/dict_0002_0094" 7215
"../../../Engine/Content/EngineMaterials/Substrate/Glints2/dict_0002_0109.uasset" 7216
"../../../Engine/Content/EngineMaterials/Substrate/Glints2/dict_0002_0117.uasset" 7217
"../../../Engine/Content/EngineMaterials/Substrate/Glints2/dict_0002_0115.uasset" 7218
"../../../Engine/Content/EngineMaterials/Substrate/Glints2/dict_0002_0116.uasset" 7219
"../../../Engine/Content/EngineMaterials/Substrate/Glints2/dict_0002_0107.uasset" 7220
"../../../Engine/Content/EngineMaterials/Substrate/Glints2/dict_0002_0102.uasset" 7221
"/Engine/EngineMaterials/Substrate/Glints2/dict_0002_0092" 7222
"/Engine/EngineMaterials/Substrate/Glints2/dict_0002_0111" 7223
"/Engine/EngineMaterials/Substrate/Glints2/dict_0002_0110" 7224
"/Engine/EngineMaterials/Substrate/Glints2/dict_0002_0117" 7225
"../../../Engine/Content/EngineMaterials/Substrate/Glints2/dict_0002_0119.uasset" 7226
"/Engine/EngineMaterials/Substrate/Glints2/dict_0002_0107" 7227
"/Engine/EngineMaterials/Substrate/Glints2/dict_0002_0116" 7228
"/Engine/EngineMaterials/Substrate/Glints2/dict_0002_0109" 7229
"/Engine/EngineMaterials/Substrate/Glints2/dict_0002_0114" 7230
"/Engine/EngineMaterials/Substrate/Glints2/dict_0002_0101" 7231
"/Engine/EngineMaterials/Substrate/Glints2/dict_0002_0108" 7232
"/Engine/EngineMaterials/Substrate/Glints2/dict_0002_0113" 7233
"/Engine/EngineMaterials/Substrate/Glints2/dict_0002_0112" 7234
"/Engine/EngineMaterials/Substrate/Glints2/dict_0002_0102" 7235
"/Engine/EngineMaterials/Substrate/Glints2/dict_0002_0115" 7236
"../../../Engine/Content/EngineMaterials/Substrate/Glints2/dict_0002_0120.uasset" 7237
"../../../Engine/Content/EngineMaterials/Substrate/Glints2/dict_0002_0122.uasset" 7238
"../../../Engine/Content/EngineMaterials/Substrate/Glints2/dict_0002_0123.uasset" 7239
"../../../Engine/Content/EngineMaterials/Substrate/Glints2/dict_0002_0118.uasset" 7240
"../../../Engine/Content/EngineMaterials/Substrate/Glints2/dict_0002_0124.uasset" 7241
"../../../Engine/Content/EngineMaterials/Substrate/Glints2/dict_0002_0127.uasset" 7242
"../../../Engine/Content/EngineMaterials/Substrate/Glints2/dict_0002_0125.uasset" 7243
"../../../Engine/Content/EngineMaterials/Substrate/Glints2/dict_0002_0128.uasset" 7244
"../../../Engine/Content/EngineMaterials/Substrate/Glints2/dict_0002_0129.uasset" 7245
"/Engine/EngineMaterials/Substrate/Glints2/dict_0002_0125" 7246
"../../../Engine/Content/EngineMaterials/Substrate/Glints2/dict_0002_0121.uasset" 7247
"/Engine/EngineMaterials/Substrate/Glints2/dict_0002_0124" 7248
"/Engine/EngineMaterials/Substrate/Glints2/dict_0002_0129" 7249
"/Engine/EngineMaterials/Substrate/Glints2/dict_0002_0123" 7250
"../../../Engine/Content/EngineMaterials/Substrate/Glints2/dict_0002_0130.uasset" 7251
"/Engine/EngineMaterials/Substrate/Glints2/dict_0002_0122" 7252
"/Engine/EngineMaterials/Substrate/Glints2/dict_0002_0120" 7253
"/Engine/EngineMaterials/Substrate/Glints2/dict_0002_0119" 7254
"../../../Engine/Content/EngineMaterials/Substrate/Glints2/dict_0002_0131.uasset" 7255
"/Engine/EngineMaterials/Substrate/Glints2/dict_0002_0118" 7256
"../../../Engine/Content/EngineMaterials/Substrate/Glints2/dict_0002_0132.uasset" 7257
"/Engine/EngineMaterials/Substrate/Glints2/dict_0002_0128" 7258
"/Engine/EngineMaterials/Substrate/Glints2/dict_0002_0127" 7259
"/Engine/EngineMaterials/Substrate/Glints2/dict_0002_0132" 7260
"/Engine/EngineMaterials/Substrate/Glints2/dict_0002_0131" 7261
"/Engine/EngineMaterials/Substrate/Glints2/dict_0002_0130" 7262
"/Engine/EngineMaterials/Substrate/Glints2/dict_0002_0121" 7263
"../../../Engine/Content/EngineMaterials/Substrate/Glints2/dict_0002_0133.uasset" 7264
"../../../Engine/Content/EngineMaterials/Substrate/Glints2/dict_0002_0134.uasset" 7265
"../../../Engine/Content/EngineMaterials/Substrate/Glints2/dict_0002_0136.uasset" 7266
"../../../Engine/Content/EngineMaterials/Substrate/Glints2/dict_0002_0140.uasset" 7267
"../../../Engine/Content/EngineMaterials/Substrate/Glints2/dict_0002_0139.uasset" 7268
"../../../Engine/Content/EngineMaterials/Substrate/Glints2/dict_0002_0126.uasset" 7269
"../../../Engine/Content/EngineMaterials/Substrate/Glints2/dict_0002_0135.uasset" 7270
"/Engine/EngineMaterials/Substrate/Glints2/dict_0002_0136" 7271
"../../../Engine/Content/EngineMaterials/Substrate/Glints2/dict_0002_0142.uasset" 7272
"../../../Engine/Content/EngineMaterials/Substrate/Glints2/dict_0002_0143.uasset" 7273
"../../../Engine/Content/EngineMaterials/Substrate/Glints2/dict_0002_0141.uasset" 7274
"/Engine/EngineMaterials/Substrate/Glints2/dict_0002_0135" 7275
"/Engine/EngineMaterials/Substrate/Glints2/dict_0002_0134" 7276
"/Engine/EngineMaterials/Substrate/Glints2/dict_0002_0133" 7277
"/Engine/EngineMaterials/Substrate/Glints2/dict_0002_0140" 7278
"../../../Engine/Content/EngineMaterials/Substrate/Glints2/dict_0002_0138.uasset" 7279
"/Engine/EngineMaterials/Substrate/Glints2/dict_0002_0126" 7280
"/Engine/EngineMaterials/Substrate/Glints2/dict_0002_0139" 7281
"/Engine/EngineMaterials/Substrate/Glints2/dict_0002_0138" 7282
"/Engine/EngineMaterials/Substrate/Glints2/dict_0002_0143" 7283
"/Engine/EngineMaterials/Substrate/Glints2/dict_0002_0142" 7284
"/Engine/EngineMaterials/Substrate/Glints2/dict_0002_0141" 7285
"../../../Engine/Content/EngineMaterials/Substrate/Glints2/dict_0002_0144.uasset" 7286
"../../../Engine/Content/EngineMaterials/Substrate/Glints2/dict_0002_0146.uasset" 7287
"../../../Engine/Content/EngineMaterials/Substrate/Glints2/dict_0002_0145.uasset" 7288
"../../../Engine/Content/EngineMaterials/Substrate/Glints2/dict_0002_0148.uasset" 7289
"../../../Engine/Content/EngineMaterials/Substrate/Glints2/dict_0002_0150.uasset" 7290
"../../../Engine/Content/EngineMaterials/Substrate/Glints2/dict_0002_0147.uasset" 7291
"../../../Engine/Content/EngineMaterials/Substrate/Glints2/dict_0002_0151.uasset" 7292
"../../../Engine/Content/EngineMaterials/Substrate/Glints2/dict_0002_0149.uasset" 7293
"../../../Engine/Content/EngineMaterials/Substrate/Glints2/dict_0002_0153.uasset" 7294
"../../../Engine/Content/EngineMaterials/Substrate/Glints2/dict_0002_0156.uasset" 7295
"../../../Engine/Content/EngineMaterials/Substrate/Glints2/dict_0002_0157.uasset" 7296
"../../../Engine/Content/EngineMaterials/Substrate/Glints2/dict_0002_0152.uasset" 7297
"../../../Engine/Content/EngineMaterials/Substrate/Glints2/dict_0002_0137.uasset" 7298
"../../../Engine/Content/EngineMaterials/Substrate/Glints2/dict_0002_0154.uasset" 7299
"/Engine/EngineMaterials/Substrate/Glints2/dict_0002_0149" 7300
"/Engine/EngineMaterials/Substrate/Glints2/dict_0002_0148" 7301
"/Engine/EngineMaterials/Substrate/Glints2/dict_0002_0147" 7302
"../../../Engine/Content/EngineMaterials/Substrate/Glints2/dict_0002_0155.uasset" 7303
"/Engine/EngineMaterials/Substrate/Glints2/dict_0002_0146" 7304
"/Engine/EngineMaterials/Substrate/Glints2/dict_0002_0145" 7305
"/Engine/EngineMaterials/Substrate/Glints2/dict_0002_0144" 7306
"../../../Engine/Content/EngineMaterials/Substrate/Glints2/dict_0002_0158.uasset" 7307
"../../../Engine/Content/EngineMaterials/Substrate/Glints2/dict_0002_0159.uasset" 7308
"/Engine/EngineMaterials/Substrate/Glints2/dict_0002_0157" 7309
"/Engine/EngineMaterials/Substrate/Glints2/dict_0002_0156" 7310
"/Engine/EngineMaterials/Substrate/Glints2/dict_0002_0153" 7311
"/Engine/EngineMaterials/Substrate/Glints2/dict_0002_0151" 7312
"/Engine/EngineMaterials/Substrate/Glints2/dict_0002_0150" 7313
"/Engine/EngineMaterials/Substrate/Glints2/dict_0002_0137" 7314
"/Engine/EngineMaterials/Substrate/Glints2/dict_0002_0159" 7315
"/Engine/EngineMaterials/Substrate/Glints2/dict_0002_0158" 7316
"/Engine/EngineMaterials/Substrate/Glints2/dict_0002_0155" 7317
"../../../Engine/Content/EngineMaterials/Substrate/Glints2/dict_0002_0164.uasset" 7318
"/Engine/EngineMaterials/Substrate/Glints2/dict_0002_0154" 7319
"../../../Engine/Content/EngineMaterials/Substrate/Glints2/dict_0002_0161.uasset" 7320
"../../../Engine/Content/EngineMaterials/Substrate/Glints2/dict_0002_0160.uasset" 7321
"../../../Engine/Content/EngineMaterials/Substrate/Glints2/dict_0002_0162.uasset" 7322
"../../../Engine/Content/EngineMaterials/Substrate/Glints2/dict_0002_0165.uasset" 7323
"/Engine/EngineMaterials/Substrate/Glints2/dict_0002_0152" 7324
"/Engine/EngineMaterials/Substrate/Glints2/dict_0002_0162" 7325
"/Engine/EngineMaterials/Substrate/Glints2/dict_0002_0165" 7326
"../../../Engine/Content/EngineMaterials/Substrate/Glints2/dict_0002_0166.uasset" 7327
"/Engine/EngineMaterials/Substrate/Glints2/dict_0002_0161" 7328
"/Engine/EngineMaterials/Substrate/Glints2/dict_0002_0160" 7329
"/Engine/EngineMaterials/Substrate/Glints2/dict_0002_0164" 7330
"/Engine/EngineMaterials/Substrate/Glints2/dict_0002_0166" 7331
"../../../Engine/Content/EngineMaterials/Substrate/Glints2/dict_0002_0167.uasset" 7332
"../../../Engine/Content/EngineMaterials/Substrate/Glints2/dict_0002_0163.uasset" 7333
"../../../Engine/Content/EngineMaterials/Substrate/Glints2/dict_0002_0169.uasset" 7334
"../../../Engine/Content/EngineMaterials/Substrate/Glints2/dict_0002_0172.uasset" 7335
"../../../Engine/Content/EngineMaterials/Substrate/Glints2/dict_0002_0168.uasset" 7336
"../../../Engine/Content/EngineMaterials/Substrate/Glints2/dict_0002_0173.uasset" 7337
"../../../Engine/Content/EngineMaterials/Substrate/Glints2/dict_0002_0174.uasset" 7338
"../../../Engine/Content/EngineMaterials/Substrate/Glints2/dict_0002_0170.uasset" 7339
"/Engine/EngineMaterials/Substrate/Glints2/dict_0002_0174" 7340
"/Engine/EngineMaterials/Substrate/Glints2/dict_0002_0173" 7341
"/Engine/EngineMaterials/Substrate/Glints2/dict_0002_0170" 7342
"../../../Engine/Content/EngineMaterials/Substrate/Glints2/dict_0002_0175.uasset" 7343
"../../../Engine/Content/EngineMaterials/Substrate/Glints2/dict_0002_0176.uasset" 7344
"../../../Engine/Content/EngineMaterials/Substrate/Glints2/dict_0002_0177.uasset" 7345
"/Engine/EngineMaterials/Substrate/Glints2/dict_0002_0172" 7346
"/Engine/EngineMaterials/Substrate/Glints2/dict_0002_0169" 7347
"/Engine/EngineMaterials/Substrate/Glints2/dict_0002_0168" 7348
"/Engine/EngineMaterials/Substrate/Glints2/dict_0002_0167" 7349
"/Engine/EngineMaterials/Substrate/Glints2/dict_0002_0163" 7350
"../../../Engine/Content/EngineMaterials/Substrate/Glints2/dict_0002_0171.uasset" 7351
"/Engine/EngineMaterials/Substrate/Glints2/dict_0002_0171" 7352
"/Engine/EngineMaterials/Substrate/Glints2/dict_0002_0177" 7353
"/Engine/EngineMaterials/Substrate/Glints2/dict_0002_0176" 7354
"/Engine/EngineMaterials/Substrate/Glints2/dict_0002_0175" 7355
"../../../Engine/Content/EngineMaterials/Substrate/Glints2/dict_0002_0179.uasset" 7356
"../../../Engine/Content/EngineMaterials/Substrate/Glints2/dict_0002_0178.uasset" 7357
"../../../Engine/Content/EngineMaterials/Substrate/Glints2/dict_0002_0180.uasset" 7358
"/Engine/EngineMaterials/Substrate/Glints2/dict_0002_0180" 7359
"../../../Engine/Content/EngineMaterials/Substrate/Glints2/dict_0002_0184.uasset" 7360
"/Engine/EngineMaterials/Substrate/Glints2/dict_0002_0179" 7361
"/Engine/EngineMaterials/Substrate/Glints2/dict_0002_0178" 7362
"../../../Engine/Content/EngineMaterials/Substrate/Glints2/dict_0002_0183.uasset" 7363
"/Engine/EngineMaterials/Substrate/Glints2/dict_0002_0184" 7364
"../../../Engine/Content/EngineMaterials/Substrate/Glints2/dict_0002_0186.uasset" 7365
"/Engine/EngineMaterials/Substrate/Glints2/dict_0002_0183" 7366
"/Engine/EngineMaterials/Substrate/Glints2/dict_0002_0186" 7367
"../../../Engine/Content/EngineMaterials/Substrate/Glints2/dict_0002_0182.uasset" 7368
"../../../Engine/Content/EngineMaterials/Substrate/Glints2/dict_0002_0187.uasset" 7369
"../../../Engine/Content/EngineMaterials/Substrate/Glints2/dict_0002_0185.uasset" 7370
"../../../Engine/Content/EngineMaterials/Substrate/Glints2/dict_0002_0191.uasset" 7371
"../../../Engine/Content/EngineMaterials/Substrate/Glints2/dict_0002_0188.uasset" 7372
"../../../Engine/Content/EngineMaterials/Substrate/Glints2/dict_0002_0181.uasset" 7373
"../../../Engine/Content/EngineMaterials/Substrate/Glints2/dict_0002_0192.uasset" 7374
"/Engine/EngineMaterials/Substrate/Glints2/dict_0002_0185" 7375
"/Engine/EngineMaterials/Substrate/Glints2/dict_0002_0182" 7376
"/Engine/EngineMaterials/Substrate/Glints2/dict_0002_0191" 7377
"/Engine/EngineMaterials/Substrate/Glints2/dict_0002_0181" 7378
"../../../Engine/Content/EngineMaterials/Substrate/Glints2/dict_0002_0189.uasset" 7379
"/Engine/EngineMaterials/Substrate/Glints2/dict_0002_0188" 7380
"/Engine/EngineMaterials/Substrate/Glints2/dict_0002_0187" 7381
"/Engine/EngineMaterials/Substrate/Glints2/dict_0002_0192" 7382
"../../../Engine/Content/EngineMaterials/Substrate/Glints2/dict_0002_0195.uasset" 7383
"/Engine/EngineMaterials/Substrate/Glints2/dict_0002_0189" 7384
"../../../Engine/Content/EngineMaterials/Substrate/Glints2/dict_0002_0197.uasset" 7385
"/Engine/EngineMaterials/Substrate/Glints2/dict_0002_0197" 7386
"/Engine/EngineMaterials/Substrate/Glints2/dict_0002_0195" 7387
"../../../Engine/Content/EngineMaterials/Substrate/Glints2/dict_0002_0190.uasset" 7388
"../../../Engine/Content/EngineMaterials/Substrate/Glints2/dict_0002_0198.uasset" 7389
"../../../Engine/Content/EngineMaterials/Substrate/Glints2/dict_0002_0196.uasset" 7390
"../../../Engine/Content/EngineMaterials/Substrate/Glints2/dict_0002_0199.uasset" 7391
"../../../Engine/Content/EngineMaterials/Substrate/Glints2/dict_0002_0200.uasset" 7392
"../../../Engine/Content/EngineMaterials/Substrate/Glints2/dict_0002_0194.uasset" 7393
"../../../Engine/Content/EngineMaterials/Substrate/Glints2/dict_0002_0202.uasset" 7394
"../../../Engine/Content/EngineMaterials/Substrate/Glints2/dict_0002_0203.uasset" 7395
"../../../Engine/Content/EngineMaterials/Substrate/Glints2/dict_0002_0204.uasset" 7396
"../../../Engine/Content/EngineMaterials/Substrate/Glints2/dict_0002_0205.uasset" 7397
"../../../Engine/Content/EngineMaterials/Substrate/Glints2/dict_0002_0206.uasset" 7398
"/Engine/EngineMaterials/Substrate/Glints2/dict_0002_0205" 7399
"/Engine/EngineMaterials/Substrate/Glints2/dict_0002_0204" 7400
"/Engine/EngineMaterials/Substrate/Glints2/dict_0002_0203" 7401
"/Engine/EngineMaterials/Substrate/Glints2/dict_0002_0202" 7402
"/Engine/EngineMaterials/Substrate/Glints2/dict_0002_0200" 7403
"/Engine/EngineMaterials/Substrate/Glints2/dict_0002_0199" 7404
"../../../Engine/Content/EngineMaterials/Substrate/Glints2/dict_0002_0207.uasset" 7405
"/Engine/EngineMaterials/Substrate/Glints2/dict_0002_0198" 7406
"/Engine/EngineMaterials/Substrate/Glints2/dict_0002_0196" 7407
"/Engine/EngineMaterials/Substrate/Glints2/dict_0002_0190" 7408
"/Engine/EngineMaterials/Substrate/Glints2/dict_0002_0194" 7409
"/Engine/EngineMaterials/Substrate/Glints2/dict_0002_0207" 7410
"/Engine/EngineMaterials/Substrate/Glints2/dict_0002_0206" 7411
"../../../Engine/Content/EngineMaterials/Substrate/Glints2/dict_0002_0201.uasset" 7412
"../../../Engine/Content/EngineMaterials/Substrate/Glints2/dict_0002_0210.uasset" 7413
"../../../Engine/Content/EngineMaterials/Substrate/Glints2/dict_0002_0193.uasset" 7414
"../../../Engine/Content/EngineMaterials/Substrate/Glints2/dict_0002_0212.uasset" 7415
"../../../Engine/Content/EngineMaterials/Substrate/Glints2/dict_0002_0213.uasset" 7416
"../../../Engine/Content/EngineMaterials/Substrate/Glints2/dict_0002_0211.uasset" 7417
"../../../Engine/Content/EngineMaterials/Substrate/Glints2/dict_0002_0208.uasset" 7418
"../../../Engine/Content/EngineMaterials/Substrate/Glints2/dict_0002_0209.uasset" 7419
"../../../Engine/Content/EngineMaterials/Substrate/Glints2/dict_0002_0216.uasset" 7420
"/Engine/EngineMaterials/Substrate/Glints2/dict_0002_0213" 7421
"/Engine/EngineMaterials/Substrate/Glints2/dict_0002_0212" 7422
"../../../Engine/Content/EngineMaterials/Substrate/Glints2/dict_0002_0215.uasset" 7423
"../../../Engine/Content/EngineMaterials/Substrate/Glints2/dict_0002_0219.uasset" 7424
"../../../Engine/Content/EngineMaterials/Substrate/Glints2/dict_0002_0221.uasset" 7425
"../../../Engine/Content/EngineMaterials/Substrate/Glints2/dict_0002_0217.uasset" 7426
"/Engine/EngineMaterials/Substrate/Glints2/dict_0002_0201" 7427
"../../../Engine/Content/EngineMaterials/Substrate/Glints2/dict_0002_0220.uasset" 7428
"../../../Engine/Content/EngineMaterials/Substrate/Glints2/dict_0002_0223.uasset" 7429
"/Engine/EngineMaterials/Substrate/Glints2/dict_0002_0209" 7430
"/Engine/EngineMaterials/Substrate/Glints2/dict_0002_0211" 7431
"/Engine/EngineMaterials/Substrate/Glints2/dict_0002_0210" 7432
"/Engine/EngineMaterials/Substrate/Glints2/dict_0002_0193" 7433
"/Engine/EngineMaterials/Substrate/Glints2/dict_0002_0208" 7434
"/Engine/EngineMaterials/Substrate/Glints2/dict_0002_0216" 7435
"../../../Engine/Content/EngineMaterials/Substrate/Glints2/dict_0002_0222.uasset" 7436
"/Engine/EngineMaterials/Substrate/Glints2/dict_0002_0222" 7437
"/Engine/EngineMaterials/Substrate/Glints2/dict_0002_0221" 7438
"/Engine/EngineMaterials/Substrate/Glints2/dict_0002_0220" 7439
"/Engine/EngineMaterials/Substrate/Glints2/dict_0002_0219" 7440
"/Engine/EngineMaterials/Substrate/Glints2/dict_0002_0223" 7441
"/Engine/EngineMaterials/Substrate/Glints2/dict_0002_0217" 7442
"/Engine/EngineMaterials/Substrate/Glints2/dict_0002_0215" 7443
"../../../Engine/Content/EngineMaterials/Substrate/Glints2/dict_0002_0227.uasset" 7444
"../../../Engine/Content/EngineMaterials/Substrate/Glints2/dict_0002_0230.uasset" 7445
"../../../Engine/Content/EngineMaterials/Substrate/Glints2/dict_0002_0224.uasset" 7446
"../../../Engine/Content/EngineMaterials/Substrate/Glints2/dict_0002_0225.uasset" 7447
"../../../Engine/Content/EngineMaterials/Substrate/Glints2/dict_0002_0228.uasset" 7448
"../../../Engine/Content/EngineMaterials/Substrate/Glints2/dict_0002_0229.uasset" 7449
"../../../Engine/Content/EngineMaterials/Substrate/Glints2/dict_0002_0226.uasset" 7450
"../../../Engine/Content/EngineMaterials/Substrate/Glints2/dict_0002_0214.uasset" 7451
"../../../Engine/Content/EngineMaterials/Substrate/Glints2/dict_0002_0231.uasset" 7452
"../../../Engine/Content/EngineMaterials/Substrate/Glints2/dict_0002_0232.uasset" 7453
"../../../Engine/Content/EngineMaterials/Substrate/Glints2/dict_0002_0218.uasset" 7454
"../../../Engine/Content/EngineMaterials/Substrate/Glints2/dict_0002_0233.uasset" 7455
"/Engine/EngineMaterials/Substrate/Glints2/dict_0002_0214" 7456
"../../../Engine/Content/EngineMaterials/Substrate/Glints2/dict_0002_0234.uasset" 7457
"/Engine/EngineMaterials/Substrate/Glints2/dict_0002_0233" 7458
"/Engine/EngineMaterials/Substrate/Glints2/dict_0002_0232" 7459
"../../../Engine/Content/EngineMaterials/Substrate/Glints2/dict_0002_0237.uasset" 7460
"../../../Engine/Content/EngineMaterials/Substrate/Glints2/dict_0002_0235.uasset" 7461
"/Engine/EngineMaterials/Substrate/Glints2/dict_0002_0231" 7462
"/Engine/EngineMaterials/Substrate/Glints2/dict_0002_0230" 7463
"/Engine/EngineMaterials/Substrate/Glints2/dict_0002_0229" 7464
"../../../Engine/Content/EngineMaterials/Substrate/Glints2/dict_0002_0238.uasset" 7465
"/Engine/EngineMaterials/Substrate/Glints2/dict_0002_0228" 7466
"/Engine/EngineMaterials/Substrate/Glints2/dict_0002_0225" 7467
"/Engine/EngineMaterials/Substrate/Glints2/dict_0002_0224" 7468
"/Engine/EngineMaterials/Substrate/Glints2/dict_0002_0227" 7469
"/Engine/EngineMaterials/Substrate/Glints2/dict_0002_0226" 7470
"/Engine/EngineMaterials/Substrate/Glints2/dict_0002_0235" 7471
"/Engine/EngineMaterials/Substrate/Glints2/dict_0002_0234" 7472
"/Engine/EngineMaterials/Substrate/Glints2/dict_0002_0218" 7473
"/Engine/EngineMaterials/Substrate/Glints2/dict_0002_0238" 7474
"../../../Engine/Content/EngineMaterials/Substrate/Glints2/dict_0002_0236.uasset" 7475
"/Engine/EngineMaterials/Substrate/Glints2/dict_0002_0237" 7476
"/Engine/EngineMaterials/Substrate/Glints2/dict_0002_0236" 7477
"../../../Engine/Content/EngineMaterials/Substrate/Glints2/dict_0002_0239.uasset" 7478
"../../../Engine/Content/EngineMaterials/Substrate/Glints2/dict_0002_0241.uasset" 7479
"../../../Engine/Content/EngineMaterials/Substrate/Glints2/dict_0002_0240.uasset" 7480
"../../../Engine/Content/EngineMaterials/Substrate/Glints2/dict_0002_0244.uasset" 7481
"../../../Engine/Content/EngineMaterials/Substrate/Glints2/dict_0002_0246.uasset" 7482
"../../../Engine/Content/EngineMaterials/Substrate/Glints2/dict_0002_0243.uasset" 7483
"../../../Engine/Content/EngineMaterials/Substrate/Glints2/dict_0002_0245.uasset" 7484
"../../../Engine/Content/EngineMaterials/Substrate/Glints2/dict_0002_0247.uasset" 7485
"/Engine/EngineMaterials/Substrate/Glints2/dict_0002_0246" 7486
"/Engine/EngineMaterials/Substrate/Glints2/dict_0002_0245" 7487
"/Engine/EngineMaterials/Substrate/Glints2/dict_0002_0244" 7488
"/Engine/EngineMaterials/Substrate/Glints2/dict_0002_0243" 7489
"../../../Engine/Content/EngineMaterials/Substrate/Glints2/dict_0002_0250.uasset" 7490
"../../../Engine/Content/EngineMaterials/Substrate/Glints2/dict_0002_0249.uasset" 7491
"../../../Engine/Content/EngineMaterials/Substrate/Glints2/dict_0002_0251.uasset" 7492
"../../../Engine/Content/EngineMaterials/Substrate/Glints2/dict_0002_0252.uasset" 7493
"/Engine/EngineMaterials/Substrate/Glints2/dict_0002_0241" 7494
"/Engine/EngineMaterials/Substrate/Glints2/dict_0002_0240" 7495
"/Engine/EngineMaterials/Substrate/Glints2/dict_0002_0239" 7496
"/Engine/EngineMaterials/Substrate/Glints2/dict_0002_0252" 7497
"/Engine/EngineMaterials/Substrate/Glints2/dict_0002_0251" 7498
"/Engine/EngineMaterials/Substrate/Glints2/dict_0002_0250" 7499
"../../../Engine/Content/EngineMaterials/Substrate/Glints2/dict_0002_0255.uasset" 7500
"/Engine/EngineMaterials/Substrate/Glints2/dict_0002_0249" 7501
"../../../Engine/Content/EngineMaterials/Substrate/Glints2/dict_0003_0003.uasset" 7502
"../../../Engine/Content/EngineMaterials/Substrate/Glints2/dict_0003_0002.uasset" 7503
"/Engine/EngineMaterials/Substrate/Glints2/dict_0002_0247" 7504
"/Engine/EngineMaterials/Substrate/Glints2/dict_0003_0003" 7505
"../../../Engine/Content/EngineMaterials/Substrate/Glints2/dict_0002_0248.uasset" 7506
"/Engine/EngineMaterials/Substrate/Glints2/dict_0003_0002" 7507
"../../../Engine/Content/EngineMaterials/Substrate/Glints2/dict_0003_0000.uasset" 7508
"../../../Engine/Content/EngineMaterials/Substrate/Glints2/dict_0002_0254.uasset" 7509
"../../../Engine/Content/EngineMaterials/Substrate/Glints2/dict_0003_0001.uasset" 7510
"/Engine/EngineMaterials/Substrate/Glints2/dict_0002_0255" 7511
"../../../Engine/Content/EngineMaterials/Substrate/Glints2/dict_0002_0253.uasset" 7512
"/Engine/EngineMaterials/Substrate/Glints2/dict_0002_0253" 7513
"/Engine/EngineMaterials/Substrate/Glints2/dict_0003_0001" 7514
"/Engine/EngineMaterials/Substrate/Glints2/dict_0003_0000" 7515
"/Engine/EngineMaterials/Substrate/Glints2/dict_0002_0254" 7516
"/Engine/EngineMaterials/Substrate/Glints2/dict_0002_0248" 7517
"../../../Engine/Content/EngineMaterials/Substrate/Glints2/dict_0003_0004.uasset" 7518
"../../../Engine/Content/EngineMaterials/Substrate/Glints2/dict_0003_0007.uasset" 7519
"../../../Engine/Content/EngineMaterials/Substrate/Glints2/dict_0003_0005.uasset" 7520
"../../../Engine/Content/EngineMaterials/Substrate/Glints2/dict_0003_0006.uasset" 7521
"/Engine/EngineMaterials/Substrate/Glints2/dict_0003_0007" 7522
"../../../Engine/Content/EngineMaterials/Substrate/Glints2/dict_0003_0011.uasset" 7523
"../../../Engine/Content/EngineMaterials/Substrate/Glints2/dict_0003_0012.uasset" 7524
"/Engine/EngineMaterials/Substrate/Glints2/dict_0003_0006" 7525
"../../../Engine/Content/EngineMaterials/Substrate/Glints2/dict_0003_0009.uasset" 7526
"/Engine/EngineMaterials/Substrate/Glints2/dict_0003_0005" 7527
"/Engine/EngineMaterials/Substrate/Glints2/dict_0003_0004" 7528
"/Engine/EngineMaterials/Substrate/Glints2/dict_0003_0012" 7529
"/Engine/EngineMaterials/Substrate/Glints2/dict_0003_0011" 7530
"/Engine/EngineMaterials/Substrate/Glints2/dict_0003_0009" 7531
"../../../Engine/Content/EngineMaterials/Substrate/Glints2/dict_0003_0014.uasset" 7532
"../../../Engine/Content/EngineMaterials/Substrate/Glints2/dict_0003_0010.uasset" 7533
"../../../Engine/Content/EngineMaterials/Substrate/Glints2/dict_0003_0013.uasset" 7534
"../../../Engine/Content/EngineMaterials/Substrate/Glints2/dict_0003_0018.uasset" 7535
"../../../Engine/Content/EngineMaterials/Substrate/Glints2/dict_0003_0016.uasset" 7536
"../../../Engine/Content/EngineMaterials/Substrate/Glints2/dict_0003_0015.uasset" 7537
"../../../Engine/Content/EngineMaterials/Substrate/Glints2/dict_0003_0017.uasset" 7538
"../../../Engine/Content/EngineMaterials/Substrate/Glints2/dict_0003_0019.uasset" 7539
"/Engine/EngineMaterials/Substrate/Glints2/dict_0003_0013" 7540
"/Engine/EngineMaterials/Substrate/Glints2/dict_0003_0019" 7541
"/Engine/EngineMaterials/Substrate/Glints2/dict_0003_0018" 7542
"/Engine/EngineMaterials/Substrate/Glints2/dict_0003_0017" 7543
"/Engine/EngineMaterials/Substrate/Glints2/dict_0003_0016" 7544
"/Engine/EngineMaterials/Substrate/Glints2/dict_0003_0015" 7545
"/Engine/EngineMaterials/Substrate/Glints2/dict_0003_0010" 7546
"/Engine/EngineMaterials/Substrate/Glints2/dict_0003_0014" 7547
"../../../Engine/Content/EngineMaterials/Substrate/Glints2/dict_0003_0022.uasset" 7548
"/Engine/EngineMaterials/Substrate/Glints2/dict_0003_0022" 7549
"../../../Engine/Content/EngineMaterials/Substrate/Glints2/dict_0003_0023.uasset" 7550
"../../../Engine/Content/EngineMaterials/Substrate/Glints2/dict_0003_0021.uasset" 7551
"../../../Engine/Content/EngineMaterials/Substrate/Glints2/dict_0003_0026.uasset" 7552
"../../../Engine/Content/EngineMaterials/Substrate/Glints2/dict_0003_0020.uasset" 7553
"../../../Engine/Content/EngineMaterials/Substrate/Glints2/dict_0002_0242.uasset" 7554
"../../../Engine/Content/EngineMaterials/Substrate/Glints2/dict_0003_0027.uasset" 7555
"../../../Engine/Content/EngineMaterials/Substrate/Glints2/dict_0003_0024.uasset" 7556
"../../../Engine/Content/EngineMaterials/Substrate/Glints2/dict_0003_0028.uasset" 7557
"/Engine/EngineMaterials/Substrate/Glints2/dict_0003_0021" 7558
"../../../Engine/Content/EngineMaterials/Substrate/Glints2/dict_0003_0029.uasset" 7559
"/Engine/EngineMaterials/Substrate/Glints2/dict_0003_0026" 7560
"/Engine/EngineMaterials/Substrate/Glints2/dict_0003_0024" 7561
"../../../Engine/Content/EngineMaterials/Substrate/Glints2/dict_0003_0032.uasset" 7562
"/Engine/EngineMaterials/Substrate/Glints2/dict_0003_0020" 7563
"/Engine/EngineMaterials/Substrate/Glints2/dict_0003_0027" 7564
"/Engine/EngineMaterials/Substrate/Glints2/dict_0003_0023" 7565
"../../../Engine/Content/EngineMaterials/Substrate/Glints2/dict_0003_0033.uasset" 7566
"../../../Engine/Content/EngineMaterials/Substrate/Glints2/dict_0003_0025.uasset" 7567
"/Engine/EngineMaterials/Substrate/Glints2/dict_0002_0242" 7568
"../../../Engine/Content/EngineMaterials/Substrate/Glints2/dict_0003_0030.uasset" 7569
"/Engine/EngineMaterials/Substrate/Glints2/dict_0003_0025" 7570
"/Engine/EngineMaterials/Substrate/Glints2/dict_0003_0029" 7571
"../../../Engine/Content/EngineMaterials/Substrate/Glints2/dict_0003_0034.uasset" 7572
"/Engine/EngineMaterials/Substrate/Glints2/dict_0003_0028" 7573
"/Engine/EngineMaterials/Substrate/Glints2/dict_0003_0033" 7574
"../../../Engine/Content/EngineMaterials/Substrate/Glints2/dict_0003_0031.uasset" 7575
"/Engine/EngineMaterials/Substrate/Glints2/dict_0003_0032" 7576
"/Engine/EngineMaterials/Substrate/Glints2/dict_0003_0030" 7577
"/Engine/EngineMaterials/Substrate/Glints2/dict_0003_0034" 7578
"/Engine/EngineMaterials/Substrate/Glints2/dict_0003_0031" 7579
"../../../Engine/Content/EngineMaterials/Substrate/Glints2/dict_0003_0036.uasset" 7580
"../../../Engine/Content/EngineMaterials/Substrate/Glints2/dict_0003_0038.uasset" 7581
"../../../Engine/Content/EngineMaterials/Substrate/Glints2/dict_0003_0037.uasset" 7582
"../../../Engine/Content/EngineMaterials/Substrate/Glints2/dict_0003_0035.uasset" 7583
"../../../Engine/Content/EngineMaterials/Substrate/Glints2/dict_0003_0042.uasset" 7584
"../../../Engine/Content/EngineMaterials/Substrate/Glints2/dict_0003_0039.uasset" 7585
"../../../Engine/Content/EngineMaterials/Substrate/Glints2/dict_0003_0044.uasset" 7586
"../../../Engine/Content/EngineMaterials/Substrate/Glints2/dict_0003_0045.uasset" 7587
"../../../Engine/Content/EngineMaterials/Substrate/Glints2/dict_0003_0043.uasset" 7588
"/Engine/EngineMaterials/Substrate/Glints2/dict_0003_0038" 7589
"/Engine/EngineMaterials/Substrate/Glints2/dict_0003_0037" 7590
"/Engine/EngineMaterials/Substrate/Glints2/dict_0003_0036" 7591
"/Engine/EngineMaterials/Substrate/Glints2/dict_0003_0035" 7592
"../../../Engine/Content/EngineMaterials/Substrate/Glints2/dict_0003_0046.uasset" 7593
"/Engine/EngineMaterials/Substrate/Glints2/dict_0003_0045" 7594
"/Engine/EngineMaterials/Substrate/Glints2/dict_0003_0044" 7595
"/Engine/EngineMaterials/Substrate/Glints2/dict_0003_0043" 7596
"/Engine/EngineMaterials/Substrate/Glints2/dict_0003_0039" 7597
"../../../Engine/Content/EngineMaterials/Substrate/Glints2/dict_0003_0047.uasset" 7598
"/Engine/EngineMaterials/Substrate/Glints2/dict_0003_0042" 7599
"/Engine/EngineMaterials/Substrate/Glints2/dict_0003_0047" 7600
"/Engine/EngineMaterials/Substrate/Glints2/dict_0003_0046" 7601
"../../../Engine/Content/EngineMaterials/Substrate/Glints2/dict_0003_0040.uasset" 7602
"../../../Engine/Content/EngineMaterials/Substrate/Glints2/dict_0003_0051.uasset" 7603
"../../../Engine/Content/EngineMaterials/Substrate/Glints2/dict_0003_0050.uasset" 7604
"../../../Engine/Content/EngineMaterials/Substrate/Glints2/dict_0003_0048.uasset" 7605
"../../../Engine/Content/EngineMaterials/Substrate/Glints2/dict_0003_0049.uasset" 7606
"../../../Engine/Content/EngineMaterials/Substrate/Glints2/dict_0003_0053.uasset" 7607
"../../../Engine/Content/EngineMaterials/Substrate/Glints2/dict_0003_0052.uasset" 7608
"../../../Engine/Content/EngineMaterials/Substrate/Glints2/dict_0003_0054.uasset" 7609
"../../../Engine/Content/EngineMaterials/Substrate/Glints2/dict_0003_0055.uasset" 7610
"../../../Engine/Content/EngineMaterials/Substrate/Glints2/dict_0003_0058.uasset" 7611
"/Engine/EngineMaterials/Substrate/Glints2/dict_0003_0049" 7612
"../../../Engine/Content/EngineMaterials/Substrate/Glints2/dict_0003_0057.uasset" 7613
"../../../Engine/Content/EngineMaterials/Substrate/Glints2/dict_0003_0056.uasset" 7614
"/Engine/EngineMaterials/Substrate/Glints2/dict_0003_0054" 7615
"/Engine/EngineMaterials/Substrate/Glints2/dict_0003_0048" 7616
"../../../Engine/Content/EngineMaterials/Substrate/Glints2/dict_0003_0041.uasset" 7617
"/Engine/EngineMaterials/Substrate/Glints2/dict_0003_0053" 7618
"/Engine/EngineMaterials/Substrate/Glints2/dict_0003_0052" 7619
"/Engine/EngineMaterials/Substrate/Glints2/dict_0003_0051" 7620
"/Engine/EngineMaterials/Substrate/Glints2/dict_0003_0040" 7621
"/Engine/EngineMaterials/Substrate/Glints2/dict_0003_0050" 7622
"/Engine/EngineMaterials/Substrate/Glints2/dict_0003_0057" 7623
"/Engine/EngineMaterials/Substrate/Glints2/dict_0003_0056" 7624
"/Engine/EngineMaterials/Substrate/Glints2/dict_0003_0055" 7625
"/Engine/EngineMaterials/Substrate/Glints2/dict_0003_0041" 7626
"/Engine/EngineMaterials/Substrate/Glints2/dict_0003_0058" 7627
"../../../Engine/Content/EngineMaterials/Substrate/Glints2/dict_0003_0065.uasset" 7628
"../../../Engine/Content/EngineMaterials/Substrate/Glints2/dict_0003_0059.uasset" 7629
"../../../Engine/Content/EngineMaterials/Substrate/Glints2/dict_0003_0062.uasset" 7630
"../../../Engine/Content/EngineMaterials/Substrate/Glints2/dict_0003_0063.uasset" 7631
"../../../Engine/Content/EngineMaterials/Substrate/Glints2/dict_0003_0060.uasset" 7632
"/Engine/EngineMaterials/Substrate/Glints2/dict_0003_0065" 7633
"../../../Engine/Content/EngineMaterials/Substrate/Glints2/dict_0003_0067.uasset" 7634
"/Engine/EngineMaterials/Substrate/Glints2/dict_0003_0063" 7635
"/Engine/EngineMaterials/Substrate/Glints2/dict_0003_0062" 7636
"/Engine/EngineMaterials/Substrate/Glints2/dict_0003_0060" 7637
"../../../Engine/Content/EngineMaterials/Substrate/Glints2/dict_0003_0064.uasset" 7638
"../../../Engine/Content/EngineMaterials/Substrate/Glints2/dict_0003_0066.uasset" 7639
"/Engine/EngineMaterials/Substrate/Glints2/dict_0003_0059" 7640
"/Engine/EngineMaterials/Substrate/Glints2/dict_0003_0064" 7641
"/Engine/EngineMaterials/Substrate/Glints2/dict_0003_0067" 7642
"../../../Engine/Content/EngineMaterials/Substrate/Glints2/dict_0003_0061.uasset" 7643
"/Engine/EngineMaterials/Substrate/Glints2/dict_0003_0066" 7644
"/Engine/EngineMaterials/Substrate/Glints2/dict_0003_0061" 7645
"../../../Engine/Content/EngineMaterials/Substrate/Glints2/dict_0003_0008.uasset" 7646
"../../../Engine/Content/EngineMaterials/Substrate/Glints2/dict_0003_0068.uasset" 7647
"../../../Engine/Content/EngineMaterials/Substrate/Glints2/dict_0003_0070.uasset" 7648
"../../../Engine/Content/EngineMaterials/Substrate/Glints2/dict_0003_0075.uasset" 7649
"../../../Engine/Content/EngineMaterials/Substrate/Glints2/dict_0003_0071.uasset" 7650
"../../../Engine/Content/EngineMaterials/Substrate/Glints2/dict_0003_0073.uasset" 7651
"../../../Engine/Content/EngineMaterials/Substrate/Glints2/dict_0003_0074.uasset" 7652
"../../../Engine/Content/EngineMaterials/Substrate/Glints2/dict_0003_0078.uasset" 7653
"../../../Engine/Content/EngineMaterials/Substrate/Glints2/dict_0003_0072.uasset" 7654
"/Engine/EngineMaterials/Substrate/Glints2/dict_0003_0008" 7655
"/Engine/EngineMaterials/Substrate/Glints2/dict_0003_0074" 7656
"/Engine/EngineMaterials/Substrate/Glints2/dict_0003_0073" 7657
"../../../Engine/Content/EngineMaterials/Substrate/Glints2/dict_0003_0076.uasset" 7658
"/Engine/EngineMaterials/Substrate/Glints2/dict_0003_0072" 7659
"/Engine/EngineMaterials/Substrate/Glints2/dict_0003_0071" 7660
"../../../Engine/Content/EngineMaterials/Substrate/Glints2/dict_0003_0079.uasset" 7661
"/Engine/EngineMaterials/Substrate/Glints2/dict_0003_0075" 7662
"../../../Engine/Content/EngineMaterials/Substrate/Glints2/dict_0003_0082.uasset" 7663
"/Engine/EngineMaterials/Substrate/Glints2/dict_0003_0078" 7664
"../../../Engine/Content/EngineMaterials/Substrate/Glints2/dict_0003_0083.uasset" 7665
"/Engine/EngineMaterials/Substrate/Glints2/dict_0003_0070" 7666
"/Engine/EngineMaterials/Substrate/Glints2/dict_0003_0068" 7667
"/Engine/EngineMaterials/Substrate/Glints2/dict_0003_0083" 7668
"../../../Engine/Content/EngineMaterials/Substrate/Glints2/dict_0003_0081.uasset" 7669
"/Engine/EngineMaterials/Substrate/Glints2/dict_0003_0082" 7670
"/Engine/EngineMaterials/Substrate/Glints2/dict_0003_0076" 7671
"../../../Engine/Content/EngineMaterials/Substrate/Glints2/dict_0003_0084.uasset" 7672
"../../../Engine/Content/EngineMaterials/Substrate/Glints2/dict_0003_0085.uasset" 7673
"/Engine/EngineMaterials/Substrate/Glints2/dict_0003_0079" 7674
"../../../Engine/Content/EngineMaterials/Substrate/Glints2/dict_0003_0080.uasset" 7675
"../../../Engine/Content/EngineMaterials/Substrate/Glints2/dict_0003_0087.uasset" 7676
"/Engine/EngineMaterials/Substrate/Glints2/dict_0003_0084" 7677
"/Engine/EngineMaterials/Substrate/Glints2/dict_0003_0087" 7678
"../../../Engine/Content/EngineMaterials/Substrate/Glints2/dict_0003_0088.uasset" 7679
"/Engine/EngineMaterials/Substrate/Glints2/dict_0003_0081" 7680
"../../../Engine/Content/EngineMaterials/Substrate/Glints2/dict_0003_0086.uasset" 7681
"/Engine/EngineMaterials/Substrate/Glints2/dict_0003_0080" 7682
"/Engine/EngineMaterials/Substrate/Glints2/dict_0003_0085" 7683
"/Engine/EngineMaterials/Substrate/Glints2/dict_0003_0088" 7684
"../../../Engine/Content/EngineMaterials/Substrate/Glints2/dict_0003_0090.uasset" 7685
"/Engine/EngineMaterials/Substrate/Glints2/dict_0003_0086" 7686
"/Engine/EngineMaterials/Substrate/Glints2/dict_0003_0090" 7687
"../../../Engine/Content/EngineMaterials/Substrate/Glints2/dict_0003_0089.uasset" 7688
"../../../Engine/Content/EngineMaterials/Substrate/Glints2/dict_0003_0092.uasset" 7689
"../../../Engine/Content/EngineMaterials/Substrate/Glints2/dict_0003_0091.uasset" 7690
"../../../Engine/Content/EngineMaterials/Substrate/Glints2/dict_0003_0094.uasset" 7691
"../../../Engine/Content/EngineMaterials/Substrate/Glints2/dict_0003_0093.uasset" 7692
"../../../Engine/Content/EngineMaterials/Substrate/Glints2/dict_0003_0097.uasset" 7693
"../../../Engine/Content/EngineMaterials/Substrate/Glints2/dict_0003_0096.uasset" 7694
"../../../Engine/Content/EngineMaterials/Substrate/Glints2/dict_0003_0095.uasset" 7695
"/Engine/EngineMaterials/Substrate/Glints2/dict_0003_0094" 7696
"/Engine/EngineMaterials/Substrate/Glints2/dict_0003_0089" 7697
"/Engine/EngineMaterials/Substrate/Glints2/dict_0003_0093" 7698
"/Engine/EngineMaterials/Substrate/Glints2/dict_0003_0092" 7699
"/Engine/EngineMaterials/Substrate/Glints2/dict_0003_0091" 7700
"../../../Engine/Content/EngineMaterials/Substrate/Glints2/dict_0003_0098.uasset" 7701
"/Engine/EngineMaterials/Substrate/Glints2/dict_0003_0097" 7702
"/Engine/EngineMaterials/Substrate/Glints2/dict_0003_0098" 7703
"/Engine/EngineMaterials/Substrate/Glints2/dict_0003_0096" 7704
"../../../Engine/Content/EngineMaterials/Substrate/Glints2/dict_0003_0102.uasset" 7705
"/Engine/EngineMaterials/Substrate/Glints2/dict_0003_0095" 7706
"/Engine/EngineMaterials/Substrate/Glints2/dict_0003_0102" 7707
"../../../Engine/Content/EngineMaterials/Substrate/Glints2/dict_0003_0101.uasset" 7708
"../../../Engine/Content/EngineMaterials/Substrate/Glints2/dict_0003_0099.uasset" 7709
"../../../Engine/Content/EngineMaterials/Substrate/Glints2/dict_0003_0100.uasset" 7710
"../../../Engine/Content/EngineMaterials/Substrate/Glints2/dict_0003_0105.uasset" 7711
"../../../Engine/Content/EngineMaterials/Substrate/Glints2/dict_0003_0104.uasset" 7712
"../../../Engine/Content/EngineMaterials/Substrate/Glints2/dict_0003_0106.uasset" 7713
"../../../Engine/Content/EngineMaterials/Substrate/Glints2/dict_0003_0103.uasset" 7714
"../../../Engine/Content/EngineMaterials/Substrate/Glints2/dict_0003_0107.uasset" 7715
"/Engine/EngineMaterials/Substrate/Glints2/dict_0003_0106" 7716
"../../../Engine/Content/EngineMaterials/Substrate/Glints2/dict_0003_0108.uasset" 7717
"/Engine/EngineMaterials/Substrate/Glints2/dict_0003_0105" 7718
"/Engine/EngineMaterials/Substrate/Glints2/dict_0003_0104" 7719
"/Engine/EngineMaterials/Substrate/Glints2/dict_0003_0103" 7720
"../../../Engine/Content/EngineMaterials/Substrate/Glints2/dict_0003_0112.uasset" 7721
"../../../Engine/Content/EngineMaterials/Substrate/Glints2/dict_0003_0110.uasset" 7722
"../../../Engine/Content/EngineMaterials/Substrate/Glints2/dict_0003_0111.uasset" 7723
"../../../Engine/Content/EngineMaterials/Substrate/Glints2/dict_0003_0113.uasset" 7724
"/Engine/EngineMaterials/Substrate/Glints2/dict_0003_0101" 7725
"../../../Engine/Content/EngineMaterials/Substrate/Glints2/dict_0003_0109.uasset" 7726
"/Engine/EngineMaterials/Substrate/Glints2/dict_0003_0100" 7727
"/Engine/EngineMaterials/Substrate/Glints2/dict_0003_0099" 7728
"/Engine/EngineMaterials/Substrate/Glints2/dict_0003_0107" 7729
"/Engine/EngineMaterials/Substrate/Glints2/dict_0003_0111" 7730
"/Engine/EngineMaterials/Substrate/Glints2/dict_0003_0110" 7731
"../../../Engine/Content/EngineMaterials/Substrate/Glints2/dict_0003_0114.uasset" 7732
"/Engine/EngineMaterials/Substrate/Glints2/dict_0003_0109" 7733
"/Engine/EngineMaterials/Substrate/Glints2/dict_0003_0113" 7734
"/Engine/EngineMaterials/Substrate/Glints2/dict_0003_0108" 7735
"/Engine/EngineMaterials/Substrate/Glints2/dict_0003_0112" 7736
"/Engine/EngineMaterials/Substrate/Glints2/dict_0003_0114" 7737
"../../../Engine/Content/EngineMaterials/Substrate/Glints2/dict_0003_0116.uasset" 7738
"/Engine/EngineMaterials/Substrate/Glints2/dict_0003_0116" 7739
"../../../Engine/Content/EngineMaterials/Substrate/Glints2/dict_0003_0117.uasset" 7740
"../../../Engine/Content/EngineMaterials/Substrate/Glints2/dict_0003_0118.uasset" 7741
"../../../Engine/Content/EngineMaterials/Substrate/Glints2/dict_0003_0115.uasset" 7742
"../../../Engine/Content/EngineMaterials/Substrate/Glints2/dict_0003_0120.uasset" 7743
"../../../Engine/Content/EngineMaterials/Substrate/Glints2/dict_0003_0069.uasset" 7744
"../../../Engine/Content/EngineMaterials/Substrate/Glints2/dict_0003_0119.uasset" 7745
"../../../Engine/Content/EngineMaterials/Substrate/Glints2/dict_0003_0122.uasset" 7746
"../../../Engine/Content/EngineMaterials/Substrate/Glints2/dict_0003_0121.uasset" 7747
"../../../Engine/Content/EngineMaterials/Substrate/Glints2/dict_0003_0123.uasset" 7748
"../../../Engine/Content/EngineMaterials/Substrate/Glints2/dict_0003_0127.uasset" 7749
"/Engine/EngineMaterials/Substrate/Glints2/dict_0003_0118" 7750
"../../../Engine/Content/EngineMaterials/Substrate/Glints2/dict_0003_0126.uasset" 7751
"/Engine/EngineMaterials/Substrate/Glints2/dict_0003_0123" 7752
"/Engine/EngineMaterials/Substrate/Glints2/dict_0003_0115" 7753
"../../../Engine/Content/EngineMaterials/Substrate/Glints2/dict_0003_0125.uasset" 7754
"../../../Engine/Content/EngineMaterials/Substrate/Glints2/dict_0003_0124.uasset" 7755
"/Engine/EngineMaterials/Substrate/Glints2/dict_0003_0117" 7756
"/Engine/EngineMaterials/Substrate/Glints2/dict_0003_0122" 7757
"/Engine/EngineMaterials/Substrate/Glints2/dict_0003_0121" 7758
"/Engine/EngineMaterials/Substrate/Glints2/dict_0003_0119" 7759
"/Engine/EngineMaterials/Substrate/Glints2/dict_0003_0120" 7760
"/Engine/EngineMaterials/Substrate/Glints2/dict_0003_0069" 7761
"/Engine/EngineMaterials/Substrate/Glints2/dict_0003_0127" 7762
"/Engine/EngineMaterials/Substrate/Glints2/dict_0003_0125" 7763
"/Engine/EngineMaterials/Substrate/Glints2/dict_0003_0124" 7764
"../../../Engine/Content/EngineMaterials/Substrate/Glints2/dict_0003_0129.uasset" 7765
"../../../Engine/Content/EngineMaterials/Substrate/Glints2/dict_0003_0133.uasset" 7766
"../../../Engine/Content/EngineMaterials/Substrate/Glints2/dict_0003_0131.uasset" 7767
"/Engine/EngineMaterials/Substrate/Glints2/dict_0003_0126" 7768
"/Engine/EngineMaterials/Substrate/Glints2/dict_0003_0133" 7769
"/Engine/EngineMaterials/Substrate/Glints2/dict_0003_0129" 7770
"/Engine/EngineMaterials/Substrate/Glints2/dict_0003_0131" 7771
"../../../Engine/Content/EngineMaterials/Substrate/Glints2/dict_0003_0134.uasset" 7772
"../../../Engine/Content/EngineMaterials/Substrate/Glints2/dict_0003_0130.uasset" 7773
"../../../Engine/Content/EngineMaterials/Substrate/Glints2/dict_0003_0132.uasset" 7774
"../../../Engine/Content/EngineMaterials/Substrate/Glints2/dict_0003_0137.uasset" 7775
"../../../Engine/Content/EngineMaterials/Substrate/Glints2/dict_0003_0136.uasset" 7776
"../../../Engine/Content/EngineMaterials/Substrate/Glints2/dict_0003_0138.uasset" 7777
"../../../Engine/Content/EngineMaterials/Substrate/Glints2/dict_0003_0135.uasset" 7778
"../../../Engine/Content/EngineMaterials/Substrate/Glints2/dict_0003_0139.uasset" 7779
"../../../Engine/Content/EngineMaterials/Substrate/Glints2/dict_0003_0141.uasset" 7780
"/Engine/EngineMaterials/Substrate/Glints2/dict_0003_0136" 7781
"/Engine/EngineMaterials/Substrate/Glints2/dict_0003_0135" 7782
"/Engine/EngineMaterials/Substrate/Glints2/dict_0003_0141" 7783
"/Engine/EngineMaterials/Substrate/Glints2/dict_0003_0134" 7784
"/Engine/EngineMaterials/Substrate/Glints2/dict_0003_0139" 7785
"/Engine/EngineMaterials/Substrate/Glints2/dict_0003_0138" 7786
"/Engine/EngineMaterials/Substrate/Glints2/dict_0003_0132" 7787
"/Engine/EngineMaterials/Substrate/Glints2/dict_0003_0137" 7788
"/Engine/EngineMaterials/Substrate/Glints2/dict_0003_0130" 7789
"../../../Engine/Content/EngineMaterials/Substrate/Glints2/dict_0003_0142.uasset" 7790
"../../../Engine/Content/EngineMaterials/Substrate/Glints2/dict_0003_0145.uasset" 7791
"../../../Engine/Content/EngineMaterials/Substrate/Glints2/dict_0003_0146.uasset" 7792
"../../../Engine/Content/EngineMaterials/Substrate/Glints2/dict_0003_0143.uasset" 7793
"/Engine/EngineMaterials/Substrate/Glints2/dict_0003_0143" 7794
"../../../Engine/Content/EngineMaterials/Substrate/Glints2/dict_0003_0140.uasset" 7795
"/Engine/EngineMaterials/Substrate/Glints2/dict_0003_0145" 7796
"/Engine/EngineMaterials/Substrate/Glints2/dict_0003_0142" 7797
"/Engine/EngineMaterials/Substrate/Glints2/dict_0003_0146" 7798
"/Engine/EngineMaterials/Substrate/Glints2/dict_0003_0140" 7799
"../../../Engine/Content/EngineMaterials/Substrate/Glints2/dict_0003_0144.uasset" 7800
"../../../Engine/Content/EngineMaterials/Substrate/Glints2/dict_0003_0147.uasset" 7801
"../../../Engine/Content/EngineMaterials/Substrate/Glints2/dict_0003_0150.uasset" 7802
"../../../Engine/Content/EngineMaterials/Substrate/Glints2/dict_0003_0149.uasset" 7803
"../../../Engine/Content/EngineMaterials/Substrate/Glints2/dict_0003_0152.uasset" 7804
"../../../Engine/Content/EngineMaterials/Substrate/Glints2/dict_0003_0151.uasset" 7805
"../../../Engine/Content/EngineMaterials/Substrate/Glints2/dict_0003_0148.uasset" 7806
"/Engine/EngineMaterials/Substrate/Glints2/dict_0003_0152" 7807
"../../../Engine/Content/EngineMaterials/Substrate/Glints2/dict_0003_0155.uasset" 7808
"/Engine/EngineMaterials/Substrate/Glints2/dict_0003_0151" 7809
"/Engine/EngineMaterials/Substrate/Glints2/dict_0003_0150" 7810
"/Engine/EngineMaterials/Substrate/Glints2/dict_0003_0149" 7811
"../../../Engine/Content/EngineMaterials/Substrate/Glints2/dict_0003_0158.uasset" 7812
"../../../Engine/Content/EngineMaterials/Substrate/Glints2/dict_0003_0156.uasset" 7813
"/Engine/EngineMaterials/Substrate/Glints2/dict_0003_0144" 7814
"../../../Engine/Content/EngineMaterials/Substrate/Glints2/dict_0003_0160.uasset" 7815
"../../../Engine/Content/EngineMaterials/Substrate/Glints2/dict_0003_0159.uasset" 7816
"../../../Engine/Content/EngineMaterials/Substrate/Glints2/dict_0003_0154.uasset" 7817
"/Engine/EngineMaterials/Substrate/Glints2/dict_0003_0148" 7818
"/Engine/EngineMaterials/Substrate/Glints2/dict_0003_0147" 7819
"/Engine/EngineMaterials/Substrate/Glints2/dict_0003_0158" 7820
"/Engine/EngineMaterials/Substrate/Glints2/dict_0003_0155" 7821
"/Engine/EngineMaterials/Substrate/Glints2/dict_0003_0154" 7822
"/Engine/EngineMaterials/Substrate/Glints2/dict_0003_0160" 7823
"/Engine/EngineMaterials/Substrate/Glints2/dict_0003_0159" 7824
"/Engine/EngineMaterials/Substrate/Glints2/dict_0003_0156" 7825
"../../../Engine/Content/EngineMaterials/Substrate/Glints2/dict_0003_0153.uasset" 7826
"../../../Engine/Content/EngineMaterials/Substrate/Glints2/dict_0003_0161.uasset" 7827
"../../../Engine/Content/EngineMaterials/Substrate/Glints2/dict_0003_0157.uasset" 7828
"../../../Engine/Content/EngineMaterials/Substrate/Glints2/dict_0003_0077.uasset" 7829
"../../../Engine/Content/EngineMaterials/Substrate/Glints2/dict_0003_0128.uasset" 7830
"../../../Engine/Content/EngineMaterials/Substrate/Glints2/dict_0003_0166.uasset" 7831
"../../../Engine/Content/EngineMaterials/Substrate/Glints2/dict_0003_0162.uasset" 7832
"../../../Engine/Content/EngineMaterials/Substrate/Glints2/dict_0003_0164.uasset" 7833
"../../../Engine/Content/EngineMaterials/Substrate/Glints2/dict_0003_0163.uasset" 7834
"../../../Engine/Content/EngineMaterials/Substrate/Glints2/dict_0003_0165.uasset" 7835
"../../../Engine/Content/EngineMaterials/Substrate/Glints2/dict_0003_0168.uasset" 7836
"/Engine/EngineMaterials/Substrate/Glints2/dict_0003_0157" 7837
"/Engine/EngineMaterials/Substrate/Glints2/dict_0003_0153" 7838
"../../../Engine/Content/EngineMaterials/Substrate/Glints2/dict_0003_0171.uasset" 7839
"/Engine/EngineMaterials/Substrate/Glints2/dict_0003_0168" 7840
"../../../Engine/Content/EngineMaterials/Substrate/Glints2/dict_0003_0172.uasset" 7841
"../../../Engine/Content/EngineMaterials/Substrate/Glints2/dict_0003_0175.uasset" 7842
"/Engine/EngineMaterials/Substrate/Glints2/dict_0003_0161" 7843
"/Engine/EngineMaterials/Substrate/Glints2/dict_0003_0128" 7844
"/Engine/EngineMaterials/Substrate/Glints2/dict_0003_0166" 7845
"../../../Engine/Content/EngineMaterials/Substrate/Glints2/dict_0003_0176.uasset" 7846
"/Engine/EngineMaterials/Substrate/Glints2/dict_0003_0165" 7847
"../../../Engine/Content/EngineMaterials/Substrate/Glints2/dict_0003_0173.uasset" 7848
"/Engine/EngineMaterials/Substrate/Glints2/dict_0003_0164" 7849
"/Engine/EngineMaterials/Substrate/Glints2/dict_0003_0163" 7850
"/Engine/EngineMaterials/Substrate/Glints2/dict_0003_0077" 7851
"/Engine/EngineMaterials/Substrate/Glints2/dict_0003_0162" 7852
"/Engine/EngineMaterials/Substrate/Glints2/dict_0003_0173" 7853
"../../../Engine/Content/EngineMaterials/Substrate/Glints2/dict_0003_0169.uasset" 7854
"../../../Engine/Content/EngineMaterials/Substrate/Glints2/dict_0003_0167.uasset" 7855
"/Engine/EngineMaterials/Substrate/Glints2/dict_0003_0172" 7856
"/Engine/EngineMaterials/Substrate/Glints2/dict_0003_0175" 7857
"/Engine/EngineMaterials/Substrate/Glints2/dict_0003_0176" 7858
"/Engine/EngineMaterials/Substrate/Glints2/dict_0003_0171" 7859
"/Engine/EngineMaterials/Substrate/Glints2/dict_0003_0169" 7860
"/Engine/EngineMaterials/Substrate/Glints2/dict_0003_0167" 7861
"../../../Engine/Content/EngineMaterials/Substrate/Glints2/dict_0003_0177.uasset" 7862
"../../../Engine/Content/EngineMaterials/Substrate/Glints2/dict_0003_0180.uasset" 7863
"../../../Engine/Content/EngineMaterials/Substrate/Glints2/dict_0003_0178.uasset" 7864
"../../../Engine/Content/EngineMaterials/Substrate/Glints2/dict_0003_0174.uasset" 7865
"../../../Engine/Content/EngineMaterials/Substrate/Glints2/dict_0003_0179.uasset" 7866
"../../../Engine/Content/EngineMaterials/Substrate/Glints2/dict_0003_0181.uasset" 7867
"../../../Engine/Content/EngineMaterials/Substrate/Glints2/dict_0003_0182.uasset" 7868
"../../../Engine/Content/EngineMaterials/Substrate/Glints2/dict_0003_0186.uasset" 7869
"../../../Engine/Content/EngineMaterials/Substrate/Glints2/dict_0003_0187.uasset" 7870
"../../../Engine/Content/EngineMaterials/Substrate/Glints2/dict_0003_0183.uasset" 7871
"../../../Engine/Content/EngineMaterials/Substrate/Glints2/dict_0003_0184.uasset" 7872
"/Engine/EngineMaterials/Substrate/Glints2/dict_0003_0174" 7873
"/Engine/EngineMaterials/Substrate/Glints2/dict_0003_0187" 7874
"/Engine/EngineMaterials/Substrate/Glints2/dict_0003_0186" 7875
"/Engine/EngineMaterials/Substrate/Glints2/dict_0003_0182" 7876
"/Engine/EngineMaterials/Substrate/Glints2/dict_0003_0181" 7877
"/Engine/EngineMaterials/Substrate/Glints2/dict_0003_0180" 7878
"/Engine/EngineMaterials/Substrate/Glints2/dict_0003_0179" 7879
"/Engine/EngineMaterials/Substrate/Glints2/dict_0003_0178" 7880
"../../../Engine/Content/EngineMaterials/Substrate/Glints2/dict_0003_0185.uasset" 7881
"../../../Engine/Content/EngineMaterials/Substrate/Glints2/dict_0003_0189.uasset" 7882
"/Engine/EngineMaterials/Substrate/Glints2/dict_0003_0177" 7883
"../../../Engine/Content/EngineMaterials/Substrate/Glints2/dict_0003_0192.uasset" 7884
"../../../Engine/Content/EngineMaterials/Substrate/Glints2/dict_0003_0193.uasset" 7885
"/Engine/EngineMaterials/Substrate/Glints2/dict_0003_0184" 7886
"../../../Engine/Content/EngineMaterials/Substrate/Glints2/dict_0003_0188.uasset" 7887
"../../../Engine/Content/EngineMaterials/Substrate/Glints2/dict_0003_0190.uasset" 7888
"../../../Engine/Content/EngineMaterials/Substrate/Glints2/dict_0003_0191.uasset" 7889
"../../../Engine/Content/EngineMaterials/Substrate/Glints2/dict_0003_0199.uasset" 7890
"../../../Engine/Content/EngineMaterials/Substrate/Glints2/dict_0003_0198.uasset" 7891
"../../../Engine/Content/EngineMaterials/Substrate/Glints2/dict_0003_0201.uasset" 7892
"../../../Engine/Content/EngineMaterials/Substrate/Glints2/dict_0003_0197.uasset" 7893
"/Engine/EngineMaterials/Substrate/Glints2/dict_0003_0183" 7894
"../../../Engine/Content/EngineMaterials/Substrate/Glints2/dict_0003_0196.uasset" 7895
"../../../Engine/Content/EngineMaterials/Substrate/Glints2/dict_0003_0194.uasset" 7896
"../../../Engine/Content/EngineMaterials/Substrate/Glints2/dict_0003_0195.uasset" 7897
"/Engine/EngineMaterials/Substrate/Glints2/dict_0003_0188" 7898
"/Engine/EngineMaterials/Substrate/Glints2/dict_0003_0199" 7899
"../../../Engine/Content/EngineMaterials/Substrate/Glints2/dict_0003_0202.uasset" 7900
"../../../Engine/Content/EngineMaterials/Substrate/Glints2/dict_0003_0200.uasset" 7901
"../../../Engine/Content/EngineMaterials/Substrate/Glints2/dict_0003_0203.uasset" 7902
"../../../Engine/Content/EngineMaterials/Substrate/Glints2/dict_0003_0204.uasset" 7903
"../../../Engine/Content/EngineMaterials/Substrate/Glints2/dict_0003_0207.uasset" 7904
"/Engine/EngineMaterials/Substrate/Glints2/dict_0003_0198" 7905
"/Engine/EngineMaterials/Substrate/Glints2/dict_0003_0197" 7906
"/Engine/EngineMaterials/Substrate/Glints2/dict_0003_0196" 7907
"/Engine/EngineMaterials/Substrate/Glints2/dict_0003_0195" 7908
"../../../Engine/Content/EngineMaterials/Substrate/Glints2/dict_0003_0205.uasset" 7909
"/Engine/EngineMaterials/Substrate/Glints2/dict_0003_0194" 7910
"/Engine/EngineMaterials/Substrate/Glints2/dict_0003_0193" 7911
"../../../Engine/Content/EngineMaterials/Substrate/Glints2/dict_0003_0206.uasset" 7912
"/Engine/EngineMaterials/Substrate/Glints2/dict_0003_0185" 7913
"../../../Engine/Content/EngineMaterials/Substrate/Glints2/dict_0003_0209.uasset" 7914
"/Engine/EngineMaterials/Substrate/Glints2/dict_0003_0192" 7915
"/Engine/EngineMaterials/Substrate/Glints2/dict_0003_0191" 7916
"/Engine/EngineMaterials/Substrate/Glints2/dict_0003_0201" 7917
"/Engine/EngineMaterials/Substrate/Glints2/dict_0003_0190" 7918
"/Engine/EngineMaterials/Substrate/Glints2/dict_0003_0189" 7919
"../../../Engine/Content/EngineMaterials/Substrate/Glints2/dict_0003_0211.uasset" 7920
"/Engine/EngineMaterials/Substrate/Glints2/dict_0003_0204" 7921
"/Engine/EngineMaterials/Substrate/Glints2/dict_0003_0203" 7922
"/Engine/EngineMaterials/Substrate/Glints2/dict_0003_0206" 7923
"/Engine/EngineMaterials/Substrate/Glints2/dict_0003_0205" 7924
"/Engine/EngineMaterials/Substrate/Glints2/dict_0003_0202" 7925
"../../../Engine/Content/EngineMaterials/Substrate/Glints2/dict_0003_0210.uasset" 7926
"/Engine/EngineMaterials/Substrate/Glints2/dict_0003_0211" 7927
"/Engine/EngineMaterials/Substrate/Glints2/dict_0003_0209" 7928
"/Engine/EngineMaterials/Substrate/Glints2/dict_0003_0200" 7929
"../../../Engine/Content/EngineMaterials/Substrate/Glints2/dict_0003_0212.uasset" 7930
"/Engine/EngineMaterials/Substrate/Glints2/dict_0003_0207" 7931
"/Engine/EngineMaterials/Substrate/Glints2/dict_0003_0212" 7932
"/Engine/EngineMaterials/Substrate/Glints2/dict_0003_0210" 7933
"../../../Engine/Content/EngineMaterials/Substrate/Glints2/dict_0003_0208.uasset" 7934
"../../../Engine/Content/EngineMaterials/Substrate/Glints2/dict_0003_0214.uasset" 7935
"../../../Engine/Content/EngineMaterials/Substrate/Glints2/dict_0003_0215.uasset" 7936
"../../../Engine/Content/EngineMaterials/Substrate/Glints2/dict_0003_0216.uasset" 7937
"../../../Engine/Content/EngineMaterials/Substrate/Glints2/dict_0003_0217.uasset" 7938
"../../../Engine/Content/EngineMaterials/Substrate/Glints2/dict_0003_0218.uasset" 7939
"../../../Engine/Content/EngineMaterials/Substrate/Glints2/dict_0003_0213.uasset" 7940
"/Engine/EngineMaterials/Substrate/Glints2/dict_0003_0217" 7941
"../../../Engine/Content/EngineMaterials/Substrate/Glints2/dict_0003_0222.uasset" 7942
"../../../Engine/Content/EngineMaterials/Substrate/Glints2/dict_0003_0220.uasset" 7943
"../../../Engine/Content/EngineMaterials/Substrate/Glints2/dict_0003_0219.uasset" 7944
"../../../Engine/Content/EngineMaterials/Substrate/Glints2/dict_0003_0221.uasset" 7945
"../../../Engine/Content/EngineMaterials/Substrate/Glints2/dict_0003_0224.uasset" 7946
"/Engine/EngineMaterials/Substrate/Glints2/dict_0003_0216" 7947
"/Engine/EngineMaterials/Substrate/Glints2/dict_0003_0215" 7948
"/Engine/EngineMaterials/Substrate/Glints2/dict_0003_0214" 7949
"/Engine/EngineMaterials/Substrate/Glints2/dict_0003_0213" 7950
"/Engine/EngineMaterials/Substrate/Glints2/dict_0003_0208" 7951
"/Engine/EngineMaterials/Substrate/Glints2/dict_0003_0218" 7952
"../../../Engine/Content/EngineMaterials/Substrate/Glints2/dict_0003_0227.uasset" 7953
"/Engine/EngineMaterials/Substrate/Glints2/dict_0003_0227" 7954
"/Engine/EngineMaterials/Substrate/Glints2/dict_0003_0224" 7955
"../../../Engine/Content/EngineMaterials/Substrate/Glints2/dict_0003_0228.uasset" 7956
"../../../Engine/Content/EngineMaterials/Substrate/Glints2/dict_0003_0229.uasset" 7957
"../../../Engine/Content/EngineMaterials/Substrate/Glints2/dict_0003_0230.uasset" 7958
"/Engine/EngineMaterials/Substrate/Glints2/dict_0003_0222" 7959
"../../../Engine/Content/EngineMaterials/Substrate/Glints2/dict_0003_0225.uasset" 7960
"../../../Engine/Content/EngineMaterials/Substrate/Glints2/dict_0003_0223.uasset" 7961
"/Engine/EngineMaterials/Substrate/Glints2/dict_0003_0221" 7962
"/Engine/EngineMaterials/Substrate/Glints2/dict_0003_0220" 7963
"/Engine/EngineMaterials/Substrate/Glints2/dict_0003_0219" 7964
"/Engine/EngineMaterials/Substrate/Glints2/dict_0003_0230" 7965
"../../../Engine/Content/EngineMaterials/Substrate/Glints2/dict_0003_0231.uasset" 7966
"/Engine/EngineMaterials/Substrate/Glints2/dict_0003_0229" 7967
"/Engine/EngineMaterials/Substrate/Glints2/dict_0003_0228" 7968
"/Engine/EngineMaterials/Substrate/Glints2/dict_0003_0225" 7969
"/Engine/EngineMaterials/Substrate/Glints2/dict_0003_0223" 7970
"/Engine/EngineMaterials/Substrate/Glints2/dict_0003_0231" 7971
"../../../Engine/Content/EngineMaterials/Substrate/Glints2/dict_0003_0232.uasset" 7972
"../../../Engine/Content/EngineMaterials/Substrate/Glints2/dict_0003_0235.uasset" 7973
"../../../Engine/Content/EngineMaterials/Substrate/Glints2/dict_0003_0233.uasset" 7974
"../../../Engine/Content/EngineMaterials/Substrate/Glints2/dict_0003_0226.uasset" 7975
"../../../Engine/Content/EngineMaterials/Substrate/Glints2/dict_0003_0234.uasset" 7976
"../../../Engine/Content/EngineMaterials/Substrate/Glints2/dict_0003_0238.uasset" 7977
"../../../Engine/Content/EngineMaterials/Substrate/Glints2/dict_0003_0236.uasset" 7978
"../../../Engine/Content/EngineMaterials/Substrate/Glints2/dict_0003_0237.uasset" 7979
"../../../Engine/Content/EngineMaterials/Substrate/Glints2/dict_0003_0241.uasset" 7980
"../../../Engine/Content/EngineMaterials/Substrate/Glints2/dict_0003_0239.uasset" 7981
"../../../Engine/Content/EngineMaterials/Substrate/Glints2/dict_0003_0242.uasset" 7982
"/Engine/EngineMaterials/Substrate/Glints2/dict_0003_0239" 7983
"/Engine/EngineMaterials/Substrate/Glints2/dict_0003_0238" 7984
"/Engine/EngineMaterials/Substrate/Glints2/dict_0003_0237" 7985
"/Engine/EngineMaterials/Substrate/Glints2/dict_0003_0236" 7986
"../../../Engine/Content/EngineMaterials/Substrate/Glints2/dict_0003_0245.uasset" 7987
"../../../Engine/Content/EngineMaterials/Substrate/Glints2/dict_0003_0243.uasset" 7988
"/Engine/EngineMaterials/Substrate/Glints2/dict_0003_0226" 7989
"../../../Engine/Content/EngineMaterials/Substrate/Glints2/dict_0003_0240.uasset" 7990
"/Engine/EngineMaterials/Substrate/Glints2/dict_0003_0242" 7991
"/Engine/EngineMaterials/Substrate/Glints2/dict_0003_0235" 7992
"/Engine/EngineMaterials/Substrate/Glints2/dict_0003_0241" 7993
"/Engine/EngineMaterials/Substrate/Glints2/dict_0003_0234" 7994
"/Engine/EngineMaterials/Substrate/Glints2/dict_0003_0233" 7995
"/Engine/EngineMaterials/Substrate/Glints2/dict_0003_0232" 7996
"/Engine/EngineMaterials/Substrate/Glints2/dict_0003_0240" 7997
"/Engine/EngineMaterials/Substrate/Glints2/dict_0003_0245" 7998
"../../../Engine/Content/EngineMaterials/Substrate/Glints2/dict_0003_0246.uasset" 7999
"../../../Engine/Content/EngineMaterials/Substrate/Glints2/dict_0003_0247.uasset" 8000
"/Engine/EngineMaterials/Substrate/Glints2/dict_0003_0243" 8001
"/Engine/EngineMaterials/Substrate/Glints2/dict_0003_0247" 8002
"/Engine/EngineMaterials/Substrate/Glints2/dict_0003_0246" 8003
"../../../Engine/Content/EngineMaterials/Substrate/Glints2/dict_0003_0250.uasset" 8004
"../../../Engine/Content/EngineMaterials/Substrate/Glints2/dict_0003_0244.uasset" 8005
"../../../Engine/Content/EngineMaterials/Substrate/Glints2/dict_0003_0251.uasset" 8006
"../../../Engine/Content/EngineMaterials/Substrate/Glints2/dict_0003_0253.uasset" 8007
"../../../Engine/Content/EngineMaterials/Substrate/Glints2/dict_0003_0252.uasset" 8008
"../../../Engine/Content/EngineMaterials/Substrate/Glints2/dict_0004_0001.uasset" 8009
"../../../Engine/Content/EngineMaterials/Substrate/Glints2/dict_0003_0254.uasset" 8010
"../../../Engine/Content/EngineMaterials/Substrate/Glints2/dict_0003_0249.uasset" 8011
"../../../Engine/Content/EngineMaterials/Substrate/Glints2/dict_0003_0248.uasset" 8012
"../../../Engine/Content/EngineMaterials/Substrate/Glints2/dict_0003_0255.uasset" 8013
"../../../Engine/Content/EngineMaterials/Substrate/Glints2/dict_0004_0006.uasset" 8014
"../../../Engine/Content/EngineMaterials/Substrate/Glints2/dict_0004_0004.uasset" 8015
"../../../Engine/Content/EngineMaterials/Substrate/Glints2/dict_0004_0005.uasset" 8016
"/Engine/EngineMaterials/Substrate/Glints2/dict_0003_0249" 8017
"../../../Engine/Content/EngineMaterials/Substrate/Glints2/dict_0004_0000.uasset" 8018
"/Engine/EngineMaterials/Substrate/Glints2/dict_0004_0004" 8019
"/Engine/EngineMaterials/Substrate/Glints2/dict_0003_0248" 8020
"../../../Engine/Content/EngineMaterials/Substrate/Glints2/dict_0004_0002.uasset" 8021
"/Engine/EngineMaterials/Substrate/Glints2/dict_0003_0255" 8022
"/Engine/EngineMaterials/Substrate/Glints2/dict_0004_0001" 8023
"/Engine/EngineMaterials/Substrate/Glints2/dict_0003_0254" 8024
"/Engine/EngineMaterials/Substrate/Glints2/dict_0003_0253" 8025
"/Engine/EngineMaterials/Substrate/Glints2/dict_0003_0244" 8026
"../../../Engine/Content/EngineMaterials/Substrate/Glints2/dict_0004_0008.uasset" 8027
"../../../Engine/Content/EngineMaterials/Substrate/Glints2/dict_0004_0003.uasset" 8028
"/Engine/EngineMaterials/Substrate/Glints2/dict_0003_0252" 8029
"/Engine/EngineMaterials/Substrate/Glints2/dict_0003_0251" 8030
"/Engine/EngineMaterials/Substrate/Glints2/dict_0003_0250" 8031
"/Engine/EngineMaterials/Substrate/Glints2/dict_0004_0006" 8032
"/Engine/EngineMaterials/Substrate/Glints2/dict_0004_0005" 8033
"/Engine/EngineMaterials/Substrate/Glints2/dict_0004_0003" 8034
"../../../Engine/Content/EngineMaterials/Substrate/Glints2/dict_0004_0011.uasset" 8035
"../../../Engine/Content/EngineMaterials/Substrate/Glints2/dict_0004_0009.uasset" 8036
"/Engine/EngineMaterials/Substrate/Glints2/dict_0004_0002" 8037
"/Engine/EngineMaterials/Substrate/Glints2/dict_0004_0008" 8038
"/Engine/EngineMaterials/Substrate/Glints2/dict_0004_0000" 8039
"/Engine/EngineMaterials/Substrate/Glints2/dict_0004_0011" 8040
"/Engine/EngineMaterials/Substrate/Glints2/dict_0004_0009" 8041
"../../../Engine/Content/EngineMaterials/Substrate/Glints2/dict_0004_0013.uasset" 8042
"../../../Engine/Content/EngineMaterials/Substrate/Glints2/dict_0004_0012.uasset" 8043
"../../../Engine/Content/EngineMaterials/Substrate/Glints2/dict_0004_0010.uasset" 8044
"../../../Engine/Content/EngineMaterials/Substrate/Glints2/dict_0004_0015.uasset" 8045
"../../../Engine/Content/EngineMaterials/Substrate/Glints2/dict_0004_0016.uasset" 8046
"../../../Engine/Content/EngineMaterials/Substrate/Glints2/dict_0004_0014.uasset" 8047
"../../../Engine/Content/EngineMaterials/Substrate/Glints2/dict_0004_0017.uasset" 8048
"../../../Engine/Content/EngineMaterials/Substrate/Glints2/dict_0004_0019.uasset" 8049
"../../../Engine/Content/EngineMaterials/Substrate/Glints2/dict_0004_0021.uasset" 8050
"/Engine/EngineMaterials/Substrate/Glints2/dict_0004_0019" 8051
"/Engine/EngineMaterials/Substrate/Glints2/dict_0004_0016" 8052
"../../../Engine/Content/EngineMaterials/Substrate/Glints2/dict_0004_0018.uasset" 8053
"../../../Engine/Content/EngineMaterials/Substrate/Glints2/dict_0004_0022.uasset" 8054
"../../../Engine/Content/EngineMaterials/Substrate/Glints2/dict_0004_0020.uasset" 8055
"../../../Engine/Content/EngineMaterials/Substrate/Glints2/dict_0004_0023.uasset" 8056
"/Engine/EngineMaterials/Substrate/Glints2/dict_0004_0015" 8057
"/Engine/EngineMaterials/Substrate/Glints2/dict_0004_0014" 8058
"/Engine/EngineMaterials/Substrate/Glints2/dict_0004_0013" 8059
"/Engine/EngineMaterials/Substrate/Glints2/dict_0004_0012" 8060
"/Engine/EngineMaterials/Substrate/Glints2/dict_0004_0010" 8061
"/Engine/EngineMaterials/Substrate/Glints2/dict_0004_0017" 8062
"../../../Engine/Content/EngineMaterials/Substrate/Glints2/dict_0004_0026.uasset" 8063
"../../../Engine/Content/EngineMaterials/Substrate/Glints2/dict_0004_0024.uasset" 8064
"/Engine/EngineMaterials/Substrate/Glints2/dict_0004_0021" 8065
"../../../Engine/Content/EngineMaterials/Substrate/Glints2/dict_0004_0025.uasset" 8066
"/Engine/EngineMaterials/Substrate/Glints2/dict_0004_0020" 8067
"../../../Engine/Content/EngineMaterials/Substrate/Glints2/dict_0004_0028.uasset" 8068
"../../../Engine/Content/EngineMaterials/Substrate/Glints2/dict_0004_0027.uasset" 8069
"../../../Engine/Content/EngineMaterials/Substrate/Glints2/dict_0004_0030.uasset" 8070
"/Engine/EngineMaterials/Substrate/Glints2/dict_0004_0018" 8071
"../../../Engine/Content/EngineMaterials/Substrate/Glints2/dict_0004_0029.uasset" 8072
"/Engine/EngineMaterials/Substrate/Glints2/dict_0004_0026" 8073
"/Engine/EngineMaterials/Substrate/Glints2/dict_0004_0024" 8074
"/Engine/EngineMaterials/Substrate/Glints2/dict_0004_0023" 8075
"/Engine/EngineMaterials/Substrate/Glints2/dict_0004_0022" 8076
"/Engine/EngineMaterials/Substrate/Glints2/dict_0004_0030" 8077
"../../../Engine/Content/EngineMaterials/Substrate/Glints2/dict_0004_0031.uasset" 8078
"../../../Engine/Content/EngineMaterials/Substrate/Glints2/dict_0004_0033.uasset" 8079
"/Engine/EngineMaterials/Substrate/Glints2/dict_0004_0029" 8080
"../../../Engine/Content/EngineMaterials/Substrate/Glints2/dict_0004_0035.uasset" 8081
"/Engine/EngineMaterials/Substrate/Glints2/dict_0004_0028" 8082
"../../../Engine/Content/EngineMaterials/Substrate/Glints2/dict_0004_0032.uasset" 8083
"/Engine/EngineMaterials/Substrate/Glints2/dict_0004_0027" 8084
"/Engine/EngineMaterials/Substrate/Glints2/dict_0004_0025" 8085
"/Engine/EngineMaterials/Substrate/Glints2/dict_0004_0033" 8086
"/Engine/EngineMaterials/Substrate/Glints2/dict_0004_0032" 8087
"/Engine/EngineMaterials/Substrate/Glints2/dict_0004_0031" 8088
"/Engine/EngineMaterials/Substrate/Glints2/dict_0004_0035" 8089
"../../../Engine/Content/EngineMaterials/Substrate/Glints2/dict_0004_0034.uasset" 8090
"../../../Engine/Content/EngineMaterials/Substrate/Glints2/dict_0004_0037.uasset" 8091
"../../../Engine/Content/EngineMaterials/Substrate/Glints2/dict_0004_0041.uasset" 8092
"../../../Engine/Content/EngineMaterials/Substrate/Glints2/dict_0004_0036.uasset" 8093
"../../../Engine/Content/EngineMaterials/Substrate/Glints2/dict_0004_0038.uasset" 8094
"../../../Engine/Content/EngineMaterials/Substrate/Glints2/dict_0004_0040.uasset" 8095
"../../../Engine/Content/EngineMaterials/Substrate/Glints2/dict_0004_0039.uasset" 8096
"../../../Engine/Content/EngineMaterials/Substrate/Glints2/dict_0004_0043.uasset" 8097
"/Engine/EngineMaterials/Substrate/Glints2/dict_0004_0038" 8098
"../../../Engine/Content/EngineMaterials/Substrate/Glints2/dict_0004_0042.uasset" 8099
"../../../Engine/Content/EngineMaterials/Substrate/Glints2/dict_0004_0047.uasset" 8100
"/Engine/EngineMaterials/Substrate/Glints2/dict_0004_0037" 8101
"../../../Engine/Content/EngineMaterials/Substrate/Glints2/dict_0004_0044.uasset" 8102
"/Engine/EngineMaterials/Substrate/Glints2/dict_0004_0036" 8103
"/Engine/EngineMaterials/Substrate/Glints2/dict_0004_0040" 8104
"/Engine/EngineMaterials/Substrate/Glints2/dict_0004_0039" 8105
"../../../Engine/Content/EngineMaterials/Substrate/Glints2/dict_0004_0046.uasset" 8106
"/Engine/EngineMaterials/Substrate/Glints2/dict_0004_0034" 8107
"/Engine/EngineMaterials/Substrate/Glints2/dict_0004_0041" 8108
"/Engine/EngineMaterials/Substrate/Glints2/dict_0004_0047" 8109
"/Engine/EngineMaterials/Substrate/Glints2/dict_0004_0046" 8110
"/Engine/EngineMaterials/Substrate/Glints2/dict_0004_0044" 8111
"/Engine/EngineMaterials/Substrate/Glints2/dict_0004_0043" 8112
"/Engine/EngineMaterials/Substrate/Glints2/dict_0004_0042" 8113
"../../../Engine/Content/EngineMaterials/Substrate/Glints2/dict_0004_0045.uasset" 8114
"../../../Engine/Content/EngineMaterials/Substrate/Glints2/dict_0004_0050.uasset" 8115
"../../../Engine/Content/EngineMaterials/Substrate/Glints2/dict_0004_0051.uasset" 8116
"../../../Engine/Content/EngineMaterials/Substrate/Glints2/dict_0004_0053.uasset" 8117
"../../../Engine/Content/EngineMaterials/Substrate/Glints2/dict_0004_0048.uasset" 8118
"../../../Engine/Content/EngineMaterials/Substrate/Glints2/dict_0004_0054.uasset" 8119
"../../../Engine/Content/EngineMaterials/Substrate/Glints2/dict_0004_0049.uasset" 8120
"/Engine/EngineMaterials/Substrate/Glints2/dict_0004_0048" 8121
"../../../Engine/Content/EngineMaterials/Substrate/Glints2/dict_0004_0052.uasset" 8122
"/Engine/EngineMaterials/Substrate/Glints2/dict_0004_0054" 8123
"/Engine/EngineMaterials/Substrate/Glints2/dict_0004_0045" 8124
"/Engine/EngineMaterials/Substrate/Glints2/dict_0004_0053" 8125
"../../../Engine/Content/EngineMaterials/Substrate/Glints2/dict_0004_0055.uasset" 8126
"/Engine/EngineMaterials/Substrate/Glints2/dict_0004_0051" 8127
"../../../Engine/Content/EngineMaterials/Substrate/Glints2/dict_0004_0057.uasset" 8128
"../../../Engine/Content/EngineMaterials/Substrate/Glints2/dict_0004_0058.uasset" 8129
"/Engine/EngineMaterials/Substrate/Glints2/dict_0004_0050" 8130
"/Engine/EngineMaterials/Substrate/Glints2/dict_0004_0049" 8131
"../../../Engine/Content/EngineMaterials/Substrate/Glints2/dict_0004_0059.uasset" 8132
"../../../Engine/Content/EngineMaterials/Substrate/Glints2/dict_0004_0056.uasset" 8133
"/Engine/EngineMaterials/Substrate/Glints2/dict_0004_0055" 8134
"/Engine/EngineMaterials/Substrate/Glints2/dict_0004_0059" 8135
"/Engine/EngineMaterials/Substrate/Glints2/dict_0004_0058" 8136
"/Engine/EngineMaterials/Substrate/Glints2/dict_0004_0057" 8137
"/Engine/EngineMaterials/Substrate/Glints2/dict_0004_0052" 8138
"/Engine/EngineMaterials/Substrate/Glints2/dict_0004_0056" 8139
"../../../Engine/Content/EngineMaterials/Substrate/Glints2/dict_0004_0060.uasset" 8140
"../../../Engine/Content/EngineMaterials/Substrate/Glints2/dict_0004_0063.uasset" 8141
"../../../Engine/Content/EngineMaterials/Substrate/Glints2/dict_0004_0065.uasset" 8142
"../../../Engine/Content/EngineMaterials/Substrate/Glints2/dict_0004_0064.uasset" 8143
"../../../Engine/Content/EngineMaterials/Substrate/Glints2/dict_0004_0007.uasset" 8144
"../../../Engine/Content/EngineMaterials/Substrate/Glints2/dict_0004_0066.uasset" 8145
"../../../Engine/Content/EngineMaterials/Substrate/Glints2/dict_0004_0062.uasset" 8146
"../../../Engine/Content/EngineMaterials/Substrate/Glints2/dict_0004_0067.uasset" 8147
"/Engine/EngineMaterials/Substrate/Glints2/dict_0004_0064" 8148
"/Engine/EngineMaterials/Substrate/Glints2/dict_0004_0063" 8149
"/Engine/EngineMaterials/Substrate/Glints2/dict_0004_0062" 8150
"/Engine/EngineMaterials/Substrate/Glints2/dict_0004_0060" 8151
"/Engine/EngineMaterials/Substrate/Glints2/dict_0004_0067" 8152
"../../../Engine/Content/EngineMaterials/Substrate/Glints2/dict_0004_0069.uasset" 8153
"/Engine/EngineMaterials/Substrate/Glints2/dict_0004_0066" 8154
"/Engine/EngineMaterials/Substrate/Glints2/dict_0004_0065" 8155
"../../../Engine/Content/EngineMaterials/Substrate/Glints2/dict_0004_0071.uasset" 8156
"../../../Engine/Content/EngineMaterials/Substrate/Glints2/dict_0004_0073.uasset" 8157
"../../../Engine/Content/EngineMaterials/Substrate/Glints2/dict_0004_0070.uasset" 8158
"/Engine/EngineMaterials/Substrate/Glints2/dict_0004_0007" 8159
"../../../Engine/Content/EngineMaterials/Substrate/Glints2/dict_0004_0072.uasset" 8160
"/Engine/EngineMaterials/Substrate/Glints2/dict_0004_0071" 8161
"/Engine/EngineMaterials/Substrate/Glints2/dict_0004_0070" 8162
"/Engine/EngineMaterials/Substrate/Glints2/dict_0004_0069" 8163
"/Engine/EngineMaterials/Substrate/Glints2/dict_0004_0073" 8164
"/Engine/EngineMaterials/Substrate/Glints2/dict_0004_0072" 8165
"../../../Engine/Content/EngineMaterials/Substrate/Glints2/dict_0004_0068.uasset" 8166
"../../../Engine/Content/EngineMaterials/Substrate/Glints2/dict_0004_0076.uasset" 8167
"../../../Engine/Content/EngineMaterials/Substrate/Glints2/dict_0004_0074.uasset" 8168
"../../../Engine/Content/EngineMaterials/Substrate/Glints2/dict_0004_0077.uasset" 8169
"../../../Engine/Content/EngineMaterials/Substrate/Glints2/dict_0004_0078.uasset" 8170
"../../../Engine/Content/EngineMaterials/Substrate/Glints2/dict_0004_0075.uasset" 8171
"../../../Engine/Content/EngineMaterials/Substrate/Glints2/dict_0004_0079.uasset" 8172
"../../../Engine/Content/EngineMaterials/Substrate/Glints2/dict_0004_0080.uasset" 8173
"/Engine/EngineMaterials/Substrate/Glints2/dict_0004_0076" 8174
"/Engine/EngineMaterials/Substrate/Glints2/dict_0004_0075" 8175
"../../../Engine/Content/EngineMaterials/Substrate/Glints2/dict_0004_0081.uasset" 8176
"/Engine/EngineMaterials/Substrate/Glints2/dict_0004_0074" 8177
"../../../Engine/Content/EngineMaterials/Substrate/Glints2/dict_0004_0082.uasset" 8178
"../../../Engine/Content/EngineMaterials/Substrate/Glints2/dict_0004_0083.uasset" 8179
"/Engine/EngineMaterials/Substrate/Glints2/dict_0004_0080" 8180
"../../../Engine/Content/EngineMaterials/Substrate/Glints2/dict_0004_0086.uasset" 8181
"../../../Engine/Content/EngineMaterials/Substrate/Glints2/dict_0004_0084.uasset" 8182
"../../../Engine/Content/EngineMaterials/Substrate/Glints2/dict_0004_0085.uasset" 8183
"/Engine/EngineMaterials/Substrate/Glints2/dict_0004_0068" 8184
"/Engine/EngineMaterials/Substrate/Glints2/dict_0004_0079" 8185
"/Engine/EngineMaterials/Substrate/Glints2/dict_0004_0078" 8186
"/Engine/EngineMaterials/Substrate/Glints2/dict_0004_0077" 8187
"/Engine/EngineMaterials/Substrate/Glints2/dict_0004_0083" 8188
"/Engine/EngineMaterials/Substrate/Glints2/dict_0004_0082" 8189
"/Engine/EngineMaterials/Substrate/Glints2/dict_0004_0081" 8190
"../../../Engine/Content/EngineMaterials/Substrate/Glints2/dict_0004_0088.uasset" 8191
"/Engine/EngineMaterials/Substrate/Glints2/dict_0004_0086" 8192
"/Engine/EngineMaterials/Substrate/Glints2/dict_0004_0085" 8193
"/Engine/EngineMaterials/Substrate/Glints2/dict_0004_0084" 8194
"/Engine/EngineMaterials/Substrate/Glints2/dict_0004_0088" 8195
"../../../Engine/Content/EngineMaterials/Substrate/Glints2/dict_0004_0087.uasset" 8196
"../../../Engine/Content/EngineMaterials/Substrate/Glints2/dict_0004_0089.uasset" 8197
"../../../Engine/Content/EngineMaterials/Substrate/Glints2/dict_0004_0090.uasset" 8198
"../../../Engine/Content/EngineMaterials/Substrate/Glints2/dict_0004_0093.uasset" 8199
"../../../Engine/Content/EngineMaterials/Substrate/Glints2/dict_0004_0091.uasset" 8200
"../../../Engine/Content/EngineMaterials/Substrate/Glints2/dict_0004_0094.uasset" 8201
"../../../Engine/Content/EngineMaterials/Substrate/Glints2/dict_0003_0170.uasset" 8202
"../../../Engine/Content/EngineMaterials/Substrate/Glints2/dict_0004_0095.uasset" 8203
"/Engine/EngineMaterials/Substrate/Glints2/dict_0004_0089" 8204
"../../../Engine/Content/EngineMaterials/Substrate/Glints2/dict_0004_0092.uasset" 8205
"/Engine/EngineMaterials/Substrate/Glints2/dict_0003_0170" 8206
"/Engine/EngineMaterials/Substrate/Glints2/dict_0004_0094" 8207
"../../../Engine/Content/EngineMaterials/Substrate/Glints2/dict_0004_0096.uasset" 8208
"/Engine/EngineMaterials/Substrate/Glints2/dict_0004_0093" 8209
"/Engine/EngineMaterials/Substrate/Glints2/dict_0004_0087" 8210
"/Engine/EngineMaterials/Substrate/Glints2/dict_0004_0091" 8211
"/Engine/EngineMaterials/Substrate/Glints2/dict_0004_0090" 8212
"/Engine/EngineMaterials/Substrate/Glints2/dict_0004_0096" 8213
"/Engine/EngineMaterials/Substrate/Glints2/dict_0004_0095" 8214
"/Engine/EngineMaterials/Substrate/Glints2/dict_0004_0092" 8215
"../../../Engine/Content/EngineMaterials/Substrate/Glints2/dict_0004_0098.uasset" 8216
"../../../Engine/Content/EngineMaterials/Substrate/Glints2/dict_0004_0101.uasset" 8217
"../../../Engine/Content/EngineMaterials/Substrate/Glints2/dict_0004_0100.uasset" 8218
"../../../Engine/Content/EngineMaterials/Substrate/Glints2/dict_0004_0097.uasset" 8219
"../../../Engine/Content/EngineMaterials/Substrate/Glints2/dict_0004_0104.uasset" 8220
"../../../Engine/Content/EngineMaterials/Substrate/Glints2/dict_0004_0105.uasset" 8221
"../../../Engine/Content/EngineMaterials/Substrate/Glints2/dict_0004_0099.uasset" 8222
"../../../Engine/Content/EngineMaterials/Substrate/Glints2/dict_0004_0103.uasset" 8223
"../../../Engine/Content/EngineMaterials/Substrate/Glints2/dict_0004_0061.uasset" 8224
"../../../Engine/Content/EngineMaterials/Substrate/Glints2/dict_0004_0109.uasset" 8225
"/Engine/EngineMaterials/Substrate/Glints2/dict_0004_0101" 8226
"../../../Engine/Content/EngineMaterials/Substrate/Glints2/dict_0004_0106.uasset" 8227
"/Engine/EngineMaterials/Substrate/Glints2/dict_0004_0097" 8228
"/Engine/EngineMaterials/Substrate/Glints2/dict_0004_0100" 8229
"../../../Engine/Content/EngineMaterials/Substrate/Glints2/dict_0004_0108.uasset" 8230
"/Engine/EngineMaterials/Substrate/Glints2/dict_0004_0099" 8231
"../../../Engine/Content/EngineMaterials/Substrate/Glints2/dict_0004_0113.uasset" 8232
"/Engine/EngineMaterials/Substrate/Glints2/dict_0004_0098" 8233
"/Engine/EngineMaterials/Substrate/Glints2/dict_0004_0061" 8234
"/Engine/EngineMaterials/Substrate/Glints2/dict_0004_0105" 8235
"/Engine/EngineMaterials/Substrate/Glints2/dict_0004_0104" 8236
"/Engine/EngineMaterials/Substrate/Glints2/dict_0004_0103" 8237
"../../../Engine/Content/EngineMaterials/Substrate/Glints2/dict_0004_0112.uasset" 8238
"/Engine/EngineMaterials/Substrate/Glints2/dict_0004_0109" 8239
"../../../Engine/Content/EngineMaterials/Substrate/Glints2/dict_0004_0110.uasset" 8240
"../../../Engine/Content/EngineMaterials/Substrate/Glints2/dict_0004_0111.uasset" 8241
"/Engine/EngineMaterials/Substrate/Glints2/dict_0004_0108" 8242
"/Engine/EngineMaterials/Substrate/Glints2/dict_0004_0106" 8243
"/Engine/EngineMaterials/Substrate/Glints2/dict_0004_0113" 8244
"/Engine/EngineMaterials/Substrate/Glints2/dict_0004_0112" 8245
"/Engine/EngineMaterials/Substrate/Glints2/dict_0004_0110" 8246
"/Engine/EngineMaterials/Substrate/Glints2/dict_0004_0111" 8247
"../../../Engine/Content/EngineMaterials/Substrate/Glints2/dict_0004_0102.uasset" 8248
"../../../Engine/Content/EngineMaterials/Substrate/Glints2/dict_0004_0107.uasset" 8249
"../../../Engine/Content/EngineMaterials/Substrate/Glints2/dict_0004_0116.uasset" 8250
"../../../Engine/Content/EngineMaterials/Substrate/Glints2/dict_0004_0117.uasset" 8251
"../../../Engine/Content/EngineMaterials/Substrate/Glints2/dict_0004_0118.uasset" 8252
"../../../Engine/Content/EngineMaterials/Substrate/Glints2/dict_0004_0115.uasset" 8253
"/Engine/EngineMaterials/Substrate/Glints2/dict_0004_0116" 8254
"/Engine/EngineMaterials/Substrate/Glints2/dict_0004_0115" 8255
"/Engine/EngineMaterials/Substrate/Glints2/dict_0004_0107" 8256
"../../../Engine/Content/EngineMaterials/Substrate/Glints2/dict_0004_0114.uasset" 8257
"/Engine/EngineMaterials/Substrate/Glints2/dict_0004_0102" 8258
"/Engine/EngineMaterials/Substrate/Glints2/dict_0004_0117" 8259
"/Engine/EngineMaterials/Substrate/Glints2/dict_0004_0118" 8260
"/Engine/EngineMaterials/Substrate/Glints2/dict_0004_0114" 8261
"../../../Engine/Content/EngineMaterials/Substrate/Glints2/dict_0004_0119.uasset" 8262
"../../../Engine/Content/EngineMaterials/Substrate/Glints2/dict_0004_0121.uasset" 8263
"../../../Engine/Content/EngineMaterials/Substrate/Glints2/dict_0004_0126.uasset" 8264
"../../../Engine/Content/EngineMaterials/Substrate/Glints2/dict_0004_0128.uasset" 8265
"../../../Engine/Content/EngineMaterials/Substrate/Glints2/dict_0004_0129.uasset" 8266
"../../../Engine/Content/EngineMaterials/Substrate/Glints2/dict_0004_0125.uasset" 8267
"../../../Engine/Content/EngineMaterials/Substrate/Glints2/dict_0004_0123.uasset" 8268
"../../../Engine/Content/EngineMaterials/Substrate/Glints2/dict_0004_0127.uasset" 8269
"../../../Engine/Content/EngineMaterials/Substrate/Glints2/dict_0004_0124.uasset" 8270
"../../../Engine/Content/EngineMaterials/Substrate/Glints2/dict_0004_0132.uasset" 8271
"../../../Engine/Content/EngineMaterials/Substrate/Glints2/dict_0004_0133.uasset" 8272
"../../../Engine/Content/EngineMaterials/Substrate/Glints2/dict_0004_0134.uasset" 8273
"../../../Engine/Content/EngineMaterials/Substrate/Glints2/dict_0004_0131.uasset" 8274
"../../../Engine/Content/EngineMaterials/Substrate/Glints2/dict_0004_0135.uasset" 8275
"../../../Engine/Content/EngineMaterials/Substrate/Glints2/dict_0004_0136.uasset" 8276
"../../../Engine/Content/EngineMaterials/Substrate/Glints2/dict_0004_0138.uasset" 8277
"../../../Engine/Content/EngineMaterials/Substrate/Glints2/dict_0004_0137.uasset" 8278
"../../../Engine/Content/EngineMaterials/Substrate/Glints2/dict_0004_0141.uasset" 8279
"../../../Engine/Content/EngineMaterials/Substrate/Glints2/dict_0004_0139.uasset" 8280
"../../../Engine/Content/EngineMaterials/Substrate/Glints2/dict_0004_0140.uasset" 8281
"../../../Engine/Content/EngineMaterials/Substrate/Glints2/dict_0004_0142.uasset" 8282
"../../../Engine/Content/EngineMaterials/Substrate/Glints2/dict_0004_0120.uasset" 8283
"../../../Engine/Content/EngineMaterials/Substrate/Glints2/dict_0004_0122.uasset" 8284
"../../../Engine/Content/EngineMaterials/Substrate/Glints2/dict_0004_0144.uasset" 8285
"../../../Engine/Content/EngineMaterials/Substrate/Glints2/dict_0004_0145.uasset" 8286
"/Engine/EngineMaterials/Substrate/Glints2/dict_0004_0136" 8287
"/Engine/EngineMaterials/Substrate/Glints2/dict_0004_0135" 8288
"/Engine/EngineMaterials/Substrate/Glints2/dict_0004_0127" 8289
"../../../Engine/Content/EngineMaterials/Substrate/Glints2/dict_0004_0147.uasset" 8290
"../../../Engine/Content/EngineMaterials/Substrate/Glints2/dict_0004_0146.uasset" 8291
"/Engine/EngineMaterials/Substrate/Glints2/dict_0004_0126" 8292
"/Engine/EngineMaterials/Substrate/Glints2/dict_0004_0124" 8293
"/Engine/EngineMaterials/Substrate/Glints2/dict_0004_0134" 8294
"/Engine/EngineMaterials/Substrate/Glints2/dict_0004_0123" 8295
"/Engine/EngineMaterials/Substrate/Glints2/dict_0004_0141" 8296
"../../../Engine/Content/EngineMaterials/Substrate/Glints2/dict_0004_0149.uasset" 8297
"/Engine/EngineMaterials/Substrate/Glints2/dict_0004_0133" 8298
"../../../Engine/Content/EngineMaterials/Substrate/Glints2/dict_0004_0143.uasset" 8299
"/Engine/EngineMaterials/Substrate/Glints2/dict_0004_0122" 8300
"/Engine/EngineMaterials/Substrate/Glints2/dict_0004_0140" 8301
"/Engine/EngineMaterials/Substrate/Glints2/dict_0004_0132" 8302
"/Engine/EngineMaterials/Substrate/Glints2/dict_0004_0139" 8303
"/Engine/EngineMaterials/Substrate/Glints2/dict_0004_0121" 8304
"/Engine/EngineMaterials/Substrate/Glints2/dict_0004_0131" 8305
"/Engine/EngineMaterials/Substrate/Glints2/dict_0004_0145" 8306
"/Engine/EngineMaterials/Substrate/Glints2/dict_0004_0120" 8307
"/Engine/EngineMaterials/Substrate/Glints2/dict_0004_0125" 8308
"/Engine/EngineMaterials/Substrate/Glints2/dict_0004_0138" 8309
"../../../Engine/Content/EngineMaterials/Substrate/Glints2/dict_0004_0148.uasset" 8310
"/Engine/EngineMaterials/Substrate/Glints2/dict_0004_0137" 8311
"/Engine/EngineMaterials/Substrate/Glints2/dict_0004_0142" 8312
"/Engine/EngineMaterials/Substrate/Glints2/dict_0004_0129" 8313
"/Engine/EngineMaterials/Substrate/Glints2/dict_0004_0119" 8314
"/Engine/EngineMaterials/Substrate/Glints2/dict_0004_0144" 8315
"/Engine/EngineMaterials/Substrate/Glints2/dict_0004_0128" 8316
"/Engine/EngineMaterials/Substrate/Glints2/dict_0004_0149" 8317
"/Engine/EngineMaterials/Substrate/Glints2/dict_0004_0143" 8318
"../../../Engine/Content/EngineMaterials/Substrate/Glints2/dict_0004_0150.uasset" 8319
"/Engine/EngineMaterials/Substrate/Glints2/dict_0004_0148" 8320
"/Engine/EngineMaterials/Substrate/Glints2/dict_0004_0147" 8321
"/Engine/EngineMaterials/Substrate/Glints2/dict_0004_0146" 8322
"/Engine/EngineMaterials/Substrate/Glints2/dict_0004_0150" 8323
"../../../Engine/Content/EngineMaterials/Substrate/Glints2/dict_0004_0152.uasset" 8324
"../../../Engine/Content/EngineMaterials/Substrate/Glints2/dict_0004_0153.uasset" 8325
"../../../Engine/Content/EngineMaterials/Substrate/Glints2/dict_0004_0151.uasset" 8326
"/Engine/EngineMaterials/Substrate/Glints2/dict_0004_0153" 8327
"/Engine/EngineMaterials/Substrate/Glints2/dict_0004_0152" 8328
"../../../Engine/Content/EngineMaterials/Substrate/Glints2/dict_0004_0154.uasset" 8329
"/Engine/EngineMaterials/Substrate/Glints2/dict_0004_0151" 8330
"/Engine/EngineMaterials/Substrate/Glints2/dict_0004_0154" 8331
"../../../Engine/Content/EngineMaterials/Substrate/Glints2/dict_0004_0155.uasset" 8332
"../../../Engine/Content/EngineMaterials/Substrate/Glints2/dict_0004_0157.uasset" 8333
"../../../Engine/Content/EngineMaterials/Substrate/Glints2/dict_0004_0156.uasset" 8334
"../../../Engine/Content/EngineMaterials/Substrate/Glints2/dict_0004_0158.uasset" 8335
"../../../Engine/Content/EngineMaterials/Substrate/Glints2/dict_0004_0159.uasset" 8336
"/Engine/EngineMaterials/Substrate/Glints2/dict_0004_0159" 8337
"/Engine/EngineMaterials/Substrate/Glints2/dict_0004_0158" 8338
"/Engine/EngineMaterials/Substrate/Glints2/dict_0004_0157" 8339
"../../../Engine/Content/EngineMaterials/Substrate/Glints2/dict_0004_0160.uasset" 8340
"../../../Engine/Content/EngineMaterials/Substrate/Glints2/dict_0004_0161.uasset" 8341
"../../../Engine/Content/EngineMaterials/Substrate/Glints2/dict_0004_0162.uasset" 8342
"/Engine/EngineMaterials/Substrate/Glints2/dict_0004_0156" 8343
"/Engine/EngineMaterials/Substrate/Glints2/dict_0004_0155" 8344
"/Engine/EngineMaterials/Substrate/Glints2/dict_0004_0162" 8345
"/Engine/EngineMaterials/Substrate/Glints2/dict_0004_0161" 8346
"/Engine/EngineMaterials/Substrate/Glints2/dict_0004_0160" 8347
"../../../Engine/Content/EngineMaterials/Substrate/Glints2/dict_0004_0163.uasset" 8348
"../../../Engine/Content/EngineMaterials/Substrate/Glints2/dict_0004_0166.uasset" 8349
"../../../Engine/Content/EngineMaterials/Substrate/Glints2/dict_0004_0165.uasset" 8350
"../../../Engine/Content/EngineMaterials/Substrate/Glints2/dict_0004_0164.uasset" 8351
"../../../Engine/Content/EngineMaterials/Substrate/Glints2/dict_0004_0167.uasset" 8352
"../../../Engine/Content/EngineMaterials/Substrate/Glints2/dict_0004_0169.uasset" 8353
"../../../Engine/Content/EngineMaterials/Substrate/Glints2/dict_0004_0168.uasset" 8354
"../../../Engine/Content/EngineMaterials/Substrate/Glints2/dict_0004_0171.uasset" 8355
"/Engine/EngineMaterials/Substrate/Glints2/dict_0004_0169" 8356
"../../../Engine/Content/EngineMaterials/Substrate/Glints2/dict_0004_0170.uasset" 8357
"/Engine/EngineMaterials/Substrate/Glints2/dict_0004_0168" 8358
"../../../Engine/Content/EngineMaterials/Substrate/Glints2/dict_0004_0173.uasset" 8359
"/Engine/EngineMaterials/Substrate/Glints2/dict_0004_0167" 8360
"/Engine/EngineMaterials/Substrate/Glints2/dict_0004_0166" 8361
"/Engine/EngineMaterials/Substrate/Glints2/dict_0004_0165" 8362
"/Engine/EngineMaterials/Substrate/Glints2/dict_0004_0164" 8363
"/Engine/EngineMaterials/Substrate/Glints2/dict_0004_0163" 8364
"/Engine/EngineMaterials/Substrate/Glints2/dict_0004_0173" 8365
"/Engine/EngineMaterials/Substrate/Glints2/dict_0004_0171" 8366
"../../../Engine/Content/EngineMaterials/Substrate/Glints2/dict_0004_0174.uasset" 8367
"/Engine/EngineMaterials/Substrate/Glints2/dict_0004_0170" 8368
"../../../Engine/Content/EngineMaterials/Substrate/Glints2/dict_0004_0175.uasset" 8369
"../../../Engine/Content/EngineMaterials/Substrate/Glints2/dict_0004_0179.uasset" 8370
"../../../Engine/Content/EngineMaterials/Substrate/Glints2/dict_0004_0176.uasset" 8371
"../../../Engine/Content/EngineMaterials/Substrate/Glints2/dict_0004_0180.uasset" 8372
"../../../Engine/Content/EngineMaterials/Substrate/Glints2/dict_0004_0177.uasset" 8373
"/Engine/EngineMaterials/Substrate/Glints2/dict_0004_0175" 8374
"/Engine/EngineMaterials/Substrate/Glints2/dict_0004_0174" 8375
"/Engine/EngineMaterials/Substrate/Glints2/dict_0004_0180" 8376
"/Engine/EngineMaterials/Substrate/Glints2/dict_0004_0179" 8377
"../../../Engine/Content/EngineMaterials/Substrate/Glints2/dict_0004_0178.uasset" 8378
"/Engine/EngineMaterials/Substrate/Glints2/dict_0004_0177" 8379
"../../../Engine/Content/EngineMaterials/Substrate/Glints2/dict_0004_0172.uasset" 8380
"/Engine/EngineMaterials/Substrate/Glints2/dict_0004_0176" 8381
"/Engine/EngineMaterials/Substrate/Glints2/dict_0004_0172" 8382
"/Engine/EngineMaterials/Substrate/Glints2/dict_0004_0178" 8383
"../../../Engine/Content/EngineMaterials/Substrate/Glints2/dict_0004_0181.uasset" 8384
"../../../Engine/Content/EngineMaterials/Substrate/Glints2/dict_0004_0182.uasset" 8385
"/Engine/EngineMaterials/Substrate/Glints2/dict_0004_0181" 8386
"/Engine/EngineMaterials/Substrate/Glints2/dict_0004_0182" 8387
"../../../Engine/Content/EngineMaterials/Substrate/Glints2/dict_0004_0183.uasset" 8388
"/Engine/EngineMaterials/Substrate/Glints2/dict_0004_0183" 8389
"../../../Engine/Content/EngineMaterials/Substrate/Glints2/dict_0004_0186.uasset" 8390
"/Engine/EngineMaterials/Substrate/Glints2/dict_0004_0186" 8391
"../../../Engine/Content/EngineMaterials/Substrate/Glints2/dict_0004_0184.uasset" 8392
"../../../Engine/Content/EngineMaterials/Substrate/Glints2/dict_0004_0185.uasset" 8393
"/Engine/EngineMaterials/Substrate/Glints2/dict_0004_0185" 8394
"/Engine/EngineMaterials/Substrate/Glints2/dict_0004_0184" 8395
"../../../Engine/Content/EngineMaterials/Substrate/Glints2/dict_0004_0130.uasset" 8396
"../../../Engine/Content/EngineMaterials/Substrate/Glints2/dict_0004_0187.uasset" 8397
"/Engine/EngineMaterials/Substrate/Glints2/dict_0004_0187" 8398
"/Engine/EngineMaterials/Substrate/Glints2/dict_0004_0130" 8399
"../../../Engine/Content/EngineMaterials/Substrate/Glints2/dict_0004_0192.uasset" 8400
"../../../Engine/Content/EngineMaterials/Substrate/Glints2/dict_0004_0194.uasset" 8401
"../../../Engine/Content/EngineMaterials/Substrate/Glints2/dict_0004_0197.uasset" 8402
"../../../Engine/Content/EngineMaterials/Substrate/Glints2/dict_0004_0195.uasset" 8403
"../../../Engine/Content/EngineMaterials/Substrate/Glints2/dict_0004_0193.uasset" 8404
"../../../Engine/Content/EngineMaterials/Substrate/Glints2/dict_0004_0191.uasset" 8405
"/Engine/EngineMaterials/Substrate/Glints2/dict_0004_0197" 8406
"/Engine/EngineMaterials/Substrate/Glints2/dict_0004_0195" 8407
"/Engine/EngineMaterials/Substrate/Glints2/dict_0004_0194" 8408
"/Engine/EngineMaterials/Substrate/Glints2/dict_0004_0193" 8409
"/Engine/EngineMaterials/Substrate/Glints2/dict_0004_0192" 8410
"../../../Engine/Content/EngineMaterials/Substrate/Glints2/dict_0004_0200.uasset" 8411
"../../../Engine/Content/EngineMaterials/Substrate/Glints2/dict_0004_0198.uasset" 8412
"/Engine/EngineMaterials/Substrate/Glints2/dict_0004_0191" 8413
"/Engine/EngineMaterials/Substrate/Glints2/dict_0004_0200" 8414
"/Engine/EngineMaterials/Substrate/Glints2/dict_0004_0198" 8415
"../../../Engine/Content/EngineMaterials/Substrate/Glints2/dict_0004_0190.uasset" 8416
"../../../Engine/Content/EngineMaterials/Substrate/Glints2/dict_0004_0201.uasset" 8417
"../../../Engine/Content/EngineMaterials/Substrate/Glints2/dict_0004_0199.uasset" 8418
"../../../Engine/Content/EngineMaterials/Substrate/Glints2/dict_0004_0188.uasset" 8419
"../../../Engine/Content/EngineMaterials/Substrate/Glints2/dict_0004_0189.uasset" 8420
"/Engine/EngineMaterials/Substrate/Glints2/dict_0004_0201" 8421
"/Engine/EngineMaterials/Substrate/Glints2/dict_0004_0199" 8422
"../../../Engine/Content/EngineMaterials/Substrate/Glints2/dict_0004_0204.uasset" 8423
"../../../Engine/Content/EngineMaterials/Substrate/Glints2/dict_0004_0203.uasset" 8424
"../../../Engine/Content/EngineMaterials/Substrate/Glints2/dict_0004_0206.uasset" 8425
"../../../Engine/Content/EngineMaterials/Substrate/Glints2/dict_0004_0207.uasset" 8426
"../../../Engine/Content/EngineMaterials/Substrate/Glints2/dict_0004_0202.uasset" 8427
"/Engine/EngineMaterials/Substrate/Glints2/dict_0004_0190" 8428
"/Engine/EngineMaterials/Substrate/Glints2/dict_0004_0189" 8429
"../../../Engine/Content/EngineMaterials/Substrate/Glints2/dict_0004_0208.uasset" 8430
"/Engine/EngineMaterials/Substrate/Glints2/dict_0004_0188" 8431
"/Engine/EngineMaterials/Substrate/Glints2/dict_0004_0208" 8432
"/Engine/EngineMaterials/Substrate/Glints2/dict_0004_0207" 8433
"../../../Engine/Content/EngineMaterials/Substrate/Glints2/dict_0004_0205.uasset" 8434
"/Engine/EngineMaterials/Substrate/Glints2/dict_0004_0203" 8435
"/Engine/EngineMaterials/Substrate/Glints2/dict_0004_0202" 8436
"../../../Engine/Content/EngineMaterials/Substrate/Glints2/dict_0004_0213.uasset" 8437
"../../../Engine/Content/EngineMaterials/Substrate/Glints2/dict_0004_0215.uasset" 8438
"../../../Engine/Content/EngineMaterials/Substrate/Glints2/dict_0004_0212.uasset" 8439
"/Engine/EngineMaterials/Substrate/Glints2/dict_0004_0206" 8440
"../../../Engine/Content/EngineMaterials/Substrate/Glints2/dict_0004_0214.uasset" 8441
"../../../Engine/Content/EngineMaterials/Substrate/Glints2/dict_0004_0211.uasset" 8442
"/Engine/EngineMaterials/Substrate/Glints2/dict_0004_0204" 8443
"../../../Engine/Content/EngineMaterials/Substrate/Glints2/dict_0004_0216.uasset" 8444
"/Engine/EngineMaterials/Substrate/Glints2/dict_0004_0211" 8445
"/Engine/EngineMaterials/Substrate/Glints2/dict_0004_0213" 8446
"/Engine/EngineMaterials/Substrate/Glints2/dict_0004_0205" 8447
"/Engine/EngineMaterials/Substrate/Glints2/dict_0004_0215" 8448
"/Engine/EngineMaterials/Substrate/Glints2/dict_0004_0216" 8449
"/Engine/EngineMaterials/Substrate/Glints2/dict_0004_0214" 8450
"/Engine/EngineMaterials/Substrate/Glints2/dict_0004_0212" 8451
"../../../Engine/Content/EngineMaterials/Substrate/Glints2/dict_0004_0217.uasset" 8452
"../../../Engine/Content/EngineMaterials/Substrate/Glints2/dict_0004_0219.uasset" 8453
"../../../Engine/Content/EngineMaterials/Substrate/Glints2/dict_0004_0218.uasset" 8454
"../../../Engine/Content/EngineMaterials/Substrate/Glints2/dict_0004_0220.uasset" 8455
"../../../Engine/Content/EngineMaterials/Substrate/Glints2/dict_0004_0223.uasset" 8456
"../../../Engine/Content/EngineMaterials/Substrate/Glints2/dict_0004_0221.uasset" 8457
"../../../Engine/Content/EngineMaterials/Substrate/Glints2/dict_0004_0222.uasset" 8458
"/Engine/EngineMaterials/Substrate/Glints2/dict_0004_0223" 8459
"/Engine/EngineMaterials/Substrate/Glints2/dict_0004_0221" 8460
"/Engine/EngineMaterials/Substrate/Glints2/dict_0004_0220" 8461
"/Engine/EngineMaterials/Substrate/Glints2/dict_0004_0219" 8462
"/Engine/EngineMaterials/Substrate/Glints2/dict_0004_0218" 8463
"/Engine/EngineMaterials/Substrate/Glints2/dict_0004_0217" 8464
"../../../Engine/Content/EngineMaterials/Substrate/Glints2/dict_0004_0224.uasset" 8465
"../../../Engine/Content/EngineMaterials/Substrate/Glints2/dict_0004_0227.uasset" 8466
"/Engine/EngineMaterials/Substrate/Glints2/dict_0004_0222" 8467
"../../../Engine/Content/EngineMaterials/Substrate/Glints2/dict_0004_0228.uasset" 8468
"../../../Engine/Content/EngineMaterials/Substrate/Glints2/dict_0004_0226.uasset" 8469
"../../../Engine/Content/EngineMaterials/Substrate/Glints2/dict_0004_0225.uasset" 8470
"/Engine/EngineMaterials/Substrate/Glints2/dict_0004_0227" 8471
"/Engine/EngineMaterials/Substrate/Glints2/dict_0004_0226" 8472
"/Engine/EngineMaterials/Substrate/Glints2/dict_0004_0225" 8473
"/Engine/EngineMaterials/Substrate/Glints2/dict_0004_0224" 8474
"/Engine/EngineMaterials/Substrate/Glints2/dict_0004_0228" 8475
"../../../Engine/Content/EngineMaterials/Substrate/Glints2/dict_0004_0229.uasset" 8476
"../../../Engine/Content/EngineMaterials/Substrate/Glints2/dict_0004_0230.uasset" 8477
"../../../Engine/Content/EngineMaterials/Substrate/Glints2/dict_0004_0233.uasset" 8478
"../../../Engine/Content/EngineMaterials/Substrate/Glints2/dict_0004_0232.uasset" 8479
"../../../Engine/Content/EngineMaterials/Substrate/Glints2/dict_0004_0234.uasset" 8480
"../../../Engine/Content/EngineMaterials/Substrate/Glints2/dict_0004_0231.uasset" 8481
"../../../Engine/Content/EngineMaterials/Substrate/Glints2/dict_0004_0235.uasset" 8482
"/Engine/EngineMaterials/Substrate/Glints2/dict_0004_0235" 8483
"/Engine/EngineMaterials/Substrate/Glints2/dict_0004_0232" 8484
"/Engine/EngineMaterials/Substrate/Glints2/dict_0004_0234" 8485
"/Engine/EngineMaterials/Substrate/Glints2/dict_0004_0231" 8486
"/Engine/EngineMaterials/Substrate/Glints2/dict_0004_0233" 8487
"/Engine/EngineMaterials/Substrate/Glints2/dict_0004_0230" 8488
"../../../Engine/Content/EngineMaterials/Substrate/Glints2/dict_0004_0236.uasset" 8489
"/Engine/EngineMaterials/Substrate/Glints2/dict_0004_0229" 8490
"/Engine/EngineMaterials/Substrate/Glints2/dict_0004_0236" 8491
"../../../Engine/Content/EngineMaterials/Substrate/Glints2/dict_0004_0237.uasset" 8492
"../../../Engine/Content/EngineMaterials/Substrate/Glints2/dict_0004_0241.uasset" 8493
"../../../Engine/Content/EngineMaterials/Substrate/Glints2/dict_0004_0238.uasset" 8494
"../../../Engine/Content/EngineMaterials/Substrate/Glints2/dict_0004_0240.uasset" 8495
"../../../Engine/Content/EngineMaterials/Substrate/Glints2/dict_0004_0242.uasset" 8496
"../../../Engine/Content/EngineMaterials/Substrate/Glints2/dict_0004_0243.uasset" 8497
"../../../Engine/Content/EngineMaterials/Substrate/Glints2/dict_0004_0239.uasset" 8498
"/Engine/EngineMaterials/Substrate/Glints2/dict_0004_0238" 8499
"../../../Engine/Content/EngineMaterials/Substrate/Glints2/dict_0004_0248.uasset" 8500
"../../../Engine/Content/EngineMaterials/Substrate/Glints2/dict_0004_0244.uasset" 8501
"../../../Engine/Content/EngineMaterials/Substrate/Glints2/dict_0004_0247.uasset" 8502
"../../../Engine/Content/EngineMaterials/Substrate/Glints2/dict_0004_0246.uasset" 8503
"../../../Engine/Content/EngineMaterials/Substrate/Glints2/dict_0004_0245.uasset" 8504
"/Engine/EngineMaterials/Substrate/Glints2/dict_0004_0237" 8505
"/Engine/EngineMaterials/Substrate/Glints2/dict_0004_0243" 8506
"/Engine/EngineMaterials/Substrate/Glints2/dict_0004_0242" 8507
"/Engine/EngineMaterials/Substrate/Glints2/dict_0004_0241" 8508
"/Engine/EngineMaterials/Substrate/Glints2/dict_0004_0240" 8509
"/Engine/EngineMaterials/Substrate/Glints2/dict_0004_0239" 8510
"/Engine/EngineMaterials/Substrate/Glints2/dict_0004_0245" 8511
"/Engine/EngineMaterials/Substrate/Glints2/dict_0004_0244" 8512
"/Engine/EngineMaterials/Substrate/Glints2/dict_0004_0248" 8513
"../../../Engine/Content/EngineMaterials/Substrate/Glints2/dict_0004_0249.uasset" 8514
"/Engine/EngineMaterials/Substrate/Glints2/dict_0004_0247" 8515
"/Engine/EngineMaterials/Substrate/Glints2/dict_0004_0246" 8516
"../../../Engine/Content/EngineMaterials/Substrate/Glints2/dict_0004_0255.uasset" 8517
"../../../Engine/Content/EngineMaterials/Substrate/Glints2/dict_0004_0251.uasset" 8518
"../../../Engine/Content/EngineMaterials/Substrate/Glints2/dict_0004_0250.uasset" 8519
"/Engine/EngineMaterials/Substrate/Glints2/dict_0004_0255" 8520
"../../../Engine/Content/EngineMaterials/Substrate/Glints2/dict_0004_0253.uasset" 8521
"/Engine/EngineMaterials/Substrate/Glints2/dict_0004_0251" 8522
"/Engine/EngineMaterials/Substrate/Glints2/dict_0004_0249" 8523
"/Engine/EngineMaterials/Substrate/Glints2/dict_0004_0250" 8524
"../../../Engine/Content/EngineMaterials/Substrate/Glints2/dict_0004_0254.uasset" 8525
"/Engine/EngineMaterials/Substrate/Glints2/dict_0004_0253" 8526
"/Engine/EngineMaterials/Substrate/Glints2/dict_0004_0254" 8527
"../../../Engine/Content/EngineMaterials/Substrate/Glints2/dict_0004_0252.uasset" 8528
"../../../Engine/Content/EngineMaterials/Substrate/Glints2/dict_0005_0003.uasset" 8529
"../../../Engine/Content/EngineMaterials/Substrate/Glints2/dict_0005_0001.uasset" 8530
"../../../Engine/Content/EngineMaterials/Substrate/Glints2/dict_0005_0000.uasset" 8531
"../../../Engine/Content/EngineMaterials/Substrate/Glints2/dict_0005_0002.uasset" 8532
"../../../Engine/Content/EngineMaterials/Substrate/Glints2/dict_0005_0004.uasset" 8533
"../../../Engine/Content/EngineMaterials/Substrate/Glints2/dict_0005_0005.uasset" 8534
"/Engine/EngineMaterials/Substrate/Glints2/dict_0005_0001" 8535
"/Engine/EngineMaterials/Substrate/Glints2/dict_0005_0005" 8536
"/Engine/EngineMaterials/Substrate/Glints2/dict_0005_0000" 8537
"../../../Engine/Content/EngineMaterials/Substrate/Glints2/dict_0005_0006.uasset" 8538
"../../../Engine/Content/EngineMaterials/Substrate/Glints2/dict_0005_0008.uasset" 8539
"../../../Engine/Content/EngineMaterials/Substrate/Glints2/dict_0005_0012.uasset" 8540
"../../../Engine/Content/EngineMaterials/Substrate/Glints2/dict_0005_0007.uasset" 8541
"../../../Engine/Content/EngineMaterials/Substrate/Glints2/dict_0005_0011.uasset" 8542
"../../../Engine/Content/EngineMaterials/Substrate/Glints2/dict_0005_0010.uasset" 8543
"../../../Engine/Content/EngineMaterials/Substrate/Glints2/dict_0005_0009.uasset" 8544
"../../../Engine/Content/EngineMaterials/Substrate/Glints2/dict_0004_0209.uasset" 8545
"/Engine/EngineMaterials/Substrate/Glints2/dict_0005_0004" 8546
"/Engine/EngineMaterials/Substrate/Glints2/dict_0004_0252" 8547
"/Engine/EngineMaterials/Substrate/Glints2/dict_0005_0003" 8548
"/Engine/EngineMaterials/Substrate/Glints2/dict_0005_0002" 8549
"/Engine/EngineMaterials/Substrate/Glints2/dict_0004_0209" 8550
"/Engine/EngineMaterials/Substrate/Glints2/dict_0005_0009" 8551
"/Engine/EngineMaterials/Substrate/Glints2/dict_0005_0008" 8552
"/Engine/EngineMaterials/Substrate/Glints2/dict_0005_0007" 8553
"/Engine/EngineMaterials/Substrate/Glints2/dict_0005_0006" 8554
"/Engine/EngineMaterials/Substrate/Glints2/dict_0005_0012" 8555
"/Engine/EngineMaterials/Substrate/Glints2/dict_0005_0011" 8556
"/Engine/EngineMaterials/Substrate/Glints2/dict_0005_0010" 8557
"../../../Engine/Content/EngineMaterials/Substrate/Glints2/dict_0005_0013.uasset" 8558
"../../../Engine/Content/EngineMaterials/Substrate/Glints2/dict_0005_0015.uasset" 8559
"../../../Engine/Content/EngineMaterials/Substrate/Glints2/dict_0005_0018.uasset" 8560
"../../../Engine/Content/EngineMaterials/Substrate/Glints2/dict_0005_0016.uasset" 8561
"../../../Engine/Content/EngineMaterials/Substrate/Glints2/dict_0005_0014.uasset" 8562
"../../../Engine/Content/EngineMaterials/Substrate/Glints2/dict_0005_0020.uasset" 8563
"../../../Engine/Content/EngineMaterials/Substrate/Glints2/dict_0005_0019.uasset" 8564
"../../../Engine/Content/EngineMaterials/Substrate/Glints2/dict_0005_0017.uasset" 8565
"/Engine/EngineMaterials/Substrate/Glints2/dict_0005_0016" 8566
"/Engine/EngineMaterials/Substrate/Glints2/dict_0005_0015" 8567
"/Engine/EngineMaterials/Substrate/Glints2/dict_0005_0020" 8568
"/Engine/EngineMaterials/Substrate/Glints2/dict_0005_0014" 8569
"/Engine/EngineMaterials/Substrate/Glints2/dict_0005_0019" 8570
"../../../Engine/Content/EngineMaterials/Substrate/Glints2/dict_0005_0023.uasset" 8571
"../../../Engine/Content/EngineMaterials/Substrate/Glints2/dict_0005_0022.uasset" 8572
"../../../Engine/Content/EngineMaterials/Substrate/Glints2/dict_0005_0021.uasset" 8573
"../../../Engine/Content/EngineMaterials/Substrate/Glints2/dict_0005_0024.uasset" 8574
"../../../Engine/Content/EngineMaterials/Substrate/Glints2/dict_0005_0025.uasset" 8575
"../../../Engine/Content/EngineMaterials/Substrate/Glints2/dict_0005_0027.uasset" 8576
"/Engine/EngineMaterials/Substrate/Glints2/dict_0005_0013" 8577
"/Engine/EngineMaterials/Substrate/Glints2/dict_0005_0018" 8578
"../../../Engine/Content/EngineMaterials/Substrate/Glints2/dict_0005_0028.uasset" 8579
"../../../Engine/Content/EngineMaterials/Substrate/Glints2/dict_0005_0026.uasset" 8580
"/Engine/EngineMaterials/Substrate/Glints2/dict_0005_0017" 8581
"/Engine/EngineMaterials/Substrate/Glints2/dict_0005_0021" 8582
"/Engine/EngineMaterials/Substrate/Glints2/dict_0005_0024" 8583
"/Engine/EngineMaterials/Substrate/Glints2/dict_0005_0027" 8584
"/Engine/EngineMaterials/Substrate/Glints2/dict_0005_0023" 8585
"/Engine/EngineMaterials/Substrate/Glints2/dict_0005_0026" 8586
"/Engine/EngineMaterials/Substrate/Glints2/dict_0005_0022" 8587
"../../../Engine/Content/EngineMaterials/Substrate/Glints2/dict_0005_0030.uasset" 8588
"../../../Engine/Content/EngineMaterials/Substrate/Glints2/dict_0005_0029.uasset" 8589
"../../../Engine/Content/EngineMaterials/Substrate/Glints2/dict_0005_0031.uasset" 8590
"/Engine/EngineMaterials/Substrate/Glints2/dict_0005_0028" 8591
"/Engine/EngineMaterials/Substrate/Glints2/dict_0005_0025" 8592
"/Engine/EngineMaterials/Substrate/Glints2/dict_0005_0031" 8593
"/Engine/EngineMaterials/Substrate/Glints2/dict_0005_0030" 8594
"/Engine/EngineMaterials/Substrate/Glints2/dict_0005_0029" 8595
"../../../Engine/Content/EngineMaterials/Substrate/Glints2/dict_0005_0034.uasset" 8596
"../../../Engine/Content/EngineMaterials/Substrate/Glints2/dict_0005_0033.uasset" 8597
"/Engine/EngineMaterials/Substrate/Glints2/dict_0005_0034" 8598
"/Engine/EngineMaterials/Substrate/Glints2/dict_0005_0033" 8599
"../../../Engine/Content/EngineMaterials/Substrate/Glints2/dict_0005_0036.uasset" 8600
"../../../Engine/Content/EngineMaterials/Substrate/Glints2/dict_0005_0032.uasset" 8601
"/Engine/EngineMaterials/Substrate/Glints2/dict_0005_0032" 8602
"/Engine/EngineMaterials/Substrate/Glints2/dict_0005_0036" 8603
"../../../Engine/Content/EngineMaterials/Substrate/Glints2/dict_0005_0037.uasset" 8604
"/Engine/EngineMaterials/Substrate/Glints2/dict_0005_0037" 8605
"../../../Engine/Content/EngineMaterials/Substrate/Glints2/dict_0005_0039.uasset" 8606
"../../../Engine/Content/EngineMaterials/Substrate/Glints2/dict_0005_0038.uasset" 8607
"../../../Engine/Content/EngineMaterials/Substrate/Glints2/dict_0005_0040.uasset" 8608
"../../../Engine/Content/EngineMaterials/Substrate/Glints2/dict_0005_0041.uasset" 8609
"/Engine/EngineMaterials/Substrate/Glints2/dict_0005_0041" 8610
"/Engine/EngineMaterials/Substrate/Glints2/dict_0005_0040" 8611
"../../../Engine/Content/EngineMaterials/Substrate/Glints2/dict_0005_0035.uasset" 8612
"/Engine/EngineMaterials/Substrate/Glints2/dict_0005_0039" 8613
"/Engine/EngineMaterials/Substrate/Glints2/dict_0005_0038" 8614
"/Engine/EngineMaterials/Substrate/Glints2/dict_0005_0035" 8615
"../../../Engine/Content/EngineMaterials/Substrate/Glints2/dict_0005_0045.uasset" 8616
"../../../Engine/Content/EngineMaterials/Substrate/Glints2/dict_0005_0042.uasset" 8617
"../../../Engine/Content/EngineMaterials/Substrate/Glints2/dict_0005_0043.uasset" 8618
"../../../Engine/Content/EngineMaterials/Substrate/Glints2/dict_0005_0044.uasset" 8619
"../../../Engine/Content/EngineMaterials/Substrate/Glints2/dict_0005_0046.uasset" 8620
"../../../Engine/Content/EngineMaterials/Substrate/Glints2/dict_0005_0048.uasset" 8621
"../../../Engine/Content/EngineMaterials/Substrate/Glints2/dict_0005_0047.uasset" 8622
"../../../Engine/Content/EngineMaterials/Substrate/Glints2/dict_0005_0049.uasset" 8623
"/Engine/EngineMaterials/Substrate/Glints2/dict_0005_0042" 8624
"/Engine/EngineMaterials/Substrate/Glints2/dict_0005_0049" 8625
"/Engine/EngineMaterials/Substrate/Glints2/dict_0005_0048" 8626
"../../../Engine/Content/EngineMaterials/Substrate/Glints2/dict_0005_0050.uasset" 8627
"/Engine/EngineMaterials/Substrate/Glints2/dict_0005_0047" 8628
"../../../Engine/Content/EngineMaterials/Substrate/Glints2/dict_0005_0052.uasset" 8629
"/Engine/EngineMaterials/Substrate/Glints2/dict_0005_0046" 8630
"/Engine/EngineMaterials/Substrate/Glints2/dict_0005_0045" 8631
"/Engine/EngineMaterials/Substrate/Glints2/dict_0005_0044" 8632
"../../../Engine/Content/EngineMaterials/Substrate/Glints2/dict_0005_0051.uasset" 8633
"/Engine/EngineMaterials/Substrate/Glints2/dict_0005_0043" 8634
"/Engine/EngineMaterials/Substrate/Glints2/dict_0005_0050" 8635
"/Engine/EngineMaterials/Substrate/Glints2/dict_0005_0052" 8636
"../../../Engine/Content/EngineMaterials/Substrate/Glints2/dict_0005_0055.uasset" 8637
"../../../Engine/Content/EngineMaterials/Substrate/Glints2/dict_0005_0053.uasset" 8638
"../../../Engine/Content/EngineMaterials/Substrate/Glints2/dict_0005_0054.uasset" 8639
"../../../Engine/Content/EngineMaterials/Substrate/Glints2/dict_0005_0056.uasset" 8640
"../../../Engine/Content/EngineMaterials/Substrate/Glints2/dict_0005_0059.uasset" 8641
"../../../Engine/Content/EngineMaterials/Substrate/Glints2/dict_0005_0058.uasset" 8642
"../../../Engine/Content/EngineMaterials/Substrate/Glints2/dict_0005_0060.uasset" 8643
"../../../Engine/Content/EngineMaterials/Substrate/Glints2/dict_0005_0061.uasset" 8644
"../../../Engine/Content/EngineMaterials/Substrate/Glints2/dict_0005_0064.uasset" 8645
"../../../Engine/Content/EngineMaterials/Substrate/Glints2/dict_0005_0062.uasset" 8646
"/Engine/EngineMaterials/Substrate/Glints2/dict_0005_0058" 8647
"../../../Engine/Content/EngineMaterials/Substrate/Glints2/dict_0005_0057.uasset" 8648
"/Engine/EngineMaterials/Substrate/Glints2/dict_0005_0062" 8649
"../../../Engine/Content/EngineMaterials/Substrate/Glints2/dict_0005_0066.uasset" 8650
"../../../Engine/Content/EngineMaterials/Substrate/Glints2/dict_0005_0063.uasset" 8651
"../../../Engine/Content/EngineMaterials/Substrate/Glints2/dict_0005_0065.uasset" 8652
"/Engine/EngineMaterials/Substrate/Glints2/dict_0005_0056" 8653
"../../../Engine/Content/EngineMaterials/Substrate/Glints2/dict_0005_0069.uasset" 8654
"../../../Engine/Content/EngineMaterials/Substrate/Glints2/dict_0005_0070.uasset" 8655
"/Engine/EngineMaterials/Substrate/Glints2/dict_0005_0055" 8656
"../../../Engine/Content/EngineMaterials/Substrate/Glints2/dict_0005_0067.uasset" 8657
"../../../Engine/Content/EngineMaterials/Substrate/Glints2/dict_0005_0073.uasset" 8658
"/Engine/EngineMaterials/Substrate/Glints2/dict_0005_0061" 8659
"/Engine/EngineMaterials/Substrate/Glints2/dict_0005_0060" 8660
"/Engine/EngineMaterials/Substrate/Glints2/dict_0005_0054" 8661
"/Engine/EngineMaterials/Substrate/Glints2/dict_0005_0053" 8662
"/Engine/EngineMaterials/Substrate/Glints2/dict_0005_0059" 8663
"/Engine/EngineMaterials/Substrate/Glints2/dict_0005_0051" 8664
"/Engine/EngineMaterials/Substrate/Glints2/dict_0005_0064" 8665
"/Engine/EngineMaterials/Substrate/Glints2/dict_0005_0070" 8666
"/Engine/EngineMaterials/Substrate/Glints2/dict_0005_0069" 8667
"/Engine/EngineMaterials/Substrate/Glints2/dict_0005_0067" 8668
"/Engine/EngineMaterials/Substrate/Glints2/dict_0005_0063" 8669
"/Engine/EngineMaterials/Substrate/Glints2/dict_0005_0065" 8670
"/Engine/EngineMaterials/Substrate/Glints2/dict_0005_0057" 8671
"/Engine/EngineMaterials/Substrate/Glints2/dict_0005_0073" 8672
"/Engine/EngineMaterials/Substrate/Glints2/dict_0005_0066" 8673
"../../../Engine/Content/EngineMaterials/Substrate/Glints2/dict_0005_0072.uasset" 8674
"../../../Engine/Content/EngineMaterials/Substrate/Glints2/dict_0005_0068.uasset" 8675
"../../../Engine/Content/EngineMaterials/Substrate/Glints2/dict_0005_0074.uasset" 8676
"../../../Engine/Content/EngineMaterials/Substrate/Glints2/dict_0004_0196.uasset" 8677
"../../../Engine/Content/EngineMaterials/Substrate/Glints2/dict_0004_0210.uasset" 8678
"/Engine/EngineMaterials/Substrate/Glints2/dict_0005_0068" 8679
"/Engine/EngineMaterials/Substrate/Glints2/dict_0004_0210" 8680
"/Engine/EngineMaterials/Substrate/Glints2/dict_0004_0196" 8681
"/Engine/EngineMaterials/Substrate/Glints2/dict_0005_0074" 8682
"/Engine/EngineMaterials/Substrate/Glints2/dict_0005_0072" 8683
"../../../Engine/Content/EngineMaterials/Substrate/Glints2/dict_0005_0077.uasset" 8684
"../../../Engine/Content/EngineMaterials/Substrate/Glints2/dict_0005_0075.uasset" 8685
"../../../Engine/Content/EngineMaterials/Substrate/Glints2/dict_0005_0076.uasset" 8686
"../../../Engine/Content/EngineMaterials/Substrate/Glints2/dict_0005_0078.uasset" 8687
"../../../Engine/Content/EngineMaterials/Substrate/Glints2/dict_0005_0071.uasset" 8688
"../../../Engine/Content/EngineMaterials/Substrate/Glints2/dict_0005_0080.uasset" 8689
"/Engine/EngineMaterials/Substrate/Glints2/dict_0005_0078" 8690
"/Engine/EngineMaterials/Substrate/Glints2/dict_0005_0077" 8691
"../../../Engine/Content/EngineMaterials/Substrate/Glints2/dict_0005_0079.uasset" 8692
"../../../Engine/Content/EngineMaterials/Substrate/Glints2/dict_0005_0083.uasset" 8693
"../../../Engine/Content/EngineMaterials/Substrate/Glints2/dict_0005_0081.uasset" 8694
"/Engine/EngineMaterials/Substrate/Glints2/dict_0005_0076" 8695
"/Engine/EngineMaterials/Substrate/Glints2/dict_0005_0080" 8696
"/Engine/EngineMaterials/Substrate/Glints2/dict_0005_0075" 8697
"/Engine/EngineMaterials/Substrate/Glints2/dict_0005_0071" 8698
"/Engine/EngineMaterials/Substrate/Glints2/dict_0005_0079" 8699
"/Engine/EngineMaterials/Substrate/Glints2/dict_0005_0081" 8700
"/Engine/EngineMaterials/Substrate/Glints2/dict_0005_0083" 8701
"../../../Engine/Content/EngineMaterials/Substrate/Glints2/dict_0005_0082.uasset" 8702
"../../../Engine/Content/EngineMaterials/Substrate/Glints2/dict_0005_0085.uasset" 8703
"/Engine/EngineMaterials/Substrate/Glints2/dict_0005_0085" 8704
"../../../Engine/Content/EngineMaterials/Substrate/Glints2/dict_0005_0084.uasset" 8705
"/Engine/EngineMaterials/Substrate/Glints2/dict_0005_0082" 8706
"/Engine/EngineMaterials/Substrate/Glints2/dict_0005_0084" 8707
"../../../Engine/Content/EngineMaterials/Substrate/Glints2/dict_0005_0086.uasset" 8708
"../../../Engine/Content/EngineMaterials/Substrate/Glints2/dict_0005_0090.uasset" 8709
"../../../Engine/Content/EngineMaterials/Substrate/Glints2/dict_0005_0087.uasset" 8710
"/Engine/EngineMaterials/Substrate/Glints2/dict_0005_0090" 8711
"/Engine/EngineMaterials/Substrate/Glints2/dict_0005_0086" 8712
"/Engine/EngineMaterials/Substrate/Glints2/dict_0005_0087" 8713
"../../../Engine/Content/EngineMaterials/Substrate/Glints2/dict_0005_0094.uasset" 8714
"../../../Engine/Content/EngineMaterials/Substrate/Glints2/dict_0005_0096.uasset" 8715
"../../../Engine/Content/EngineMaterials/Substrate/Glints2/dict_0005_0092.uasset" 8716
"../../../Engine/Content/EngineMaterials/Substrate/Glints2/dict_0005_0093.uasset" 8717
"../../../Engine/Content/EngineMaterials/Substrate/Glints2/dict_0005_0088.uasset" 8718
"../../../Engine/Content/EngineMaterials/Substrate/Glints2/dict_0005_0095.uasset" 8719
"../../../Engine/Content/EngineMaterials/Substrate/Glints2/dict_0005_0089.uasset" 8720
"../../../Engine/Content/EngineMaterials/Substrate/Glints2/dict_0005_0098.uasset" 8721
"../../../Engine/Content/EngineMaterials/Substrate/Glints2/dict_0005_0099.uasset" 8722
"../../../Engine/Content/EngineMaterials/Substrate/Glints2/dict_0005_0101.uasset" 8723
"../../../Engine/Content/EngineMaterials/Substrate/Glints2/dict_0005_0106.uasset" 8724
"../../../Engine/Content/EngineMaterials/Substrate/Glints2/dict_0005_0104.uasset" 8725
"../../../Engine/Content/EngineMaterials/Substrate/Glints2/dict_0005_0103.uasset" 8726
"/Engine/EngineMaterials/Substrate/Glints2/dict_0005_0092" 8727
"/Engine/EngineMaterials/Substrate/Glints2/dict_0005_0099" 8728
"/Engine/EngineMaterials/Substrate/Glints2/dict_0005_0098" 8729
"/Engine/EngineMaterials/Substrate/Glints2/dict_0005_0104" 8730
"../../../Engine/Content/EngineMaterials/Substrate/Glints2/dict_0005_0105.uasset" 8731
"../../../Engine/Content/EngineMaterials/Substrate/Glints2/dict_0005_0100.uasset" 8732
"/Engine/EngineMaterials/Substrate/Glints2/dict_0005_0096" 8733
"/Engine/EngineMaterials/Substrate/Glints2/dict_0005_0095" 8734
"/Engine/EngineMaterials/Substrate/Glints2/dict_0005_0103" 8735
"/Engine/EngineMaterials/Substrate/Glints2/dict_0005_0089" 8736
"/Engine/EngineMaterials/Substrate/Glints2/dict_0005_0088" 8737
"/Engine/EngineMaterials/Substrate/Glints2/dict_0005_0094" 8738
"/Engine/EngineMaterials/Substrate/Glints2/dict_0005_0101" 8739
"/Engine/EngineMaterials/Substrate/Glints2/dict_0005_0093" 8740
"../../../Engine/Content/EngineMaterials/Substrate/Glints2/dict_0005_0107.uasset" 8741
"/Engine/EngineMaterials/Substrate/Glints2/dict_0005_0106" 8742
"/Engine/EngineMaterials/Substrate/Glints2/dict_0005_0100" 8743
"/Engine/EngineMaterials/Substrate/Glints2/dict_0005_0105" 8744
"/Engine/EngineMaterials/Substrate/Glints2/dict_0005_0107" 8745
"../../../Engine/Content/EngineMaterials/Substrate/Glints2/dict_0005_0109.uasset" 8746
"../../../Engine/Content/EngineMaterials/Substrate/Glints2/dict_0005_0110.uasset" 8747
"../../../Engine/Content/EngineMaterials/Substrate/Glints2/dict_0005_0108.uasset" 8748
"../../../Engine/Content/EngineMaterials/Substrate/Glints2/dict_0005_0112.uasset" 8749
"../../../Engine/Content/EngineMaterials/Substrate/Glints2/dict_0005_0111.uasset" 8750
"../../../Engine/Content/EngineMaterials/Substrate/Glints2/dict_0005_0113.uasset" 8751
"../../../Engine/Content/EngineMaterials/Substrate/Glints2/dict_0005_0114.uasset" 8752
"../../../Engine/Content/EngineMaterials/Substrate/Glints2/dict_0005_0118.uasset" 8753
"../../../Engine/Content/EngineMaterials/Substrate/Glints2/dict_0005_0116.uasset" 8754
"../../../Engine/Content/EngineMaterials/Substrate/Glints2/dict_0005_0117.uasset" 8755
"/Engine/EngineMaterials/Substrate/Glints2/dict_0005_0114" 8756
"/Engine/EngineMaterials/Substrate/Glints2/dict_0005_0113" 8757
"/Engine/EngineMaterials/Substrate/Glints2/dict_0005_0111" 8758
"/Engine/EngineMaterials/Substrate/Glints2/dict_0005_0110" 8759
"/Engine/EngineMaterials/Substrate/Glints2/dict_0005_0109" 8760
"/Engine/EngineMaterials/Substrate/Glints2/dict_0005_0118" 8761
"/Engine/EngineMaterials/Substrate/Glints2/dict_0005_0116" 8762
"/Engine/EngineMaterials/Substrate/Glints2/dict_0005_0117" 8763
"/Engine/EngineMaterials/Substrate/Glints2/dict_0005_0108" 8764
"/Engine/EngineMaterials/Substrate/Glints2/dict_0005_0112" 8765
"../../../Engine/Content/EngineMaterials/Substrate/Glints2/dict_0005_0120.uasset" 8766
"../../../Engine/Content/EngineMaterials/Substrate/Glints2/dict_0005_0115.uasset" 8767
"../../../Engine/Content/EngineMaterials/Substrate/Glints2/dict_0005_0119.uasset" 8768
"/Engine/EngineMaterials/Substrate/Glints2/dict_0005_0119" 8769
"/Engine/EngineMaterials/Substrate/Glints2/dict_0005_0120" 8770
"/Engine/EngineMaterials/Substrate/Glints2/dict_0005_0115" 8771
"../../../Engine/Content/EngineMaterials/Substrate/Glints2/dict_0005_0124.uasset" 8772
"../../../Engine/Content/EngineMaterials/Substrate/Glints2/dict_0005_0123.uasset" 8773
"../../../Engine/Content/EngineMaterials/Substrate/Glints2/dict_0005_0122.uasset" 8774
"../../../Engine/Content/EngineMaterials/Substrate/Glints2/dict_0005_0126.uasset" 8775
"../../../Engine/Content/EngineMaterials/Substrate/Glints2/dict_0005_0121.uasset" 8776
"../../../Engine/Content/EngineMaterials/Substrate/Glints2/dict_0005_0125.uasset" 8777
"../../../Engine/Content/EngineMaterials/Substrate/Glints2/dict_0005_0130.uasset" 8778
"../../../Engine/Content/EngineMaterials/Substrate/Glints2/dict_0005_0127.uasset" 8779
"/Engine/EngineMaterials/Substrate/Glints2/dict_0005_0130" 8780
"../../../Engine/Content/EngineMaterials/Substrate/Glints2/dict_0005_0091.uasset" 8781
"../../../Engine/Content/EngineMaterials/Substrate/Glints2/dict_0005_0128.uasset" 8782
"../../../Engine/Content/EngineMaterials/Substrate/Glints2/dict_0005_0129.uasset" 8783
"/Engine/EngineMaterials/Substrate/Glints2/dict_0005_0126" 8784
"/Engine/EngineMaterials/Substrate/Glints2/dict_0005_0125" 8785
"/Engine/EngineMaterials/Substrate/Glints2/dict_0005_0124" 8786
"/Engine/EngineMaterials/Substrate/Glints2/dict_0005_0123" 8787
"../../../Engine/Content/EngineMaterials/Substrate/Glints2/dict_0005_0134.uasset" 8788
"../../../Engine/Content/EngineMaterials/Substrate/Glints2/dict_0005_0132.uasset" 8789
"/Engine/EngineMaterials/Substrate/Glints2/dict_0005_0122" 8790
"../../../Engine/Content/EngineMaterials/Substrate/Glints2/dict_0005_0131.uasset" 8791
"../../../Engine/Content/EngineMaterials/Substrate/Glints2/dict_0005_0133.uasset" 8792
"/Engine/EngineMaterials/Substrate/Glints2/dict_0005_0121" 8793
"/Engine/EngineMaterials/Substrate/Glints2/dict_0005_0133" 8794
"/Engine/EngineMaterials/Substrate/Glints2/dict_0005_0132" 8795
"../../../Engine/Content/EngineMaterials/Substrate/Glints2/dict_0005_0102.uasset" 8796
"/Engine/EngineMaterials/Substrate/Glints2/dict_0005_0131" 8797
"/Engine/EngineMaterials/Substrate/Glints2/dict_0005_0091" 8798
"/Engine/EngineMaterials/Substrate/Glints2/dict_0005_0129" 8799
"/Engine/EngineMaterials/Substrate/Glints2/dict_0005_0128" 8800
"/Engine/EngineMaterials/Substrate/Glints2/dict_0005_0127" 8801
"../../../Engine/Content/EngineMaterials/Substrate/Glints2/dict_0005_0137.uasset" 8802
"/Engine/EngineMaterials/Substrate/Glints2/dict_0005_0134" 8803
"/Engine/EngineMaterials/Substrate/Glints2/dict_0005_0137" 8804
"/Engine/EngineMaterials/Substrate/Glints2/dict_0005_0102" 8805
"../../../Engine/Content/EngineMaterials/Substrate/Glints2/dict_0005_0142.uasset" 8806
"../../../Engine/Content/EngineMaterials/Substrate/Glints2/dict_0005_0141.uasset" 8807
"../../../Engine/Content/EngineMaterials/Substrate/Glints2/dict_0005_0140.uasset" 8808
"../../../Engine/Content/EngineMaterials/Substrate/Glints2/dict_0005_0136.uasset" 8809
"../../../Engine/Content/EngineMaterials/Substrate/Glints2/dict_0005_0138.uasset" 8810
"../../../Engine/Content/EngineMaterials/Substrate/Glints2/dict_0005_0139.uasset" 8811
"../../../Engine/Content/EngineMaterials/Substrate/Glints2/dict_0005_0097.uasset" 8812
"../../../Engine/Content/EngineMaterials/Substrate/Glints2/dict_0005_0135.uasset" 8813
"/Engine/EngineMaterials/Substrate/Glints2/dict_0005_0136" 8814
"../../../Engine/Content/EngineMaterials/Substrate/Glints2/dict_0005_0144.uasset" 8815
"../../../Engine/Content/EngineMaterials/Substrate/Glints2/dict_0005_0145.uasset" 8816
"/Engine/EngineMaterials/Substrate/Glints2/dict_0005_0135" 8817
"/Engine/EngineMaterials/Substrate/Glints2/dict_0005_0097" 8818
"/Engine/EngineMaterials/Substrate/Glints2/dict_0005_0142" 8819
"../../../Engine/Content/EngineMaterials/Substrate/Glints2/dict_0005_0146.uasset" 8820
"/Engine/EngineMaterials/Substrate/Glints2/dict_0005_0141" 8821
"/Engine/EngineMaterials/Substrate/Glints2/dict_0005_0140" 8822
"/Engine/EngineMaterials/Substrate/Glints2/dict_0005_0139" 8823
"/Engine/EngineMaterials/Substrate/Glints2/dict_0005_0138" 8824
"../../../Engine/Content/EngineMaterials/Substrate/Glints2/dict_0005_0143.uasset" 8825
"../../../Engine/Content/EngineMaterials/Substrate/Glints2/dict_0005_0149.uasset" 8826
"/Engine/EngineMaterials/Substrate/Glints2/dict_0005_0146" 8827
"/Engine/EngineMaterials/Substrate/Glints2/dict_0005_0145" 8828
"/Engine/EngineMaterials/Substrate/Glints2/dict_0005_0144" 8829
"/Engine/EngineMaterials/Substrate/Glints2/dict_0005_0143" 8830
"/Engine/EngineMaterials/Substrate/Glints2/dict_0005_0149" 8831
"../../../Engine/Content/EngineMaterials/Substrate/Glints2/dict_0005_0147.uasset" 8832
"../../../Engine/Content/EngineMaterials/Substrate/Glints2/dict_0005_0153.uasset" 8833
"../../../Engine/Content/EngineMaterials/Substrate/Glints2/dict_0005_0154.uasset" 8834
"../../../Engine/Content/EngineMaterials/Substrate/Glints2/dict_0005_0155.uasset" 8835
"../../../Engine/Content/EngineMaterials/Substrate/Glints2/dict_0005_0156.uasset" 8836
"../../../Engine/Content/EngineMaterials/Substrate/Glints2/dict_0005_0157.uasset" 8837
"../../../Engine/Content/EngineMaterials/Substrate/Glints2/dict_0005_0159.uasset" 8838
"../../../Engine/Content/EngineMaterials/Substrate/Glints2/dict_0005_0151.uasset" 8839
"../../../Engine/Content/EngineMaterials/Substrate/Glints2/dict_0005_0152.uasset" 8840
"../../../Engine/Content/EngineMaterials/Substrate/Glints2/dict_0005_0158.uasset" 8841
"../../../Engine/Content/EngineMaterials/Substrate/Glints2/dict_0005_0150.uasset" 8842
"../../../Engine/Content/EngineMaterials/Substrate/Glints2/dict_0005_0148.uasset" 8843
"/Engine/EngineMaterials/Substrate/Glints2/dict_0005_0156" 8844
"/Engine/EngineMaterials/Substrate/Glints2/dict_0005_0159" 8845
"/Engine/EngineMaterials/Substrate/Glints2/dict_0005_0158" 8846
"/Engine/EngineMaterials/Substrate/Glints2/dict_0005_0155" 8847
"/Engine/EngineMaterials/Substrate/Glints2/dict_0005_0154" 8848
"../../../Engine/Content/EngineMaterials/Substrate/Glints2/dict_0005_0160.uasset" 8849
"/Engine/EngineMaterials/Substrate/Glints2/dict_0005_0148" 8850
"/Engine/EngineMaterials/Substrate/Glints2/dict_0005_0157" 8851
"/Engine/EngineMaterials/Substrate/Glints2/dict_0005_0153" 8852
"../../../Engine/Content/EngineMaterials/Substrate/Glints2/dict_0005_0161.uasset" 8853
"/Engine/EngineMaterials/Substrate/Glints2/dict_0005_0152" 8854
"/Engine/EngineMaterials/Substrate/Glints2/dict_0005_0151" 8855
"/Engine/EngineMaterials/Substrate/Glints2/dict_0005_0147" 8856
"/Engine/EngineMaterials/Substrate/Glints2/dict_0005_0150" 8857
"../../../Engine/Content/EngineMaterials/Substrate/Glints2/dict_0005_0162.uasset" 8858
"/Engine/EngineMaterials/Substrate/Glints2/dict_0005_0161" 8859
"../../../Engine/Content/EngineMaterials/Substrate/Glints2/dict_0005_0164.uasset" 8860
"../../../Engine/Content/EngineMaterials/Substrate/Glints2/dict_0005_0168.uasset" 8861
"../../../Engine/Content/EngineMaterials/Substrate/Glints2/dict_0005_0165.uasset" 8862
"/Engine/EngineMaterials/Substrate/Glints2/dict_0005_0160" 8863
"../../../Engine/Content/EngineMaterials/Substrate/Glints2/dict_0005_0170.uasset" 8864
"../../../Engine/Content/EngineMaterials/Substrate/Glints2/dict_0005_0166.uasset" 8865
"../../../Engine/Content/EngineMaterials/Substrate/Glints2/dict_0005_0167.uasset" 8866
"../../../Engine/Content/EngineMaterials/Substrate/Glints2/dict_0005_0169.uasset" 8867
"../../../Engine/Content/EngineMaterials/Substrate/Glints2/dict_0005_0163.uasset" 8868
"../../../Engine/Content/EngineMaterials/Substrate/Glints2/dict_0005_0171.uasset" 8869
"../../../Engine/Content/EngineMaterials/Substrate/Glints2/dict_0005_0173.uasset" 8870
"../../../Engine/Content/EngineMaterials/Substrate/Glints2/dict_0005_0177.uasset" 8871
"../../../Engine/Content/EngineMaterials/Substrate/Glints2/dict_0005_0175.uasset" 8872
"../../../Engine/Content/EngineMaterials/Substrate/Glints2/dict_0005_0174.uasset" 8873
"/Engine/EngineMaterials/Substrate/Glints2/dict_0005_0177" 8874
"/Engine/EngineMaterials/Substrate/Glints2/dict_0005_0174" 8875
"/Engine/EngineMaterials/Substrate/Glints2/dict_0005_0164" 8876
"/Engine/EngineMaterials/Substrate/Glints2/dict_0005_0163" 8877
"/Engine/EngineMaterials/Substrate/Glints2/dict_0005_0173" 8878
"/Engine/EngineMaterials/Substrate/Glints2/dict_0005_0162" 8879
"/Engine/EngineMaterials/Substrate/Glints2/dict_0005_0171" 8880
"/Engine/EngineMaterials/Substrate/Glints2/dict_0005_0175" 8881
"/Engine/EngineMaterials/Substrate/Glints2/dict_0005_0170" 8882
"../../../Engine/Content/EngineMaterials/Substrate/Glints2/dict_0005_0176.uasset" 8883
"/Engine/EngineMaterials/Substrate/Glints2/dict_0005_0169" 8884
"/Engine/EngineMaterials/Substrate/Glints2/dict_0005_0168" 8885
"/Engine/EngineMaterials/Substrate/Glints2/dict_0005_0167" 8886
"/Engine/EngineMaterials/Substrate/Glints2/dict_0005_0166" 8887
"/Engine/EngineMaterials/Substrate/Glints2/dict_0005_0165" 8888
"/Engine/EngineMaterials/Substrate/Glints2/dict_0005_0176" 8889
"../../../Engine/Content/EngineMaterials/Substrate/Glints2/dict_0005_0181.uasset" 8890
"../../../Engine/Content/EngineMaterials/Substrate/Glints2/dict_0005_0182.uasset" 8891
"../../../Engine/Content/EngineMaterials/Substrate/Glints2/dict_0005_0178.uasset" 8892
"../../../Engine/Content/EngineMaterials/Substrate/Glints2/dict_0005_0180.uasset" 8893
"../../../Engine/Content/EngineMaterials/Substrate/Glints2/dict_0005_0172.uasset" 8894
"../../../Engine/Content/EngineMaterials/Substrate/Glints2/dict_0005_0179.uasset" 8895
"../../../Engine/Content/EngineMaterials/Substrate/Glints2/dict_0005_0185.uasset" 8896
"../../../Engine/Content/EngineMaterials/Substrate/Glints2/dict_0005_0186.uasset" 8897
"../../../Engine/Content/EngineMaterials/Substrate/Glints2/dict_0005_0184.uasset" 8898
"../../../Engine/Content/EngineMaterials/Substrate/Glints2/dict_0005_0187.uasset" 8899
"../../../Engine/Content/EngineMaterials/Substrate/Glints2/dict_0005_0183.uasset" 8900
"../../../Engine/Content/EngineMaterials/Substrate/Glints2/dict_0005_0193.uasset" 8901
"../../../Engine/Content/EngineMaterials/Substrate/Glints2/dict_0005_0188.uasset" 8902
"/Engine/EngineMaterials/Substrate/Glints2/dict_0005_0179" 8903
"/Engine/EngineMaterials/Substrate/Glints2/dict_0005_0178" 8904
"/Engine/EngineMaterials/Substrate/Glints2/dict_0005_0172" 8905
"../../../Engine/Content/EngineMaterials/Substrate/Glints2/dict_0005_0191.uasset" 8906
"../../../Engine/Content/EngineMaterials/Substrate/Glints2/dict_0005_0189.uasset" 8907
"../../../Engine/Content/EngineMaterials/Substrate/Glints2/dict_0005_0190.uasset" 8908
"/Engine/EngineMaterials/Substrate/Glints2/dict_0005_0193" 8909
"/Engine/EngineMaterials/Substrate/Glints2/dict_0005_0188" 8910
"/Engine/EngineMaterials/Substrate/Glints2/dict_0005_0187" 8911
"/Engine/EngineMaterials/Substrate/Glints2/dict_0005_0186" 8912
"/Engine/EngineMaterials/Substrate/Glints2/dict_0005_0185" 8913
"../../../Engine/Content/EngineMaterials/Substrate/Glints2/dict_0005_0194.uasset" 8914
"../../../Engine/Content/EngineMaterials/Substrate/Glints2/dict_0005_0196.uasset" 8915
"../../../Engine/Content/EngineMaterials/Substrate/Glints2/dict_0005_0192.uasset" 8916
"/Engine/EngineMaterials/Substrate/Glints2/dict_0005_0184" 8917
"../../../Engine/Content/EngineMaterials/Substrate/Glints2/dict_0005_0197.uasset" 8918
"../../../Engine/Content/EngineMaterials/Substrate/Glints2/dict_0005_0198.uasset" 8919
"/Engine/EngineMaterials/Substrate/Glints2/dict_0005_0183" 8920
"../../../Engine/Content/EngineMaterials/Substrate/Glints2/dict_0005_0199.uasset" 8921
"/Engine/EngineMaterials/Substrate/Glints2/dict_0005_0182" 8922
"/Engine/EngineMaterials/Substrate/Glints2/dict_0005_0181" 8923
"/Engine/EngineMaterials/Substrate/Glints2/dict_0005_0180" 8924
"/Engine/EngineMaterials/Substrate/Glints2/dict_0005_0191" 8925
"/Engine/EngineMaterials/Substrate/Glints2/dict_0005_0192" 8926
"/Engine/EngineMaterials/Substrate/Glints2/dict_0005_0190" 8927
"/Engine/EngineMaterials/Substrate/Glints2/dict_0005_0189" 8928
"/Engine/EngineMaterials/Substrate/Glints2/dict_0005_0199" 8929
"/Engine/EngineMaterials/Substrate/Glints2/dict_0005_0198" 8930
"/Engine/EngineMaterials/Substrate/Glints2/dict_0005_0197" 8931
"../../../Engine/Content/EngineMaterials/Substrate/Glints2/dict_0005_0195.uasset" 8932
"/Engine/EngineMaterials/Substrate/Glints2/dict_0005_0196" 8933
"/Engine/EngineMaterials/Substrate/Glints2/dict_0005_0194" 8934
"../../../Engine/Content/EngineMaterials/Substrate/Glints2/dict_0005_0201.uasset" 8935
"/Engine/EngineMaterials/Substrate/Glints2/dict_0005_0195" 8936
"/Engine/EngineMaterials/Substrate/Glints2/dict_0005_0201" 8937
"../../../Engine/Content/EngineMaterials/Substrate/Glints2/dict_0005_0207.uasset" 8938
"../../../Engine/Content/EngineMaterials/Substrate/Glints2/dict_0005_0208.uasset" 8939
"/Engine/EngineMaterials/Substrate/Glints2/dict_0005_0207" 8940
"/Engine/EngineMaterials/Substrate/Glints2/dict_0005_0208" 8941
"../../../Engine/Content/EngineMaterials/Substrate/Glints2/dict_0005_0205.uasset" 8942
"../../../Engine/Content/EngineMaterials/Substrate/Glints2/dict_0005_0206.uasset" 8943
"../../../Engine/Content/EngineMaterials/Substrate/Glints2/dict_0005_0202.uasset" 8944
"../../../Engine/Content/EngineMaterials/Substrate/Glints2/dict_0005_0204.uasset" 8945
"../../../Engine/Content/EngineMaterials/Substrate/Glints2/dict_0005_0203.uasset" 8946
"../../../Engine/Content/EngineMaterials/Substrate/Glints2/dict_0005_0209.uasset" 8947
"../../../Engine/Content/EngineMaterials/Substrate/Glints2/dict_0005_0210.uasset" 8948
"../../../Engine/Content/EngineMaterials/Substrate/Glints2/dict_0005_0200.uasset" 8949
"../../../Engine/Content/EngineMaterials/Substrate/Glints2/dict_0005_0211.uasset" 8950
"../../../Engine/Content/EngineMaterials/Substrate/Glints2/dict_0005_0213.uasset" 8951
"../../../Engine/Content/EngineMaterials/Substrate/Glints2/dict_0005_0214.uasset" 8952
"../../../Engine/Content/EngineMaterials/Substrate/Glints2/dict_0005_0218.uasset" 8953
"../../../Engine/Content/EngineMaterials/Substrate/Glints2/dict_0005_0220.uasset" 8954
"/Engine/EngineMaterials/Substrate/Glints2/dict_0005_0220" 8955
"/Engine/EngineMaterials/Substrate/Glints2/dict_0005_0206" 8956
"/Engine/EngineMaterials/Substrate/Glints2/dict_0005_0205" 8957
"/Engine/EngineMaterials/Substrate/Glints2/dict_0005_0204" 8958
"../../../Engine/Content/EngineMaterials/Substrate/Glints2/dict_0005_0221.uasset" 8959
"/Engine/EngineMaterials/Substrate/Glints2/dict_0005_0203" 8960
"../../../Engine/Content/EngineMaterials/Substrate/Glints2/dict_0005_0215.uasset" 8961
"/Engine/EngineMaterials/Substrate/Glints2/dict_0005_0202" 8962
"/Engine/EngineMaterials/Substrate/Glints2/dict_0005_0218" 8963
"/Engine/EngineMaterials/Substrate/Glints2/dict_0005_0200" 8964
"/Engine/EngineMaterials/Substrate/Glints2/dict_0005_0214" 8965
"../../../Engine/Content/EngineMaterials/Substrate/Glints2/dict_0005_0222.uasset" 8966
"../../../Engine/Content/EngineMaterials/Substrate/Glints2/dict_0005_0223.uasset" 8967
"../../../Engine/Content/EngineMaterials/Substrate/Glints2/dict_0005_0217.uasset" 8968
"/Engine/EngineMaterials/Substrate/Glints2/dict_0005_0213" 8969
"../../../Engine/Content/EngineMaterials/Substrate/Glints2/dict_0005_0216.uasset" 8970
"/Engine/EngineMaterials/Substrate/Glints2/dict_0005_0211" 8971
"../../../Engine/Content/EngineMaterials/Substrate/Glints2/dict_0005_0225.uasset" 8972
"/Engine/EngineMaterials/Substrate/Glints2/dict_0005_0210" 8973
"../../../Engine/Content/EngineMaterials/Substrate/Glints2/dict_0005_0219.uasset" 8974
"/Engine/EngineMaterials/Substrate/Glints2/dict_0005_0209" 8975
"/Engine/EngineMaterials/Substrate/Glints2/dict_0005_0221" 8976
"/Engine/EngineMaterials/Substrate/Glints2/dict_0005_0219" 8977
"../../../Engine/Content/EngineMaterials/Substrate/Glints2/dict_0005_0212.uasset" 8978
"/Engine/EngineMaterials/Substrate/Glints2/dict_0005_0217" 8979
"/Engine/EngineMaterials/Substrate/Glints2/dict_0005_0216" 8980
"/Engine/EngineMaterials/Substrate/Glints2/dict_0005_0215" 8981
"/Engine/EngineMaterials/Substrate/Glints2/dict_0005_0225" 8982
"../../../Engine/Content/EngineMaterials/Substrate/Glints2/dict_0005_0226.uasset" 8983
"/Engine/EngineMaterials/Substrate/Glints2/dict_0005_0223" 8984
"/Engine/EngineMaterials/Substrate/Glints2/dict_0005_0222" 8985
"/Engine/EngineMaterials/Substrate/Glints2/dict_0005_0226" 8986
"/Engine/EngineMaterials/Substrate/Glints2/dict_0005_0212" 8987
"../../../Engine/Content/EngineMaterials/Substrate/Glints2/dict_0005_0224.uasset" 8988
"../../../Engine/Content/EngineMaterials/Substrate/Glints2/dict_0005_0228.uasset" 8989
"../../../Engine/Content/EngineMaterials/Substrate/Glints2/dict_0005_0229.uasset" 8990
"../../../Engine/Content/EngineMaterials/Substrate/Glints2/dict_0005_0230.uasset" 8991
"../../../Engine/Content/EngineMaterials/Substrate/Glints2/dict_0005_0227.uasset" 8992
"../../../Engine/Content/EngineMaterials/Substrate/Glints2/dict_0005_0231.uasset" 8993
"../../../Engine/Content/EngineMaterials/Substrate/Glints2/dict_0005_0233.uasset" 8994
"../../../Engine/Content/EngineMaterials/Substrate/Glints2/dict_0005_0232.uasset" 8995
"../../../Engine/Content/EngineMaterials/Substrate/Glints2/dict_0005_0235.uasset" 8996
"../../../Engine/Content/EngineMaterials/Substrate/Glints2/dict_0005_0236.uasset" 8997
"/Engine/EngineMaterials/Substrate/Glints2/dict_0005_0230" 8998
"../../../Engine/Content/EngineMaterials/Substrate/Glints2/dict_0005_0238.uasset" 8999
"../../../Engine/Content/EngineMaterials/Substrate/Glints2/dict_0005_0237.uasset" 9000
"/Engine/EngineMaterials/Substrate/Glints2/dict_0005_0229" 9001
"/Engine/EngineMaterials/Substrate/Glints2/dict_0005_0233" 9002
"/Engine/EngineMaterials/Substrate/Glints2/dict_0005_0228" 9003
"/Engine/EngineMaterials/Substrate/Glints2/dict_0005_0227" 9004
"/Engine/EngineMaterials/Substrate/Glints2/dict_0005_0232" 9005
"/Engine/EngineMaterials/Substrate/Glints2/dict_0005_0224" 9006
"../../../Engine/Content/EngineMaterials/Substrate/Glints2/dict_0005_0234.uasset" 9007
"/Engine/EngineMaterials/Substrate/Glints2/dict_0005_0231" 9008
"../../../Engine/Content/EngineMaterials/Substrate/Glints2/dict_0005_0242.uasset" 9009
"../../../Engine/Content/EngineMaterials/Substrate/Glints2/dict_0005_0244.uasset" 9010
"../../../Engine/Content/EngineMaterials/Substrate/Glints2/dict_0005_0247.uasset" 9011
"/Engine/EngineMaterials/Substrate/Glints2/dict_0005_0236" 9012
"../../../Engine/Content/EngineMaterials/Substrate/Glints2/dict_0005_0239.uasset" 9013
"../../../Engine/Content/EngineMaterials/Substrate/Glints2/dict_0005_0240.uasset" 9014
"../../../Engine/Content/EngineMaterials/Substrate/Glints2/dict_0005_0246.uasset" 9015
"../../../Engine/Content/EngineMaterials/Substrate/Glints2/dict_0005_0241.uasset" 9016
"/Engine/EngineMaterials/Substrate/Glints2/dict_0005_0235" 9017
"/Engine/EngineMaterials/Substrate/Glints2/dict_0005_0247" 9018
"/Engine/EngineMaterials/Substrate/Glints2/dict_0005_0234" 9019
"/Engine/EngineMaterials/Substrate/Glints2/dict_0005_0246" 9020
"../../../Engine/Content/EngineMaterials/Substrate/Glints2/dict_0005_0245.uasset" 9021
"/Engine/EngineMaterials/Substrate/Glints2/dict_0005_0244" 9022
"/Engine/EngineMaterials/Substrate/Glints2/dict_0005_0242" 9023
"/Engine/EngineMaterials/Substrate/Glints2/dict_0005_0241" 9024
"/Engine/EngineMaterials/Substrate/Glints2/dict_0005_0240" 9025
"/Engine/EngineMaterials/Substrate/Glints2/dict_0005_0239" 9026
"../../../Engine/Content/EngineMaterials/Substrate/Glints2/dict_0005_0243.uasset" 9027
"/Engine/EngineMaterials/Substrate/Glints2/dict_0005_0238" 9028
"/Engine/EngineMaterials/Substrate/Glints2/dict_0005_0237" 9029
"/Engine/EngineMaterials/Substrate/Glints2/dict_0005_0245" 9030
"/Engine/EngineMaterials/Substrate/Glints2/dict_0005_0243" 9031
"../../../Engine/Content/EngineMaterials/Substrate/Glints2/dict_0005_0252.uasset" 9032
"../../../Engine/Content/EngineMaterials/Substrate/Glints2/dict_0005_0248.uasset" 9033
"../../../Engine/Content/EngineMaterials/Substrate/Glints2/dict_0005_0251.uasset" 9034
"../../../Engine/Content/EngineMaterials/Substrate/Glints2/dict_0005_0250.uasset" 9035
"../../../Engine/Content/EngineMaterials/Substrate/Glints2/dict_0005_0249.uasset" 9036
"../../../Engine/Content/EngineMaterials/Substrate/Glints2/dict_0006_0003.uasset" 9037
"../../../Engine/Content/EngineMaterials/Substrate/Glints2/dict_0005_0254.uasset" 9038
"../../../Engine/Content/EngineMaterials/Substrate/Glints2/dict_0006_0005.uasset" 9039
"../../../Engine/Content/EngineMaterials/Substrate/Glints2/dict_0006_0004.uasset" 9040
"../../../Engine/Content/EngineMaterials/Substrate/Glints2/dict_0006_0006.uasset" 9041
"../../../Engine/Content/EngineMaterials/Substrate/Glints2/dict_0006_0000.uasset" 9042
"../../../Engine/Content/EngineMaterials/Substrate/Glints2/dict_0006_0001.uasset" 9043
"../../../Engine/Content/EngineMaterials/Substrate/Glints2/dict_0006_0009.uasset" 9044
"../../../Engine/Content/EngineMaterials/Substrate/Glints2/dict_0006_0007.uasset" 9045
"../../../Engine/Content/EngineMaterials/Substrate/Glints2/dict_0006_0008.uasset" 9046
"../../../Engine/Content/EngineMaterials/Substrate/Glints2/dict_0006_0010.uasset" 9047
"../../../Engine/Content/EngineMaterials/Substrate/Glints2/dict_0006_0012.uasset" 9048
"../../../Engine/Content/EngineMaterials/Substrate/Glints2/dict_0006_0011.uasset" 9049
"/Engine/EngineMaterials/Substrate/Glints2/dict_0005_0254" 9050
"/Engine/EngineMaterials/Substrate/Glints2/dict_0006_0010" 9051
"/Engine/EngineMaterials/Substrate/Glints2/dict_0006_0009" 9052
"/Engine/EngineMaterials/Substrate/Glints2/dict_0006_0008" 9053
"/Engine/EngineMaterials/Substrate/Glints2/dict_0006_0007" 9054
"/Engine/EngineMaterials/Substrate/Glints2/dict_0006_0006" 9055
"../../../Engine/Content/EngineMaterials/Substrate/Glints2/dict_0006_0015.uasset" 9056
"/Engine/EngineMaterials/Substrate/Glints2/dict_0005_0252" 9057
"/Engine/EngineMaterials/Substrate/Glints2/dict_0005_0251" 9058
"../../../Engine/Content/EngineMaterials/Substrate/Glints2/dict_0005_0253.uasset" 9059
"../../../Engine/Content/EngineMaterials/Substrate/Glints2/dict_0006_0014.uasset" 9060
"/Engine/EngineMaterials/Substrate/Glints2/dict_0006_0001" 9061
"/Engine/EngineMaterials/Substrate/Glints2/dict_0005_0250" 9062
"/Engine/EngineMaterials/Substrate/Glints2/dict_0006_0005" 9063
"/Engine/EngineMaterials/Substrate/Glints2/dict_0005_0249" 9064
"/Engine/EngineMaterials/Substrate/Glints2/dict_0006_0004" 9065
"/Engine/EngineMaterials/Substrate/Glints2/dict_0005_0248" 9066
"/Engine/EngineMaterials/Substrate/Glints2/dict_0006_0000" 9067
"../../../Engine/Content/EngineMaterials/Substrate/Glints2/dict_0006_0016.uasset" 9068
"../../../Engine/Content/EngineMaterials/Substrate/Glints2/dict_0006_0019.uasset" 9069
"/Engine/EngineMaterials/Substrate/Glints2/dict_0006_0012" 9070
"../../../Engine/Content/EngineMaterials/Substrate/Glints2/dict_0006_0017.uasset" 9071
"../../../Engine/Content/EngineMaterials/Substrate/Glints2/dict_0006_0002.uasset" 9072
"../../../Engine/Content/EngineMaterials/Substrate/Glints2/dict_0005_0255.uasset" 9073
"/Engine/EngineMaterials/Substrate/Glints2/dict_0006_0003" 9074
"../../../Engine/Content/EngineMaterials/Substrate/Glints2/dict_0006_0018.uasset" 9075
"/Engine/EngineMaterials/Substrate/Glints2/dict_0005_0255" 9076
"/Engine/EngineMaterials/Substrate/Glints2/dict_0006_0019" 9077
"/Engine/EngineMaterials/Substrate/Glints2/dict_0006_0018" 9078
"/Engine/EngineMaterials/Substrate/Glints2/dict_0006_0017" 9079
"/Engine/EngineMaterials/Substrate/Glints2/dict_0006_0011" 9080
"/Engine/EngineMaterials/Substrate/Glints2/dict_0006_0016" 9081
"/Engine/EngineMaterials/Substrate/Glints2/dict_0006_0015" 9082
"/Engine/EngineMaterials/Substrate/Glints2/dict_0005_0253" 9083
"../../../Engine/Content/EngineMaterials/Substrate/Glints2/dict_0006_0020.uasset" 9084
"/Engine/EngineMaterials/Substrate/Glints2/dict_0006_0014" 9085
"/Engine/EngineMaterials/Substrate/Glints2/dict_0006_0002" 9086
"/Engine/EngineMaterials/Substrate/Glints2/dict_0006_0020" 9087
"../../../Engine/Content/EngineMaterials/Substrate/Glints2/dict_0006_0021.uasset" 9088
"../../../Engine/Content/EngineMaterials/Substrate/Glints2/dict_0006_0022.uasset" 9089
"../../../Engine/Content/EngineMaterials/Substrate/Glints2/dict_0006_0013.uasset" 9090
"../../../Engine/Content/EngineMaterials/Substrate/Glints2/dict_0006_0023.uasset" 9091
"../../../Engine/Content/EngineMaterials/Substrate/Glints2/dict_0006_0025.uasset" 9092
"../../../Engine/Content/EngineMaterials/Substrate/Glints2/dict_0006_0026.uasset" 9093
"../../../Engine/Content/EngineMaterials/Substrate/Glints2/dict_0006_0024.uasset" 9094
"/Engine/EngineMaterials/Substrate/Glints2/dict_0006_0021" 9095
"/Engine/EngineMaterials/Substrate/Glints2/dict_0006_0023" 9096
"/Engine/EngineMaterials/Substrate/Glints2/dict_0006_0022" 9097
"../../../Engine/Content/EngineMaterials/Substrate/Glints2/dict_0006_0027.uasset" 9098
"/Engine/EngineMaterials/Substrate/Glints2/dict_0006_0013" 9099
"/Engine/EngineMaterials/Substrate/Glints2/dict_0006_0026" 9100
"/Engine/EngineMaterials/Substrate/Glints2/dict_0006_0025" 9101
"../../../Engine/Content/EngineMaterials/Substrate/Glints2/dict_0006_0028.uasset" 9102
"/Engine/EngineMaterials/Substrate/Glints2/dict_0006_0024" 9103
"/Engine/EngineMaterials/Substrate/Glints2/dict_0006_0028" 9104
"/Engine/EngineMaterials/Substrate/Glints2/dict_0006_0027" 9105
"../../../Engine/Content/EngineMaterials/Substrate/Glints2/dict_0006_0030.uasset" 9106
"../../../Engine/Content/EngineMaterials/Substrate/Glints2/dict_0006_0033.uasset" 9107
"../../../Engine/Content/EngineMaterials/Substrate/Glints2/dict_0006_0032.uasset" 9108
"../../../Engine/Content/EngineMaterials/Substrate/Glints2/dict_0006_0031.uasset" 9109
"../../../Engine/Content/EngineMaterials/Substrate/Glints2/dict_0006_0034.uasset" 9110
"../../../Engine/Content/EngineMaterials/Substrate/Glints2/dict_0006_0036.uasset" 9111
"../../../Engine/Content/EngineMaterials/Substrate/Glints2/dict_0006_0035.uasset" 9112
"/Engine/EngineMaterials/Substrate/Glints2/dict_0006_0036" 9113
"../../../Engine/Content/EngineMaterials/Substrate/Glints2/dict_0006_0037.uasset" 9114
"../../../Engine/Content/EngineMaterials/Substrate/Glints2/dict_0006_0039.uasset" 9115
"/Engine/EngineMaterials/Substrate/Glints2/dict_0006_0035" 9116
"/Engine/EngineMaterials/Substrate/Glints2/dict_0006_0034" 9117
"../../../Engine/Content/EngineMaterials/Substrate/Glints2/dict_0006_0040.uasset" 9118
"/Engine/EngineMaterials/Substrate/Glints2/dict_0006_0033" 9119
"../../../Engine/Content/EngineMaterials/Substrate/Glints2/dict_0006_0041.uasset" 9120
"../../../Engine/Content/EngineMaterials/Substrate/Glints2/dict_0006_0038.uasset" 9121
"/Engine/EngineMaterials/Substrate/Glints2/dict_0006_0032" 9122
"/Engine/EngineMaterials/Substrate/Glints2/dict_0006_0031" 9123
"/Engine/EngineMaterials/Substrate/Glints2/dict_0006_0030" 9124
"/Engine/EngineMaterials/Substrate/Glints2/dict_0006_0040" 9125
"/Engine/EngineMaterials/Substrate/Glints2/dict_0006_0039" 9126
"/Engine/EngineMaterials/Substrate/Glints2/dict_0006_0038" 9127
"/Engine/EngineMaterials/Substrate/Glints2/dict_0006_0037" 9128
"/Engine/EngineMaterials/Substrate/Glints2/dict_0006_0041" 9129
"../../../Engine/Content/EngineMaterials/Substrate/Glints2/dict_0006_0042.uasset" 9130
"../../../Engine/Content/EngineMaterials/Substrate/Glints2/dict_0006_0046.uasset" 9131
"../../../Engine/Content/EngineMaterials/Substrate/Glints2/dict_0006_0044.uasset" 9132
"../../../Engine/Content/EngineMaterials/Substrate/Glints2/dict_0006_0045.uasset" 9133
"../../../Engine/Content/EngineMaterials/Substrate/Glints2/dict_0006_0043.uasset" 9134
"../../../Engine/Content/EngineMaterials/Substrate/Glints2/dict_0006_0048.uasset" 9135
"../../../Engine/Content/EngineMaterials/Substrate/Glints2/dict_0006_0047.uasset" 9136
"../../../Engine/Content/EngineMaterials/Substrate/Glints2/dict_0006_0049.uasset" 9137
"../../../Engine/Content/EngineMaterials/Substrate/Glints2/dict_0006_0054.uasset" 9138
"../../../Engine/Content/EngineMaterials/Substrate/Glints2/dict_0006_0051.uasset" 9139
"../../../Engine/Content/EngineMaterials/Substrate/Glints2/dict_0006_0053.uasset" 9140
"../../../Engine/Content/EngineMaterials/Substrate/Glints2/dict_0006_0050.uasset" 9141
"/Engine/EngineMaterials/Substrate/Glints2/dict_0006_0050" 9142
"/Engine/EngineMaterials/Substrate/Glints2/dict_0006_0051" 9143
"/Engine/EngineMaterials/Substrate/Glints2/dict_0006_0049" 9144
"/Engine/EngineMaterials/Substrate/Glints2/dict_0006_0048" 9145
"../../../Engine/Content/EngineMaterials/Substrate/Glints2/dict_0006_0052.uasset" 9146
"/Engine/EngineMaterials/Substrate/Glints2/dict_0006_0047" 9147
"/Engine/EngineMaterials/Substrate/Glints2/dict_0006_0046" 9148
"../../../Engine/Content/EngineMaterials/Substrate/Glints2/dict_0006_0056.uasset" 9149
"/Engine/EngineMaterials/Substrate/Glints2/dict_0006_0045" 9150
"/Engine/EngineMaterials/Substrate/Glints2/dict_0006_0044" 9151
"../../../Engine/Content/EngineMaterials/Substrate/Glints2/dict_0006_0055.uasset" 9152
"/Engine/EngineMaterials/Substrate/Glints2/dict_0006_0043" 9153
"/Engine/EngineMaterials/Substrate/Glints2/dict_0006_0042" 9154
"/Engine/EngineMaterials/Substrate/Glints2/dict_0006_0054" 9155
"/Engine/EngineMaterials/Substrate/Glints2/dict_0006_0053" 9156
"/Engine/EngineMaterials/Substrate/Glints2/dict_0006_0056" 9157
"/Engine/EngineMaterials/Substrate/Glints2/dict_0006_0055" 9158
"/Engine/EngineMaterials/Substrate/Glints2/dict_0006_0052" 9159
"../../../Engine/Content/EngineMaterials/Substrate/Glints2/dict_0006_0057.uasset" 9160
"/Engine/EngineMaterials/Substrate/Glints2/dict_0006_0057" 9161
"../../../Engine/Content/EngineMaterials/Substrate/Glints2/dict_0006_0060.uasset" 9162
"../../../Engine/Content/EngineMaterials/Substrate/Glints2/dict_0006_0058.uasset" 9163
"../../../Engine/Content/EngineMaterials/Substrate/Glints2/dict_0006_0061.uasset" 9164
"../../../Engine/Content/EngineMaterials/Substrate/Glints2/dict_0006_0062.uasset" 9165
"../../../Engine/Content/EngineMaterials/Substrate/Glints2/dict_0006_0059.uasset" 9166
"../../../Engine/Content/EngineMaterials/Substrate/Glints2/dict_0006_0063.uasset" 9167
"../../../Engine/Content/EngineMaterials/Substrate/Glints2/dict_0006_0065.uasset" 9168
"../../../Engine/Content/EngineMaterials/Substrate/Glints2/dict_0006_0066.uasset" 9169
"../../../Engine/Content/EngineMaterials/Substrate/Glints2/dict_0006_0064.uasset" 9170
"../../../Engine/Content/EngineMaterials/Substrate/Glints2/dict_0006_0068.uasset" 9171
"../../../Engine/Content/EngineMaterials/Substrate/Glints2/dict_0006_0067.uasset" 9172
"../../../Engine/Content/EngineMaterials/Substrate/Glints2/dict_0006_0029.uasset" 9173
"/Engine/EngineMaterials/Substrate/Glints2/dict_0006_0058" 9174
"/Engine/EngineMaterials/Substrate/Glints2/dict_0006_0067" 9175
"../../../Engine/Content/EngineMaterials/Substrate/Glints2/dict_0006_0070.uasset" 9176
"/Engine/EngineMaterials/Substrate/Glints2/dict_0006_0066" 9177
"/Engine/EngineMaterials/Substrate/Glints2/dict_0006_0065" 9178
"/Engine/EngineMaterials/Substrate/Glints2/dict_0006_0064" 9179
"/Engine/EngineMaterials/Substrate/Glints2/dict_0006_0063" 9180
"/Engine/EngineMaterials/Substrate/Glints2/dict_0006_0062" 9181
"/Engine/EngineMaterials/Substrate/Glints2/dict_0006_0061" 9182
"../../../Engine/Content/EngineMaterials/Substrate/Glints2/dict_0006_0069.uasset" 9183
"/Engine/EngineMaterials/Substrate/Glints2/dict_0006_0029" 9184
"/Engine/EngineMaterials/Substrate/Glints2/dict_0006_0060" 9185
"/Engine/EngineMaterials/Substrate/Glints2/dict_0006_0059" 9186
"../../../Engine/Content/EngineMaterials/Substrate/Glints2/dict_0006_0073.uasset" 9187
"../../../Engine/Content/EngineMaterials/Substrate/Glints2/dict_0006_0071.uasset" 9188
"/Engine/EngineMaterials/Substrate/Glints2/dict_0006_0068" 9189
"../../../Engine/Content/EngineMaterials/Substrate/Glints2/dict_0006_0072.uasset" 9190
"/Engine/EngineMaterials/Substrate/Glints2/dict_0006_0072" 9191
"/Engine/EngineMaterials/Substrate/Glints2/dict_0006_0071" 9192
"../../../Engine/Content/EngineMaterials/Substrate/Glints2/dict_0006_0076.uasset" 9193
"/Engine/EngineMaterials/Substrate/Glints2/dict_0006_0070" 9194
"/Engine/EngineMaterials/Substrate/Glints2/dict_0006_0069" 9195
"/Engine/EngineMaterials/Substrate/Glints2/dict_0006_0073" 9196
"/Engine/EngineMaterials/Substrate/Glints2/dict_0006_0076" 9197
"../../../Engine/Content/EngineMaterials/Substrate/Glints2/dict_0006_0074.uasset" 9198
"../../../Engine/Content/EngineMaterials/Substrate/Glints2/dict_0006_0077.uasset" 9199
"../../../Engine/Content/EngineMaterials/Substrate/Glints2/dict_0006_0079.uasset" 9200
"../../../Engine/Content/EngineMaterials/Substrate/Glints2/dict_0006_0075.uasset" 9201
"../../../Engine/Content/EngineMaterials/Substrate/Glints2/dict_0006_0084.uasset" 9202
"../../../Engine/Content/EngineMaterials/Substrate/Glints2/dict_0006_0081.uasset" 9203
"../../../Engine/Content/EngineMaterials/Substrate/Glints2/dict_0006_0085.uasset" 9204
"../../../Engine/Content/EngineMaterials/Substrate/Glints2/dict_0006_0080.uasset" 9205
"../../../Engine/Content/EngineMaterials/Substrate/Glints2/dict_0006_0078.uasset" 9206
"../../../Engine/Content/EngineMaterials/Substrate/Glints2/dict_0006_0082.uasset" 9207
"../../../Engine/Content/EngineMaterials/Substrate/Glints2/dict_0006_0083.uasset" 9208
"/Engine/EngineMaterials/Substrate/Glints2/dict_0006_0084" 9209
"/Engine/EngineMaterials/Substrate/Glints2/dict_0006_0083" 9210
"/Engine/EngineMaterials/Substrate/Glints2/dict_0006_0082" 9211
"/Engine/EngineMaterials/Substrate/Glints2/dict_0006_0081" 9212
"/Engine/EngineMaterials/Substrate/Glints2/dict_0006_0080" 9213
"/Engine/EngineMaterials/Substrate/Glints2/dict_0006_0079" 9214
"/Engine/EngineMaterials/Substrate/Glints2/dict_0006_0078" 9215
"../../../Engine/Content/EngineMaterials/Substrate/Glints2/dict_0006_0086.uasset" 9216
"../../../Engine/Content/EngineMaterials/Substrate/Glints2/dict_0006_0087.uasset" 9217
"../../../Engine/Content/EngineMaterials/Substrate/Glints2/dict_0006_0089.uasset" 9218
"/Engine/EngineMaterials/Substrate/Glints2/dict_0006_0077" 9219
"../../../Engine/Content/EngineMaterials/Substrate/Glints2/dict_0006_0088.uasset" 9220
"/Engine/EngineMaterials/Substrate/Glints2/dict_0006_0075" 9221
"/Engine/EngineMaterials/Substrate/Glints2/dict_0006_0074" 9222
"/Engine/EngineMaterials/Substrate/Glints2/dict_0006_0085" 9223
"../../../Engine/Content/EngineMaterials/Substrate/Glints2/dict_0006_0091.uasset" 9224
"/Engine/EngineMaterials/Substrate/Glints2/dict_0006_0088" 9225
"/Engine/EngineMaterials/Substrate/Glints2/dict_0006_0087" 9226
"../../../Engine/Content/EngineMaterials/Substrate/Glints2/dict_0006_0090.uasset" 9227
"/Engine/EngineMaterials/Substrate/Glints2/dict_0006_0091" 9228
"/Engine/EngineMaterials/Substrate/Glints2/dict_0006_0086" 9229
"/Engine/EngineMaterials/Substrate/Glints2/dict_0006_0089" 9230
"/Engine/EngineMaterials/Substrate/Glints2/dict_0006_0090" 9231
"../../../Engine/Content/EngineMaterials/Substrate/Glints2/dict_0006_0100.uasset" 9232
"../../../Engine/Content/EngineMaterials/Substrate/Glints2/dict_0006_0093.uasset" 9233
"../../../Engine/Content/EngineMaterials/Substrate/Glints2/dict_0006_0101.uasset" 9234
"../../../Engine/Content/EngineMaterials/Substrate/Glints2/dict_0006_0097.uasset" 9235
"../../../Engine/Content/EngineMaterials/Substrate/Glints2/dict_0006_0092.uasset" 9236
"../../../Engine/Content/EngineMaterials/Substrate/Glints2/dict_0006_0094.uasset" 9237
"../../../Engine/Content/EngineMaterials/Substrate/Glints2/dict_0006_0099.uasset" 9238
"../../../Engine/Content/EngineMaterials/Substrate/Glints2/dict_0006_0096.uasset" 9239
"../../../Engine/Content/EngineMaterials/Substrate/Glints2/dict_0006_0098.uasset" 9240
"../../../Engine/Content/EngineMaterials/Substrate/Glints2/dict_0006_0103.uasset" 9241
"../../../Engine/Content/EngineMaterials/Substrate/Glints2/dict_0006_0106.uasset" 9242
"../../../Engine/Content/EngineMaterials/Substrate/Glints2/dict_0006_0105.uasset" 9243
"../../../Engine/Content/EngineMaterials/Substrate/Glints2/dict_0006_0102.uasset" 9244
"../../../Engine/Content/EngineMaterials/Substrate/Glints2/dict_0006_0108.uasset" 9245
"../../../Engine/Content/EngineMaterials/Substrate/Glints2/dict_0006_0095.uasset" 9246
"../../../Engine/Content/EngineMaterials/Substrate/Glints2/dict_0006_0109.uasset" 9247
"../../../Engine/Content/EngineMaterials/Substrate/Glints2/dict_0006_0110.uasset" 9248
"../../../Engine/Content/EngineMaterials/Substrate/Glints2/dict_0006_0112.uasset" 9249
"../../../Engine/Content/EngineMaterials/Substrate/Glints2/dict_0006_0111.uasset" 9250
"/Engine/EngineMaterials/Substrate/Glints2/dict_0006_0100" 9251
"../../../Engine/Content/EngineMaterials/Substrate/Glints2/dict_0006_0107.uasset" 9252
"/Engine/EngineMaterials/Substrate/Glints2/dict_0006_0105" 9253
"/Engine/EngineMaterials/Substrate/Glints2/dict_0006_0103" 9254
"/Engine/EngineMaterials/Substrate/Glints2/dict_0006_0102" 9255
"/Engine/EngineMaterials/Substrate/Glints2/dict_0006_0099" 9256
"/Engine/EngineMaterials/Substrate/Glints2/dict_0006_0098" 9257
"/Engine/EngineMaterials/Substrate/Glints2/dict_0006_0110" 9258
"/Engine/EngineMaterials/Substrate/Glints2/dict_0006_0106" 9259
"/Engine/EngineMaterials/Substrate/Glints2/dict_0006_0097" 9260
"/Engine/EngineMaterials/Substrate/Glints2/dict_0006_0096" 9261
"/Engine/EngineMaterials/Substrate/Glints2/dict_0006_0095" 9262
"/Engine/EngineMaterials/Substrate/Glints2/dict_0006_0094" 9263
"../../../Engine/Content/EngineMaterials/Substrate/Glints2/dict_0006_0115.uasset" 9264
"/Engine/EngineMaterials/Substrate/Glints2/dict_0006_0093" 9265
"../../../Engine/Content/EngineMaterials/Substrate/Glints2/dict_0006_0114.uasset" 9266
"/Engine/EngineMaterials/Substrate/Glints2/dict_0006_0092" 9267
"/Engine/EngineMaterials/Substrate/Glints2/dict_0006_0109" 9268
"/Engine/EngineMaterials/Substrate/Glints2/dict_0006_0108" 9269
"/Engine/EngineMaterials/Substrate/Glints2/dict_0006_0101" 9270
"/Engine/EngineMaterials/Substrate/Glints2/dict_0006_0115" 9271
"/Engine/EngineMaterials/Substrate/Glints2/dict_0006_0114" 9272
"/Engine/EngineMaterials/Substrate/Glints2/dict_0006_0112" 9273
"/Engine/EngineMaterials/Substrate/Glints2/dict_0006_0111" 9274
"../../../Engine/Content/EngineMaterials/Substrate/Glints2/dict_0006_0120.uasset" 9275
"/Engine/EngineMaterials/Substrate/Glints2/dict_0006_0107" 9276
"/Engine/EngineMaterials/Substrate/Glints2/dict_0006_0120" 9277
"../../../Engine/Content/EngineMaterials/Substrate/Glints2/dict_0006_0118.uasset" 9278
"../../../Engine/Content/EngineMaterials/Substrate/Glints2/dict_0006_0104.uasset" 9279
"/Engine/EngineMaterials/Substrate/Glints2/dict_0006_0118" 9280
"/Engine/EngineMaterials/Substrate/Glints2/dict_0006_0104" 9281
"../../../Engine/Content/EngineMaterials/Substrate/Glints2/dict_0006_0113.uasset" 9282
"../../../Engine/Content/EngineMaterials/Substrate/Glints2/dict_0006_0119.uasset" 9283
"../../../Engine/Content/EngineMaterials/Substrate/Glints2/dict_0006_0117.uasset" 9284
"../../../Engine/Content/EngineMaterials/Substrate/Glints2/dict_0006_0123.uasset" 9285
"../../../Engine/Content/EngineMaterials/Substrate/Glints2/dict_0006_0124.uasset" 9286
"../../../Engine/Content/EngineMaterials/Substrate/Glints2/dict_0006_0125.uasset" 9287
"../../../Engine/Content/EngineMaterials/Substrate/Glints2/dict_0006_0122.uasset" 9288
"../../../Engine/Content/EngineMaterials/Substrate/Glints2/dict_0006_0126.uasset" 9289
"../../../Engine/Content/EngineMaterials/Substrate/Glints2/dict_0006_0121.uasset" 9290
"/Engine/EngineMaterials/Substrate/Glints2/dict_0006_0117" 9291
"../../../Engine/Content/EngineMaterials/Substrate/Glints2/dict_0006_0116.uasset" 9292
"../../../Engine/Content/EngineMaterials/Substrate/Glints2/dict_0006_0127.uasset" 9293
"/Engine/EngineMaterials/Substrate/Glints2/dict_0006_0122" 9294
"/Engine/EngineMaterials/Substrate/Glints2/dict_0006_0113" 9295
"/Engine/EngineMaterials/Substrate/Glints2/dict_0006_0126" 9296
"/Engine/EngineMaterials/Substrate/Glints2/dict_0006_0123" 9297
"/Engine/EngineMaterials/Substrate/Glints2/dict_0006_0119" 9298
"../../../Engine/Content/EngineMaterials/Substrate/Glints2/dict_0006_0128.uasset" 9299
"/Engine/EngineMaterials/Substrate/Glints2/dict_0006_0125" 9300
"/Engine/EngineMaterials/Substrate/Glints2/dict_0006_0124" 9301
"/Engine/EngineMaterials/Substrate/Glints2/dict_0006_0116" 9302
"/Engine/EngineMaterials/Substrate/Glints2/dict_0006_0121" 9303
"../../../Engine/Content/EngineMaterials/Substrate/Glints2/dict_0006_0132.uasset" 9304
"../../../Engine/Content/EngineMaterials/Substrate/Glints2/dict_0006_0130.uasset" 9305
"../../../Engine/Content/EngineMaterials/Substrate/Glints2/dict_0006_0129.uasset" 9306
"/Engine/EngineMaterials/Substrate/Glints2/dict_0006_0128" 9307
"/Engine/EngineMaterials/Substrate/Glints2/dict_0006_0127" 9308
"../../../Engine/Content/EngineMaterials/Substrate/Glints2/dict_0006_0131.uasset" 9309
"/Engine/EngineMaterials/Substrate/Glints2/dict_0006_0132" 9310
"/Engine/EngineMaterials/Substrate/Glints2/dict_0006_0131" 9311
"/Engine/EngineMaterials/Substrate/Glints2/dict_0006_0130" 9312
"/Engine/EngineMaterials/Substrate/Glints2/dict_0006_0129" 9313
"../../../Engine/Content/EngineMaterials/Substrate/Glints2/dict_0006_0137.uasset" 9314
"../../../Engine/Content/EngineMaterials/Substrate/Glints2/dict_0006_0133.uasset" 9315
"../../../Engine/Content/EngineMaterials/Substrate/Glints2/dict_0006_0135.uasset" 9316
"../../../Engine/Content/EngineMaterials/Substrate/Glints2/dict_0006_0134.uasset" 9317
"../../../Engine/Content/EngineMaterials/Substrate/Glints2/dict_0006_0138.uasset" 9318
"../../../Engine/Content/EngineMaterials/Substrate/Glints2/dict_0006_0140.uasset" 9319
"../../../Engine/Content/EngineMaterials/Substrate/Glints2/dict_0006_0142.uasset" 9320
"../../../Engine/Content/EngineMaterials/Substrate/Glints2/dict_0006_0141.uasset" 9321
"../../../Engine/Content/EngineMaterials/Substrate/Glints2/dict_0006_0139.uasset" 9322
"../../../Engine/Content/EngineMaterials/Substrate/Glints2/dict_0006_0143.uasset" 9323
"../../../Engine/Content/EngineMaterials/Substrate/Glints2/dict_0006_0147.uasset" 9324
"../../../Engine/Content/EngineMaterials/Substrate/Glints2/dict_0006_0150.uasset" 9325
"../../../Engine/Content/EngineMaterials/Substrate/Glints2/dict_0006_0149.uasset" 9326
"../../../Engine/Content/EngineMaterials/Substrate/Glints2/dict_0006_0151.uasset" 9327
"/Engine/EngineMaterials/Substrate/Glints2/dict_0006_0140" 9328
"/Engine/EngineMaterials/Substrate/Glints2/dict_0006_0143" 9329
"/Engine/EngineMaterials/Substrate/Glints2/dict_0006_0139" 9330
"/Engine/EngineMaterials/Substrate/Glints2/dict_0006_0142" 9331
"/Engine/EngineMaterials/Substrate/Glints2/dict_0006_0138" 9332
"/Engine/EngineMaterials/Substrate/Glints2/dict_0006_0137" 9333
"/Engine/EngineMaterials/Substrate/Glints2/dict_0006_0135" 9334
"/Engine/EngineMaterials/Substrate/Glints2/dict_0006_0134" 9335
"/Engine/EngineMaterials/Substrate/Glints2/dict_0006_0133" 9336
"/Engine/EngineMaterials/Substrate/Glints2/dict_0006_0151" 9337
"../../../Engine/Content/EngineMaterials/Substrate/Glints2/dict_0006_0144.uasset" 9338
"/Engine/EngineMaterials/Substrate/Glints2/dict_0006_0150" 9339
"/Engine/EngineMaterials/Substrate/Glints2/dict_0006_0149" 9340
"../../../Engine/Content/EngineMaterials/Substrate/Glints2/dict_0006_0146.uasset" 9341
"/Engine/EngineMaterials/Substrate/Glints2/dict_0006_0141" 9342
"/Engine/EngineMaterials/Substrate/Glints2/dict_0006_0147" 9343
"/Engine/EngineMaterials/Substrate/Glints2/dict_0006_0144" 9344
"/Engine/EngineMaterials/Substrate/Glints2/dict_0006_0146" 9345
"../../../Engine/Content/EngineMaterials/Substrate/Glints2/dict_0006_0154.uasset" 9346
"../../../Engine/Content/EngineMaterials/Substrate/Glints2/dict_0006_0148.uasset" 9347
"../../../Engine/Content/EngineMaterials/Substrate/Glints2/dict_0006_0153.uasset" 9348
"../../../Engine/Content/EngineMaterials/Substrate/Glints2/dict_0006_0156.uasset" 9349
"../../../Engine/Content/EngineMaterials/Substrate/Glints2/dict_0006_0145.uasset" 9350
"../../../Engine/Content/EngineMaterials/Substrate/Glints2/dict_0006_0136.uasset" 9351
"../../../Engine/Content/EngineMaterials/Substrate/Glints2/dict_0006_0155.uasset" 9352
"../../../Engine/Content/EngineMaterials/Substrate/Glints2/dict_0006_0152.uasset" 9353
"../../../Engine/Content/EngineMaterials/Substrate/Glints2/dict_0006_0157.uasset" 9354
"/Engine/EngineMaterials/Substrate/Glints2/dict_0006_0156" 9355
"/Engine/EngineMaterials/Substrate/Glints2/dict_0006_0145" 9356
"/Engine/EngineMaterials/Substrate/Glints2/dict_0006_0155" 9357
"/Engine/EngineMaterials/Substrate/Glints2/dict_0006_0154" 9358
"/Engine/EngineMaterials/Substrate/Glints2/dict_0006_0148" 9359
"/Engine/EngineMaterials/Substrate/Glints2/dict_0006_0136" 9360
"/Engine/EngineMaterials/Substrate/Glints2/dict_0006_0157" 9361
"/Engine/EngineMaterials/Substrate/Glints2/dict_0006_0153" 9362
"/Engine/EngineMaterials/Substrate/Glints2/dict_0006_0152" 9363
"../../../Engine/Content/EngineMaterials/Substrate/Glints2/dict_0006_0162.uasset" 9364
"../../../Engine/Content/EngineMaterials/Substrate/Glints2/dict_0006_0159.uasset" 9365
"../../../Engine/Content/EngineMaterials/Substrate/Glints2/dict_0006_0167.uasset" 9366
"../../../Engine/Content/EngineMaterials/Substrate/Glints2/dict_0006_0161.uasset" 9367
"/Engine/EngineMaterials/Substrate/Glints2/dict_0006_0159" 9368
"/Engine/EngineMaterials/Substrate/Glints2/dict_0006_0162" 9369
"/Engine/EngineMaterials/Substrate/Glints2/dict_0006_0167" 9370
"../../../Engine/Content/EngineMaterials/Substrate/Glints2/dict_0006_0165.uasset" 9371
"/Engine/EngineMaterials/Substrate/Glints2/dict_0006_0161" 9372
"../../../Engine/Content/EngineMaterials/Substrate/Glints2/dict_0006_0158.uasset" 9373
"/Engine/EngineMaterials/Substrate/Glints2/dict_0006_0165" 9374
"/Engine/EngineMaterials/Substrate/Glints2/dict_0006_0158" 9375
"../../../Engine/Content/EngineMaterials/Substrate/Glints2/dict_0006_0164.uasset" 9376
"../../../Engine/Content/EngineMaterials/Substrate/Glints2/dict_0006_0160.uasset" 9377
"../../../Engine/Content/EngineMaterials/Substrate/Glints2/dict_0006_0170.uasset" 9378
"../../../Engine/Content/EngineMaterials/Substrate/Glints2/dict_0006_0171.uasset" 9379
"../../../Engine/Content/EngineMaterials/Substrate/Glints2/dict_0006_0168.uasset" 9380
"../../../Engine/Content/EngineMaterials/Substrate/Glints2/dict_0006_0166.uasset" 9381
"../../../Engine/Content/EngineMaterials/Substrate/Glints2/dict_0006_0175.uasset" 9382
"../../../Engine/Content/EngineMaterials/Substrate/Glints2/dict_0006_0174.uasset" 9383
"../../../Engine/Content/EngineMaterials/Substrate/Glints2/dict_0006_0163.uasset" 9384
"../../../Engine/Content/EngineMaterials/Substrate/Glints2/dict_0006_0173.uasset" 9385
"/Engine/EngineMaterials/Substrate/Glints2/dict_0006_0160" 9386
"/Engine/EngineMaterials/Substrate/Glints2/dict_0006_0175" 9387
"/Engine/EngineMaterials/Substrate/Glints2/dict_0006_0174" 9388
"../../../Engine/Content/EngineMaterials/Substrate/Glints2/dict_0006_0169.uasset" 9389
"/Engine/EngineMaterials/Substrate/Glints2/dict_0006_0173" 9390
"/Engine/EngineMaterials/Substrate/Glints2/dict_0006_0171" 9391
"/Engine/EngineMaterials/Substrate/Glints2/dict_0006_0170" 9392
"/Engine/EngineMaterials/Substrate/Glints2/dict_0006_0164" 9393
"/Engine/EngineMaterials/Substrate/Glints2/dict_0006_0163" 9394
"/Engine/EngineMaterials/Substrate/Glints2/dict_0006_0168" 9395
"/Engine/EngineMaterials/Substrate/Glints2/dict_0006_0166" 9396
"../../../Engine/Content/EngineMaterials/Substrate/Glints2/dict_0006_0176.uasset" 9397
"../../../Engine/Content/EngineMaterials/Substrate/Glints2/dict_0006_0177.uasset" 9398
"/Engine/EngineMaterials/Substrate/Glints2/dict_0006_0169" 9399
"/Engine/EngineMaterials/Substrate/Glints2/dict_0006_0177" 9400
"/Engine/EngineMaterials/Substrate/Glints2/dict_0006_0176" 9401
"../../../Engine/Content/EngineMaterials/Substrate/Glints2/dict_0006_0179.uasset" 9402
"../../../Engine/Content/EngineMaterials/Substrate/Glints2/dict_0006_0178.uasset" 9403
"../../../Engine/Content/EngineMaterials/Substrate/Glints2/dict_0006_0180.uasset" 9404
"../../../Engine/Content/EngineMaterials/Substrate/Glints2/dict_0006_0183.uasset" 9405
"../../../Engine/Content/EngineMaterials/Substrate/Glints2/dict_0006_0181.uasset" 9406
"../../../Engine/Content/EngineMaterials/Substrate/Glints2/dict_0006_0185.uasset" 9407
"../../../Engine/Content/EngineMaterials/Substrate/Glints2/dict_0006_0182.uasset" 9408
"../../../Engine/Content/EngineMaterials/Substrate/Glints2/dict_0006_0184.uasset" 9409
"../../../Engine/Content/EngineMaterials/Substrate/Glints2/dict_0006_0188.uasset" 9410
"../../../Engine/Content/EngineMaterials/Substrate/Glints2/dict_0006_0187.uasset" 9411
"../../../Engine/Content/EngineMaterials/Substrate/Glints2/dict_0006_0186.uasset" 9412
"../../../Engine/Content/EngineMaterials/Substrate/Glints2/dict_0006_0190.uasset" 9413
"../../../Engine/Content/EngineMaterials/Substrate/Glints2/dict_0006_0192.uasset" 9414
"/Engine/EngineMaterials/Substrate/Glints2/dict_0006_0178" 9415
"../../../Engine/Content/EngineMaterials/Substrate/Glints2/dict_0006_0189.uasset" 9416
"/Engine/EngineMaterials/Substrate/Glints2/dict_0006_0188" 9417
"/Engine/EngineMaterials/Substrate/Glints2/dict_0006_0187" 9418
"/Engine/EngineMaterials/Substrate/Glints2/dict_0006_0180" 9419
"../../../Engine/Content/EngineMaterials/Substrate/Glints2/dict_0006_0191.uasset" 9420
"/Engine/EngineMaterials/Substrate/Glints2/dict_0006_0192" 9421
"../../../Engine/Content/EngineMaterials/Substrate/Glints2/dict_0006_0195.uasset" 9422
"/Engine/EngineMaterials/Substrate/Glints2/dict_0006_0186" 9423
"/Engine/EngineMaterials/Substrate/Glints2/dict_0006_0185" 9424
"../../../Engine/Content/EngineMaterials/Substrate/Glints2/dict_0006_0193.uasset" 9425
"/Engine/EngineMaterials/Substrate/Glints2/dict_0006_0184" 9426
"/Engine/EngineMaterials/Substrate/Glints2/dict_0006_0183" 9427
"/Engine/EngineMaterials/Substrate/Glints2/dict_0006_0179" 9428
"/Engine/EngineMaterials/Substrate/Glints2/dict_0006_0182" 9429
"/Engine/EngineMaterials/Substrate/Glints2/dict_0006_0181" 9430
"/Engine/EngineMaterials/Substrate/Glints2/dict_0006_0190" 9431
"/Engine/EngineMaterials/Substrate/Glints2/dict_0006_0189" 9432
"/Engine/EngineMaterials/Substrate/Glints2/dict_0006_0191" 9433
"../../../Engine/Content/EngineMaterials/Substrate/Glints2/dict_0006_0197.uasset" 9434
"/Engine/EngineMaterials/Substrate/Glints2/dict_0006_0195" 9435
"../../../Engine/Content/EngineMaterials/Substrate/Glints2/dict_0006_0194.uasset" 9436
"/Engine/EngineMaterials/Substrate/Glints2/dict_0006_0193" 9437
"/Engine/EngineMaterials/Substrate/Glints2/dict_0006_0194" 9438
"/Engine/EngineMaterials/Substrate/Glints2/dict_0006_0197" 9439
"../../../Engine/Content/EngineMaterials/Substrate/Glints2/dict_0006_0199.uasset" 9440
"../../../Engine/Content/EngineMaterials/Substrate/Glints2/dict_0006_0200.uasset" 9441
"/Engine/EngineMaterials/Substrate/Glints2/dict_0006_0200" 9442
"../../../Engine/Content/EngineMaterials/Substrate/Glints2/dict_0006_0202.uasset" 9443
"/Engine/EngineMaterials/Substrate/Glints2/dict_0006_0199" 9444
"/Engine/EngineMaterials/Substrate/Glints2/dict_0006_0202" 9445
"../../../Engine/Content/EngineMaterials/Substrate/Glints2/dict_0006_0198.uasset" 9446
"../../../Engine/Content/EngineMaterials/Substrate/Glints2/dict_0006_0201.uasset" 9447
"../../../Engine/Content/EngineMaterials/Substrate/Glints2/dict_0006_0196.uasset" 9448
"../../../Engine/Content/EngineMaterials/Substrate/Glints2/dict_0006_0172.uasset" 9449
"../../../Engine/Content/EngineMaterials/Substrate/Glints2/dict_0006_0205.uasset" 9450
"../../../Engine/Content/EngineMaterials/Substrate/Glints2/dict_0006_0204.uasset" 9451
"../../../Engine/Content/EngineMaterials/Substrate/Glints2/dict_0006_0206.uasset" 9452
"../../../Engine/Content/EngineMaterials/Substrate/Glints2/dict_0006_0207.uasset" 9453
"../../../Engine/Content/EngineMaterials/Substrate/Glints2/dict_0006_0208.uasset" 9454
"../../../Engine/Content/EngineMaterials/Substrate/Glints2/dict_0006_0203.uasset" 9455
"../../../Engine/Content/EngineMaterials/Substrate/Glints2/dict_0006_0210.uasset" 9456
"../../../Engine/Content/EngineMaterials/Substrate/Glints2/dict_0006_0211.uasset" 9457
"/Engine/EngineMaterials/Substrate/Glints2/dict_0006_0205" 9458
"../../../Engine/Content/EngineMaterials/Substrate/Glints2/dict_0006_0209.uasset" 9459
"/Engine/EngineMaterials/Substrate/Glints2/dict_0006_0208" 9460
"../../../Engine/Content/EngineMaterials/Substrate/Glints2/dict_0006_0213.uasset" 9461
"../../../Engine/Content/EngineMaterials/Substrate/Glints2/dict_0006_0212.uasset" 9462
"../../../Engine/Content/EngineMaterials/Substrate/Glints2/dict_0006_0214.uasset" 9463
"/Engine/EngineMaterials/Substrate/Glints2/dict_0006_0207" 9464
"/Engine/EngineMaterials/Substrate/Glints2/dict_0006_0204" 9465
"/Engine/EngineMaterials/Substrate/Glints2/dict_0006_0203" 9466
"/Engine/EngineMaterials/Substrate/Glints2/dict_0006_0172" 9467
"/Engine/EngineMaterials/Substrate/Glints2/dict_0006_0201" 9468
"../../../Engine/Content/EngineMaterials/Substrate/Glints2/dict_0006_0217.uasset" 9469
"/Engine/EngineMaterials/Substrate/Glints2/dict_0006_0198" 9470
"/Engine/EngineMaterials/Substrate/Glints2/dict_0006_0211" 9471
"../../../Engine/Content/EngineMaterials/Substrate/Glints2/dict_0006_0215.uasset" 9472
"/Engine/EngineMaterials/Substrate/Glints2/dict_0006_0210" 9473
"../../../Engine/Content/EngineMaterials/Substrate/Glints2/dict_0006_0216.uasset" 9474
"/Engine/EngineMaterials/Substrate/Glints2/dict_0006_0206" 9475
"/Engine/EngineMaterials/Substrate/Glints2/dict_0006_0196" 9476
"../../../Engine/Content/EngineMaterials/Substrate/Glints2/dict_0006_0218.uasset" 9477
"/Engine/EngineMaterials/Substrate/Glints2/dict_0006_0217" 9478
"/Engine/EngineMaterials/Substrate/Glints2/dict_0006_0216" 9479
"/Engine/EngineMaterials/Substrate/Glints2/dict_0006_0215" 9480
"/Engine/EngineMaterials/Substrate/Glints2/dict_0006_0214" 9481
"/Engine/EngineMaterials/Substrate/Glints2/dict_0006_0213" 9482
"/Engine/EngineMaterials/Substrate/Glints2/dict_0006_0212" 9483
"/Engine/EngineMaterials/Substrate/Glints2/dict_0006_0209" 9484
"/Engine/EngineMaterials/Substrate/Glints2/dict_0006_0218" 9485
"../../../Engine/Content/EngineMaterials/Substrate/Glints2/dict_0006_0222.uasset" 9486
"../../../Engine/Content/EngineMaterials/Substrate/Glints2/dict_0006_0220.uasset" 9487
"../../../Engine/Content/EngineMaterials/Substrate/Glints2/dict_0006_0219.uasset" 9488
"../../../Engine/Content/EngineMaterials/Substrate/Glints2/dict_0006_0223.uasset" 9489
"../../../Engine/Content/EngineMaterials/Substrate/Glints2/dict_0006_0226.uasset" 9490
"../../../Engine/Content/EngineMaterials/Substrate/Glints2/dict_0006_0227.uasset" 9491
"../../../Engine/Content/EngineMaterials/Substrate/Glints2/dict_0006_0224.uasset" 9492
"../../../Engine/Content/EngineMaterials/Substrate/Glints2/dict_0006_0225.uasset" 9493
"../../../Engine/Content/EngineMaterials/Substrate/Glints2/dict_0006_0228.uasset" 9494
"../../../Engine/Content/EngineMaterials/Substrate/Glints2/dict_0006_0230.uasset" 9495
"../../../Engine/Content/EngineMaterials/Substrate/Glints2/dict_0006_0221.uasset" 9496
"../../../Engine/Content/EngineMaterials/Substrate/Glints2/dict_0006_0234.uasset" 9497
"../../../Engine/Content/EngineMaterials/Substrate/Glints2/dict_0006_0232.uasset" 9498
"../../../Engine/Content/EngineMaterials/Substrate/Glints2/dict_0006_0231.uasset" 9499
"../../../Engine/Content/EngineMaterials/Substrate/Glints2/dict_0006_0233.uasset" 9500
"/Engine/EngineMaterials/Substrate/Glints2/dict_0006_0225" 9501
"/Engine/EngineMaterials/Substrate/Glints2/dict_0006_0221" 9502
"../../../Engine/Content/EngineMaterials/Substrate/Glints2/dict_0006_0237.uasset" 9503
"/Engine/EngineMaterials/Substrate/Glints2/dict_0006_0220" 9504
"/Engine/EngineMaterials/Substrate/Glints2/dict_0006_0219" 9505
"/Engine/EngineMaterials/Substrate/Glints2/dict_0006_0230" 9506
"/Engine/EngineMaterials/Substrate/Glints2/dict_0006_0228" 9507
"/Engine/EngineMaterials/Substrate/Glints2/dict_0006_0224" 9508
"/Engine/EngineMaterials/Substrate/Glints2/dict_0006_0227" 9509
"/Engine/EngineMaterials/Substrate/Glints2/dict_0006_0223" 9510
"/Engine/EngineMaterials/Substrate/Glints2/dict_0006_0234" 9511
"/Engine/EngineMaterials/Substrate/Glints2/dict_0006_0233" 9512
"../../../Engine/Content/EngineMaterials/Substrate/Glints2/dict_0006_0238.uasset" 9513
"/Engine/EngineMaterials/Substrate/Glints2/dict_0006_0232" 9514
"/Engine/EngineMaterials/Substrate/Glints2/dict_0006_0226" 9515
"/Engine/EngineMaterials/Substrate/Glints2/dict_0006_0231" 9516
"/Engine/EngineMaterials/Substrate/Glints2/dict_0006_0222" 9517
"/Engine/EngineMaterials/Substrate/Glints2/dict_0006_0238" 9518
"../../../Engine/Content/EngineMaterials/Substrate/Glints2/dict_0006_0242.uasset" 9519
"../../../Engine/Content/EngineMaterials/Substrate/Glints2/dict_0006_0229.uasset" 9520
"/Engine/EngineMaterials/Substrate/Glints2/dict_0006_0237" 9521
"../../../Engine/Content/EngineMaterials/Substrate/Glints2/dict_0006_0244.uasset" 9522
"../../../Engine/Content/EngineMaterials/Substrate/Glints2/dict_0006_0243.uasset" 9523
"/Engine/EngineMaterials/Substrate/Glints2/dict_0006_0242" 9524
"/Engine/EngineMaterials/Substrate/Glints2/dict_0006_0229" 9525
"/Engine/EngineMaterials/Substrate/Glints2/dict_0006_0244" 9526
"/Engine/EngineMaterials/Substrate/Glints2/dict_0006_0243" 9527
"../../../Engine/Content/EngineMaterials/Substrate/Glints2/dict_0006_0241.uasset" 9528
"../../../Engine/Content/EngineMaterials/Substrate/Glints2/dict_0006_0240.uasset" 9529
"../../../Engine/Content/EngineMaterials/Substrate/Glints2/dict_0006_0248.uasset" 9530
"../../../Engine/Content/EngineMaterials/Substrate/Glints2/dict_0006_0245.uasset" 9531
"../../../Engine/Content/EngineMaterials/Substrate/Glints2/dict_0006_0246.uasset" 9532
"../../../Engine/Content/EngineMaterials/Substrate/Glints2/dict_0006_0249.uasset" 9533
"../../../Engine/Content/EngineMaterials/Substrate/Glints2/dict_0006_0251.uasset" 9534
"../../../Engine/Content/EngineMaterials/Substrate/Glints2/dict_0006_0253.uasset" 9535
"../../../Engine/Content/EngineMaterials/Substrate/Glints2/dict_0006_0252.uasset" 9536
"../../../Engine/Content/EngineMaterials/Substrate/Glints2/dict_0006_0255.uasset" 9537
"../../../Engine/Content/EngineMaterials/Substrate/Glints2/dict_0006_0254.uasset" 9538
"../../../Engine/Content/EngineMaterials/Substrate/Glints2/dict_0006_0236.uasset" 9539
"/Engine/EngineMaterials/Substrate/Glints2/dict_0006_0249" 9540
"/Engine/EngineMaterials/Substrate/Glints2/dict_0006_0248" 9541
"/Engine/EngineMaterials/Substrate/Glints2/dict_0006_0241" 9542
"/Engine/EngineMaterials/Substrate/Glints2/dict_0006_0240" 9543
"../../../Engine/Content/EngineMaterials/Substrate/Glints2/dict_0006_0235.uasset" 9544
"../../../Engine/Content/EngineMaterials/Substrate/Glints2/dict_0006_0247.uasset" 9545
"/Engine/EngineMaterials/Substrate/Glints2/dict_0006_0246" 9546
"/Engine/EngineMaterials/Substrate/Glints2/dict_0006_0236" 9547
"/Engine/EngineMaterials/Substrate/Glints2/dict_0006_0245" 9548
"/Engine/EngineMaterials/Substrate/Glints2/dict_0006_0255" 9549
"/Engine/EngineMaterials/Substrate/Glints2/dict_0006_0254" 9550
"/Engine/EngineMaterials/Substrate/Glints2/dict_0006_0253" 9551
"/Engine/EngineMaterials/Substrate/Glints2/dict_0006_0252" 9552
"../../../Engine/Content/EngineMaterials/Substrate/Glints2/dict_0006_0250.uasset" 9553
"/Engine/EngineMaterials/Substrate/Glints2/dict_0006_0251" 9554
"/Engine/EngineMaterials/Substrate/Glints2/dict_0006_0250" 9555
"../../../Engine/Content/EngineMaterials/Substrate/Glints2/dict_0007_0000.uasset" 9556
"../../../Engine/Content/EngineMaterials/Substrate/Glints2/dict_0007_0001.uasset" 9557
"/Engine/EngineMaterials/Substrate/Glints2/dict_0006_0247" 9558
"/Engine/EngineMaterials/Substrate/Glints2/dict_0007_0001" 9559
"/Engine/EngineMaterials/Substrate/Glints2/dict_0007_0000" 9560
"../../../Engine/Content/EngineMaterials/Substrate/Glints2/dict_0007_0004.uasset" 9561
"../../../Engine/Content/EngineMaterials/Substrate/Glints2/dict_0007_0003.uasset" 9562
"/Engine/EngineMaterials/Substrate/Glints2/dict_0007_0004" 9563
"/Engine/EngineMaterials/Substrate/Glints2/dict_0006_0235" 9564
"/Engine/EngineMaterials/Substrate/Glints2/dict_0007_0003" 9565
"../../../Engine/Content/EngineMaterials/Substrate/Glints2/dict_0007_0006.uasset" 9566
"../../../Engine/Content/EngineMaterials/Substrate/Glints2/dict_0007_0002.uasset" 9567
"../../../Engine/Content/EngineMaterials/Substrate/Glints2/dict_0007_0007.uasset" 9568
"../../../Engine/Content/EngineMaterials/Substrate/Glints2/dict_0007_0008.uasset" 9569
"../../../Engine/Content/EngineMaterials/Substrate/Glints2/dict_0007_0009.uasset" 9570
"../../../Engine/Content/EngineMaterials/Substrate/Glints2/dict_0007_0010.uasset" 9571
"../../../Engine/Content/EngineMaterials/Substrate/Glints2/dict_0006_0239.uasset" 9572
"../../../Engine/Content/EngineMaterials/Substrate/Glints2/dict_0007_0005.uasset" 9573
"/Engine/EngineMaterials/Substrate/Glints2/dict_0007_0009" 9574
"/Engine/EngineMaterials/Substrate/Glints2/dict_0007_0008" 9575
"/Engine/EngineMaterials/Substrate/Glints2/dict_0007_0007" 9576
"/Engine/EngineMaterials/Substrate/Glints2/dict_0007_0006" 9577
"/Engine/EngineMaterials/Substrate/Glints2/dict_0006_0239" 9578
"/Engine/EngineMaterials/Substrate/Glints2/dict_0007_0005" 9579
"/Engine/EngineMaterials/Substrate/Glints2/dict_0007_0010" 9580
"/Engine/EngineMaterials/Substrate/Glints2/dict_0007_0002" 9581
"../../../Engine/Content/EngineMaterials/Substrate/Glints2/dict_0007_0012.uasset" 9582
"/Engine/EngineMaterials/Substrate/Glints2/dict_0007_0012" 9583
"../../../Engine/Content/EngineMaterials/Substrate/Glints2/dict_0007_0016.uasset" 9584
"../../../Engine/Content/EngineMaterials/Substrate/Glints2/dict_0007_0015.uasset" 9585
"../../../Engine/Content/EngineMaterials/Substrate/Glints2/dict_0007_0017.uasset" 9586
"../../../Engine/Content/EngineMaterials/Substrate/Glints2/dict_0007_0018.uasset" 9587
"/Engine/EngineMaterials/Substrate/Glints2/dict_0007_0015" 9588
"/Engine/EngineMaterials/Substrate/Glints2/dict_0007_0018" 9589
"/Engine/EngineMaterials/Substrate/Glints2/dict_0007_0017" 9590
"/Engine/EngineMaterials/Substrate/Glints2/dict_0007_0016" 9591
"../../../Engine/Content/EngineMaterials/Substrate/Glints2/dict_0007_0013.uasset" 9592
"../../../Engine/Content/EngineMaterials/Substrate/Glints2/dict_0007_0014.uasset" 9593
"../../../Engine/Content/EngineMaterials/Substrate/Glints2/dict_0007_0011.uasset" 9594
"../../../Engine/Content/EngineMaterials/Substrate/Glints2/dict_0007_0022.uasset" 9595
"../../../Engine/Content/EngineMaterials/Substrate/Glints2/dict_0007_0021.uasset" 9596
"/Engine/EngineMaterials/Substrate/Glints2/dict_0007_0011" 9597
"../../../Engine/Content/EngineMaterials/Substrate/Glints2/dict_0007_0020.uasset" 9598
"/Engine/EngineMaterials/Substrate/Glints2/dict_0007_0022" 9599
"../../../Engine/Content/EngineMaterials/Substrate/Glints2/dict_0007_0019.uasset" 9600
"/Engine/EngineMaterials/Substrate/Glints2/dict_0007_0014" 9601
"/Engine/EngineMaterials/Substrate/Glints2/dict_0007_0021" 9602
"/Engine/EngineMaterials/Substrate/Glints2/dict_0007_0013" 9603
"../../../Engine/Content/EngineMaterials/Substrate/Glints2/dict_0007_0024.uasset" 9604
"../../../Engine/Content/EngineMaterials/Substrate/Glints2/dict_0007_0026.uasset" 9605
"/Engine/EngineMaterials/Substrate/Glints2/dict_0007_0026" 9606
"/Engine/EngineMaterials/Substrate/Glints2/dict_0007_0024" 9607
"/Engine/EngineMaterials/Substrate/Glints2/dict_0007_0020" 9608
"/Engine/EngineMaterials/Substrate/Glints2/dict_0007_0019" 9609
"../../../Engine/Content/EngineMaterials/Substrate/Glints2/dict_0007_0023.uasset" 9610
"../../../Engine/Content/EngineMaterials/Substrate/Glints2/dict_0007_0028.uasset" 9611
"../../../Engine/Content/EngineMaterials/Substrate/Glints2/dict_0007_0030.uasset" 9612
"../../../Engine/Content/EngineMaterials/Substrate/Glints2/dict_0007_0027.uasset" 9613
"../../../Engine/Content/EngineMaterials/Substrate/Glints2/dict_0007_0025.uasset" 9614
"../../../Engine/Content/EngineMaterials/Substrate/Glints2/dict_0007_0029.uasset" 9615
"/Engine/EngineMaterials/Substrate/Glints2/dict_0007_0029" 9616
"/Engine/EngineMaterials/Substrate/Glints2/dict_0007_0027" 9617
"/Engine/EngineMaterials/Substrate/Glints2/dict_0007_0025" 9618
"/Engine/EngineMaterials/Substrate/Glints2/dict_0007_0028" 9619
"/Engine/EngineMaterials/Substrate/Glints2/dict_0007_0023" 9620
"/Engine/EngineMaterials/Substrate/Glints2/dict_0007_0030" 9621
"../../../Engine/Content/EngineMaterials/Substrate/Glints2/dict_0007_0034.uasset" 9622
"../../../Engine/Content/EngineMaterials/Substrate/Glints2/dict_0007_0033.uasset" 9623
"../../../Engine/Content/EngineMaterials/Substrate/Glints2/dict_0007_0037.uasset" 9624
"../../../Engine/Content/EngineMaterials/Substrate/Glints2/dict_0007_0031.uasset" 9625
"../../../Engine/Content/EngineMaterials/Substrate/Glints2/dict_0007_0032.uasset" 9626
"../../../Engine/Content/EngineMaterials/Substrate/Glints2/dict_0007_0038.uasset" 9627
"../../../Engine/Content/EngineMaterials/Substrate/Glints2/dict_0007_0035.uasset" 9628
"../../../Engine/Content/EngineMaterials/Substrate/Glints2/dict_0007_0036.uasset" 9629
"/Engine/EngineMaterials/Substrate/Glints2/dict_0007_0038" 9630
"/Engine/EngineMaterials/Substrate/Glints2/dict_0007_0037" 9631
"/Engine/EngineMaterials/Substrate/Glints2/dict_0007_0034" 9632
"/Engine/EngineMaterials/Substrate/Glints2/dict_0007_0033" 9633
"/Engine/EngineMaterials/Substrate/Glints2/dict_0007_0032" 9634
"/Engine/EngineMaterials/Substrate/Glints2/dict_0007_0031" 9635
"/Engine/EngineMaterials/Substrate/Glints2/dict_0007_0036" 9636
"/Engine/EngineMaterials/Substrate/Glints2/dict_0007_0035" 9637
"../../../Engine/Content/EngineMaterials/Substrate/Glints2/dict_0007_0040.uasset" 9638
"../../../Engine/Content/EngineMaterials/Substrate/Glints2/dict_0007_0039.uasset" 9639
"/Engine/EngineMaterials/Substrate/Glints2/dict_0007_0040" 9640
"/Engine/EngineMaterials/Substrate/Glints2/dict_0007_0039" 9641
"../../../Engine/Content/EngineMaterials/Substrate/Glints2/dict_0007_0045.uasset" 9642
"../../../Engine/Content/EngineMaterials/Substrate/Glints2/dict_0007_0043.uasset" 9643
"../../../Engine/Content/EngineMaterials/Substrate/Glints2/dict_0007_0048.uasset" 9644
"../../../Engine/Content/EngineMaterials/Substrate/Glints2/dict_0007_0047.uasset" 9645
"../../../Engine/Content/EngineMaterials/Substrate/Glints2/dict_0007_0049.uasset" 9646
"../../../Engine/Content/EngineMaterials/Substrate/Glints2/dict_0007_0042.uasset" 9647
"/Engine/EngineMaterials/Substrate/Glints2/dict_0007_0042" 9648
"/Engine/EngineMaterials/Substrate/Glints2/dict_0007_0047" 9649
"../../../Engine/Content/EngineMaterials/Substrate/Glints2/dict_0007_0050.uasset" 9650
"/Engine/EngineMaterials/Substrate/Glints2/dict_0007_0049" 9651
"../../../Engine/Content/EngineMaterials/Substrate/Glints2/dict_0007_0041.uasset" 9652
"../../../Engine/Content/EngineMaterials/Substrate/Glints2/dict_0007_0044.uasset" 9653
"/Engine/EngineMaterials/Substrate/Glints2/dict_0007_0048" 9654
"/Engine/EngineMaterials/Substrate/Glints2/dict_0007_0043" 9655
"/Engine/EngineMaterials/Substrate/Glints2/dict_0007_0045" 9656
"/Engine/EngineMaterials/Substrate/Glints2/dict_0007_0041" 9657
"/Engine/EngineMaterials/Substrate/Glints2/dict_0007_0050" 9658
"/Engine/EngineMaterials/Substrate/Glints2/dict_0007_0044" 9659
"../../../Engine/Content/EngineMaterials/Substrate/Glints2/dict_0007_0046.uasset" 9660
"../../../Engine/Content/EngineMaterials/Substrate/Glints2/dict_0007_0052.uasset" 9661
"../../../Engine/Content/EngineMaterials/Substrate/Glints2/dict_0007_0056.uasset" 9662
"/Engine/EngineMaterials/Substrate/Glints2/dict_0007_0056" 9663
"/Engine/EngineMaterials/Substrate/Glints2/dict_0007_0052" 9664
"../../../Engine/Content/EngineMaterials/Substrate/Glints2/dict_0007_0055.uasset" 9665
"/Engine/EngineMaterials/Substrate/Glints2/dict_0007_0046" 9666
"../../../Engine/Content/EngineMaterials/Substrate/Glints2/dict_0007_0051.uasset" 9667
"/Engine/EngineMaterials/Substrate/Glints2/dict_0007_0055" 9668
"../../../Engine/Content/EngineMaterials/Substrate/Glints2/dict_0007_0054.uasset" 9669
"/Engine/EngineMaterials/Substrate/Glints2/dict_0007_0051" 9670
"/Engine/EngineMaterials/Substrate/Glints2/dict_0007_0054" 9671
"../../../Engine/Content/EngineMaterials/Substrate/Glints2/dict_0007_0057.uasset" 9672
"../../../Engine/Content/EngineMaterials/Substrate/Glints2/dict_0007_0059.uasset" 9673
"../../../Engine/Content/EngineMaterials/Substrate/Glints2/dict_0007_0061.uasset" 9674
"../../../Engine/Content/EngineMaterials/Substrate/Glints2/dict_0007_0053.uasset" 9675
"../../../Engine/Content/EngineMaterials/Substrate/Glints2/dict_0007_0062.uasset" 9676
"/Engine/EngineMaterials/Substrate/Glints2/dict_0007_0062" 9677
"/Engine/EngineMaterials/Substrate/Glints2/dict_0007_0061" 9678
"/Engine/EngineMaterials/Substrate/Glints2/dict_0007_0059" 9679
"../../../Engine/Content/EngineMaterials/Substrate/Glints2/dict_0007_0063.uasset" 9680
"/Engine/EngineMaterials/Substrate/Glints2/dict_0007_0057" 9681
"/Engine/EngineMaterials/Substrate/Glints2/dict_0007_0053" 9682
"/Engine/EngineMaterials/Substrate/Glints2/dict_0007_0063" 9683
"../../../Engine/Content/EngineMaterials/Substrate/Glints2/dict_0007_0069.uasset" 9684
"../../../Engine/Content/EngineMaterials/Substrate/Glints2/dict_0007_0070.uasset" 9685
"../../../Engine/Content/EngineMaterials/Substrate/Glints2/dict_0007_0064.uasset" 9686
"../../../Engine/Content/EngineMaterials/Substrate/Glints2/dict_0007_0058.uasset" 9687
"../../../Engine/Content/EngineMaterials/Substrate/Glints2/dict_0007_0065.uasset" 9688
"../../../Engine/Content/EngineMaterials/Substrate/Glints2/dict_0007_0068.uasset" 9689
"../../../Engine/Content/EngineMaterials/Substrate/Glints2/dict_0007_0071.uasset" 9690
"../../../Engine/Content/EngineMaterials/Substrate/Glints2/dict_0007_0072.uasset" 9691
"../../../Engine/Content/EngineMaterials/Substrate/Glints2/dict_0007_0074.uasset" 9692
"../../../Engine/Content/EngineMaterials/Substrate/Glints2/dict_0007_0077.uasset" 9693
"../../../Engine/Content/EngineMaterials/Substrate/Glints2/dict_0007_0076.uasset" 9694
"../../../Engine/Content/EngineMaterials/Substrate/Glints2/dict_0007_0073.uasset" 9695
"/Engine/EngineMaterials/Substrate/Glints2/dict_0007_0077" 9696
"/Engine/EngineMaterials/Substrate/Glints2/dict_0007_0072" 9697
"/Engine/EngineMaterials/Substrate/Glints2/dict_0007_0071" 9698
"/Engine/EngineMaterials/Substrate/Glints2/dict_0007_0068" 9699
"/Engine/EngineMaterials/Substrate/Glints2/dict_0007_0058" 9700
"/Engine/EngineMaterials/Substrate/Glints2/dict_0007_0070" 9701
"../../../Engine/Content/EngineMaterials/Substrate/Glints2/dict_0007_0079.uasset" 9702
"../../../Engine/Content/EngineMaterials/Substrate/Glints2/dict_0007_0078.uasset" 9703
"/Engine/EngineMaterials/Substrate/Glints2/dict_0007_0065" 9704
"/Engine/EngineMaterials/Substrate/Glints2/dict_0007_0064" 9705
"/Engine/EngineMaterials/Substrate/Glints2/dict_0007_0069" 9706
"/Engine/EngineMaterials/Substrate/Glints2/dict_0007_0076" 9707
"/Engine/EngineMaterials/Substrate/Glints2/dict_0007_0074" 9708
"/Engine/EngineMaterials/Substrate/Glints2/dict_0007_0073" 9709
"/Engine/EngineMaterials/Substrate/Glints2/dict_0007_0078" 9710
"/Engine/EngineMaterials/Substrate/Glints2/dict_0007_0079" 9711
"../../../Engine/Content/EngineMaterials/Substrate/Glints2/dict_0007_0082.uasset" 9712
"../../../Engine/Content/EngineMaterials/Substrate/Glints2/dict_0007_0067.uasset" 9713
"../../../Engine/Content/EngineMaterials/Substrate/Glints2/dict_0007_0084.uasset" 9714
"../../../Engine/Content/EngineMaterials/Substrate/Glints2/dict_0007_0083.uasset" 9715
"../../../Engine/Content/EngineMaterials/Substrate/Glints2/dict_0007_0085.uasset" 9716
"/Engine/EngineMaterials/Substrate/Glints2/dict_0007_0084" 9717
"../../../Engine/Content/EngineMaterials/Substrate/Glints2/dict_0007_0086.uasset" 9718
"/Engine/EngineMaterials/Substrate/Glints2/dict_0007_0083" 9719
"/Engine/EngineMaterials/Substrate/Glints2/dict_0007_0067" 9720
"/Engine/EngineMaterials/Substrate/Glints2/dict_0007_0085" 9721
"/Engine/EngineMaterials/Substrate/Glints2/dict_0007_0082" 9722
"../../../Engine/Content/EngineMaterials/Substrate/Glints2/dict_0007_0088.uasset" 9723
"../../../Engine/Content/EngineMaterials/Substrate/Glints2/dict_0007_0087.uasset" 9724
"/Engine/EngineMaterials/Substrate/Glints2/dict_0007_0086" 9725
"/Engine/EngineMaterials/Substrate/Glints2/dict_0007_0087" 9726
"/Engine/EngineMaterials/Substrate/Glints2/dict_0007_0088" 9727
"../../../Engine/Content/EngineMaterials/Substrate/Glints2/dict_0007_0089.uasset" 9728
"../../../Engine/Content/EngineMaterials/Substrate/Glints2/dict_0007_0090.uasset" 9729
"../../../Engine/Content/EngineMaterials/Substrate/Glints2/dict_0007_0080.uasset" 9730
"../../../Engine/Content/EngineMaterials/Substrate/Glints2/dict_0007_0081.uasset" 9731
"../../../Engine/Content/EngineMaterials/Substrate/Glints2/dict_0007_0066.uasset" 9732
"../../../Engine/Content/EngineMaterials/Substrate/Glints2/dict_0007_0091.uasset" 9733
"../../../Engine/Content/EngineMaterials/Substrate/Glints2/dict_0007_0093.uasset" 9734
"../../../Engine/Content/EngineMaterials/Substrate/Glints2/dict_0007_0092.uasset" 9735
"../../../Engine/Content/EngineMaterials/Substrate/Glints2/dict_0007_0094.uasset" 9736
"../../../Engine/Content/EngineMaterials/Substrate/Glints2/dict_0007_0095.uasset" 9737
"../../../Engine/Content/EngineMaterials/Substrate/Glints2/dict_0007_0060.uasset" 9738
"../../../Engine/Content/EngineMaterials/Substrate/Glints2/dict_0007_0096.uasset" 9739
"/Engine/EngineMaterials/Substrate/Glints2/dict_0007_0081" 9740
"../../../Engine/Content/EngineMaterials/Substrate/Glints2/dict_0007_0075.uasset" 9741
"/Engine/EngineMaterials/Substrate/Glints2/dict_0007_0092" 9742
"/Engine/EngineMaterials/Substrate/Glints2/dict_0007_0091" 9743
"/Engine/EngineMaterials/Substrate/Glints2/dict_0007_0060" 9744
"/Engine/EngineMaterials/Substrate/Glints2/dict_0007_0090" 9745
"/Engine/EngineMaterials/Substrate/Glints2/dict_0007_0080" 9746
"/Engine/EngineMaterials/Substrate/Glints2/dict_0007_0066" 9747
"/Engine/EngineMaterials/Substrate/Glints2/dict_0007_0093" 9748
"/Engine/EngineMaterials/Substrate/Glints2/dict_0007_0096" 9749
"../../../Engine/Content/EngineMaterials/Substrate/Glints2/dict_0007_0099.uasset" 9750
"../../../Engine/Content/EngineMaterials/Substrate/Glints2/dict_0007_0100.uasset" 9751
"/Engine/EngineMaterials/Substrate/Glints2/dict_0007_0089" 9752
"/Engine/EngineMaterials/Substrate/Glints2/dict_0007_0095" 9753
"/Engine/EngineMaterials/Substrate/Glints2/dict_0007_0094" 9754
"/Engine/EngineMaterials/Substrate/Glints2/dict_0007_0100" 9755
"/Engine/EngineMaterials/Substrate/Glints2/dict_0007_0099" 9756
"/Engine/EngineMaterials/Substrate/Glints2/dict_0007_0075" 9757
"../../../Engine/Content/EngineMaterials/Substrate/Glints2/dict_0007_0097.uasset" 9758
"../../../Engine/Content/EngineMaterials/Substrate/Glints2/dict_0007_0103.uasset" 9759
"../../../Engine/Content/EngineMaterials/Substrate/Glints2/dict_0007_0101.uasset" 9760
"../../../Engine/Content/EngineMaterials/Substrate/Glints2/dict_0007_0105.uasset" 9761
"../../../Engine/Content/EngineMaterials/Substrate/Glints2/dict_0007_0098.uasset" 9762
"/Engine/EngineMaterials/Substrate/Glints2/dict_0007_0105" 9763
"/Engine/EngineMaterials/Substrate/Glints2/dict_0007_0103" 9764
"/Engine/EngineMaterials/Substrate/Glints2/dict_0007_0101" 9765
"../../../Engine/Content/EngineMaterials/Substrate/Glints2/dict_0007_0107.uasset" 9766
"/Engine/EngineMaterials/Substrate/Glints2/dict_0007_0098" 9767
"/Engine/EngineMaterials/Substrate/Glints2/dict_0007_0097" 9768
"/Engine/EngineMaterials/Substrate/Glints2/dict_0007_0107" 9769
"../../../Engine/Content/EngineMaterials/Substrate/Glints2/dict_0007_0110.uasset" 9770
"../../../Engine/Content/EngineMaterials/Substrate/Glints2/dict_0007_0106.uasset" 9771
"../../../Engine/Content/EngineMaterials/Substrate/Glints2/dict_0007_0104.uasset" 9772
"../../../Engine/Content/EngineMaterials/Substrate/Glints2/dict_0007_0112.uasset" 9773
"../../../Engine/Content/EngineMaterials/Substrate/Glints2/dict_0007_0111.uasset" 9774
"../../../Engine/Content/EngineMaterials/Substrate/Glints2/dict_0007_0114.uasset" 9775
"../../../Engine/Content/EngineMaterials/Substrate/Glints2/dict_0007_0108.uasset" 9776
"/Engine/EngineMaterials/Substrate/Glints2/dict_0007_0104" 9777
"/Engine/EngineMaterials/Substrate/Glints2/dict_0007_0112" 9778
"/Engine/EngineMaterials/Substrate/Glints2/dict_0007_0111" 9779
"/Engine/EngineMaterials/Substrate/Glints2/dict_0007_0110" 9780
"/Engine/EngineMaterials/Substrate/Glints2/dict_0007_0114" 9781
"/Engine/EngineMaterials/Substrate/Glints2/dict_0007_0108" 9782
"/Engine/EngineMaterials/Substrate/Glints2/dict_0007_0106" 9783
"../../../Engine/Content/EngineMaterials/Substrate/Glints2/dict_0007_0115.uasset" 9784
"../../../Engine/Content/EngineMaterials/Substrate/Glints2/dict_0007_0118.uasset" 9785
"/Engine/EngineMaterials/Substrate/Glints2/dict_0007_0115" 9786
"/Engine/EngineMaterials/Substrate/Glints2/dict_0007_0118" 9787
"../../../Engine/Content/EngineMaterials/Substrate/Glints2/dict_0007_0113.uasset" 9788
"../../../Engine/Content/EngineMaterials/Substrate/Glints2/dict_0007_0116.uasset" 9789
"../../../Engine/Content/EngineMaterials/Substrate/Glints2/dict_0007_0117.uasset" 9790
"../../../Engine/Content/EngineMaterials/Substrate/Glints2/dict_0007_0121.uasset" 9791
"../../../Engine/Content/EngineMaterials/Substrate/Glints2/dict_0007_0120.uasset" 9792
"../../../Engine/Content/EngineMaterials/Substrate/Glints2/dict_0007_0122.uasset" 9793
"../../../Engine/Content/EngineMaterials/Substrate/Glints2/dict_0007_0119.uasset" 9794
"../../../Engine/Content/EngineMaterials/Substrate/Glints2/dict_0007_0123.uasset" 9795
"../../../Engine/Content/EngineMaterials/Substrate/Glints2/dict_0007_0127.uasset" 9796
"../../../Engine/Content/EngineMaterials/Substrate/Glints2/dict_0007_0130.uasset" 9797
"../../../Engine/Content/EngineMaterials/Substrate/Glints2/dict_0007_0128.uasset" 9798
"/Engine/EngineMaterials/Substrate/Glints2/dict_0007_0127" 9799
"/Engine/EngineMaterials/Substrate/Glints2/dict_0007_0123" 9800
"../../../Engine/Content/EngineMaterials/Substrate/Glints2/dict_0007_0129.uasset" 9801
"/Engine/EngineMaterials/Substrate/Glints2/dict_0007_0130" 9802
"/Engine/EngineMaterials/Substrate/Glints2/dict_0007_0122" 9803
"/Engine/EngineMaterials/Substrate/Glints2/dict_0007_0121" 9804
"/Engine/EngineMaterials/Substrate/Glints2/dict_0007_0120" 9805
"/Engine/EngineMaterials/Substrate/Glints2/dict_0007_0119" 9806
"/Engine/EngineMaterials/Substrate/Glints2/dict_0007_0128" 9807
"/Engine/EngineMaterials/Substrate/Glints2/dict_0007_0113" 9808
"/Engine/EngineMaterials/Substrate/Glints2/dict_0007_0117" 9809
"/Engine/EngineMaterials/Substrate/Glints2/dict_0007_0116" 9810
"/Engine/EngineMaterials/Substrate/Glints2/dict_0007_0129" 9811
"../../../Engine/Content/EngineMaterials/Substrate/Glints2/dict_0007_0133.uasset" 9812
"../../../Engine/Content/EngineMaterials/Substrate/Glints2/dict_0007_0131.uasset" 9813
"../../../Engine/Content/EngineMaterials/Substrate/Glints2/dict_0007_0134.uasset" 9814
"../../../Engine/Content/EngineMaterials/Substrate/Glints2/dict_0007_0135.uasset" 9815
"../../../Engine/Content/EngineMaterials/Substrate/Glints2/dict_0007_0136.uasset" 9816
"../../../Engine/Content/EngineMaterials/Substrate/Glints2/dict_0007_0132.uasset" 9817
"../../../Engine/Content/EngineMaterials/Substrate/Glints2/dict_0007_0124.uasset" 9818
"../../../Engine/Content/EngineMaterials/Substrate/Glints2/dict_0007_0137.uasset" 9819
"../../../Engine/Content/EngineMaterials/Substrate/Glints2/dict_0007_0125.uasset" 9820
"../../../Engine/Content/EngineMaterials/Substrate/Glints2/dict_0007_0126.uasset" 9821
"/Engine/EngineMaterials/Substrate/Glints2/dict_0007_0136" 9822
"/Engine/EngineMaterials/Substrate/Glints2/dict_0007_0135" 9823
"/Engine/EngineMaterials/Substrate/Glints2/dict_0007_0134" 9824
"/Engine/EngineMaterials/Substrate/Glints2/dict_0007_0126" 9825
"/Engine/EngineMaterials/Substrate/Glints2/dict_0007_0125" 9826
"../../../Engine/Content/EngineMaterials/Substrate/Glints2/dict_0007_0138.uasset" 9827
"/Engine/EngineMaterials/Substrate/Glints2/dict_0007_0124" 9828
"/Engine/EngineMaterials/Substrate/Glints2/dict_0007_0133" 9829
"/Engine/EngineMaterials/Substrate/Glints2/dict_0007_0132" 9830
"/Engine/EngineMaterials/Substrate/Glints2/dict_0007_0131" 9831
"/Engine/EngineMaterials/Substrate/Glints2/dict_0007_0137" 9832
"/Engine/EngineMaterials/Substrate/Glints2/dict_0007_0138" 9833
"../../../Engine/Content/EngineMaterials/Substrate/Glints2/dict_0007_0102.uasset" 9834
"../../../Engine/Content/EngineMaterials/Substrate/Glints2/dict_0007_0139.uasset" 9835
"../../../Engine/Content/EngineMaterials/Substrate/Glints2/dict_0007_0146.uasset" 9836
"/Engine/EngineMaterials/Substrate/Glints2/dict_0007_0102" 9837
"../../../Engine/Content/EngineMaterials/Substrate/Glints2/dict_0007_0145.uasset" 9838
"/Engine/EngineMaterials/Substrate/Glints2/dict_0007_0139" 9839
"/Engine/EngineMaterials/Substrate/Glints2/dict_0007_0146" 9840
"/Engine/EngineMaterials/Substrate/Glints2/dict_0007_0145" 9841
"../../../Engine/Content/EngineMaterials/Substrate/Glints2/dict_0007_0143.uasset" 9842
"../../../Engine/Content/EngineMaterials/Substrate/Glints2/dict_0007_0141.uasset" 9843
"../../../Engine/Content/EngineMaterials/Substrate/Glints2/dict_0007_0140.uasset" 9844
"../../../Engine/Content/EngineMaterials/Substrate/Glints2/dict_0007_0148.uasset" 9845
"/Engine/EngineMaterials/Substrate/Glints2/dict_0007_0143" 9846
"../../../Engine/Content/EngineMaterials/Substrate/Glints2/dict_0007_0142.uasset" 9847
"/Engine/EngineMaterials/Substrate/Glints2/dict_0007_0141" 9848
"../../../Engine/Content/EngineMaterials/Substrate/Glints2/dict_0007_0144.uasset" 9849
"/Engine/EngineMaterials/Substrate/Glints2/dict_0007_0140" 9850
"../../../Engine/Content/EngineMaterials/Substrate/Glints2/dict_0007_0147.uasset" 9851
"/Engine/EngineMaterials/Substrate/Glints2/dict_0007_0148" 9852
"/Engine/EngineMaterials/Substrate/Glints2/dict_0007_0142" 9853
"/Engine/EngineMaterials/Substrate/Glints2/dict_0007_0144" 9854
"/Engine/EngineMaterials/Substrate/Glints2/dict_0007_0147" 9855
"../../../Engine/Content/EngineMaterials/Substrate/Glints2/dict_0007_0109.uasset" 9856
"/Engine/EngineMaterials/Substrate/Glints2/dict_0007_0109" 9857
"../../../Engine/Content/EngineMaterials/Substrate/Glints2/dict_0007_0149.uasset" 9858
"../../../Engine/Content/EngineMaterials/Substrate/Glints2/dict_0007_0150.uasset" 9859
"/Engine/EngineMaterials/Substrate/Glints2/dict_0007_0150" 9860
"/Engine/EngineMaterials/Substrate/Glints2/dict_0007_0149" 9861
"../../../Engine/Content/EngineMaterials/Substrate/Glints2/dict_0007_0151.uasset" 9862
"../../../Engine/Content/EngineMaterials/Substrate/Glints2/dict_0007_0154.uasset" 9863
"/Engine/EngineMaterials/Substrate/Glints2/dict_0007_0154" 9864
"/Engine/EngineMaterials/Substrate/Glints2/dict_0007_0151" 9865
"../../../Engine/Content/EngineMaterials/Substrate/Glints2/dict_0007_0158.uasset" 9866
"../../../Engine/Content/EngineMaterials/Substrate/Glints2/dict_0007_0153.uasset" 9867
"../../../Engine/Content/EngineMaterials/Substrate/Glints2/dict_0007_0152.uasset" 9868
"../../../Engine/Content/EngineMaterials/Substrate/Glints2/dict_0007_0157.uasset" 9869
"../../../Engine/Content/EngineMaterials/Substrate/Glints2/dict_0007_0159.uasset" 9870
"../../../Engine/Content/EngineMaterials/Substrate/Glints2/dict_0007_0160.uasset" 9871
"/Engine/EngineMaterials/Substrate/Glints2/dict_0007_0153" 9872
"/Engine/EngineMaterials/Substrate/Glints2/dict_0007_0152" 9873
"../../../Engine/Content/EngineMaterials/Substrate/Glints2/dict_0007_0155.uasset" 9874
"/Engine/EngineMaterials/Substrate/Glints2/dict_0007_0157" 9875
"/Engine/EngineMaterials/Substrate/Glints2/dict_0007_0160" 9876
"/Engine/EngineMaterials/Substrate/Glints2/dict_0007_0159" 9877
"/Engine/EngineMaterials/Substrate/Glints2/dict_0007_0158" 9878
"/Engine/EngineMaterials/Substrate/Glints2/dict_0007_0155" 9879
"../../../Engine/Content/EngineMaterials/Substrate/Glints2/dict_0007_0156.uasset" 9880
"../../../Engine/Content/EngineMaterials/Substrate/Glints2/dict_0007_0161.uasset" 9881
"../../../Engine/Content/EngineMaterials/Substrate/Glints2/dict_0007_0162.uasset" 9882
"/Engine/EngineMaterials/Substrate/Glints2/dict_0007_0156" 9883
"/Engine/EngineMaterials/Substrate/Glints2/dict_0007_0162" 9884
"/Engine/EngineMaterials/Substrate/Glints2/dict_0007_0161" 9885
"../../../Engine/Content/EngineMaterials/Substrate/Glints2/dict_0007_0167.uasset" 9886
"../../../Engine/Content/EngineMaterials/Substrate/Glints2/dict_0007_0163.uasset" 9887
"../../../Engine/Content/EngineMaterials/Substrate/Glints2/dict_0007_0168.uasset" 9888
"/Engine/EngineMaterials/Substrate/Glints2/dict_0007_0167" 9889
"/Engine/EngineMaterials/Substrate/Glints2/dict_0007_0163" 9890
"/Engine/EngineMaterials/Substrate/Glints2/dict_0007_0168" 9891
"../../../Engine/Content/EngineMaterials/Substrate/Glints2/dict_0007_0169.uasset" 9892
"../../../Engine/Content/EngineMaterials/Substrate/Glints2/dict_0007_0174.uasset" 9893
"../../../Engine/Content/EngineMaterials/Substrate/Glints2/dict_0007_0173.uasset" 9894
"../../../Engine/Content/EngineMaterials/Substrate/Glints2/dict_0007_0171.uasset" 9895
"/Engine/EngineMaterials/Substrate/Glints2/dict_0007_0171" 9896
"../../../Engine/Content/EngineMaterials/Substrate/Glints2/dict_0007_0172.uasset" 9897
"/Engine/EngineMaterials/Substrate/Glints2/dict_0007_0174" 9898
"/Engine/EngineMaterials/Substrate/Glints2/dict_0007_0173" 9899
"/Engine/EngineMaterials/Substrate/Glints2/dict_0007_0169" 9900
"/Engine/EngineMaterials/Substrate/Glints2/dict_0007_0172" 9901
"../../../Engine/Content/EngineMaterials/Substrate/Glints2/dict_0007_0170.uasset" 9902
"../../../Engine/Content/EngineMaterials/Substrate/Glints2/dict_0007_0177.uasset" 9903
"../../../Engine/Content/EngineMaterials/Substrate/Glints2/dict_0007_0178.uasset" 9904
"../../../Engine/Content/EngineMaterials/Substrate/Glints2/dict_0007_0166.uasset" 9905
"/Engine/EngineMaterials/Substrate/Glints2/dict_0007_0166" 9906
"/Engine/EngineMaterials/Substrate/Glints2/dict_0007_0178" 9907
"/Engine/EngineMaterials/Substrate/Glints2/dict_0007_0170" 9908
"/Engine/EngineMaterials/Substrate/Glints2/dict_0007_0177" 9909
"../../../Engine/Content/EngineMaterials/Substrate/Glints2/dict_0007_0164.uasset" 9910
"../../../Engine/Content/EngineMaterials/Substrate/Glints2/dict_0007_0176.uasset" 9911
"../../../Engine/Content/EngineMaterials/Substrate/Glints2/dict_0007_0175.uasset" 9912
"/Engine/EngineMaterials/Substrate/Glints2/dict_0007_0176" 9913
"/Engine/EngineMaterials/Substrate/Glints2/dict_0007_0164" 9914
"/Engine/EngineMaterials/Substrate/Glints2/dict_0007_0175" 9915
"../../../Engine/Content/EngineMaterials/Substrate/Glints2/dict_0007_0179.uasset" 9916
"../../../Engine/Content/EngineMaterials/Substrate/Glints2/dict_0007_0185.uasset" 9917
"../../../Engine/Content/EngineMaterials/Substrate/Glints2/dict_0007_0184.uasset" 9918
"../../../Engine/Content/EngineMaterials/Substrate/Glints2/dict_0007_0183.uasset" 9919
"/Engine/EngineMaterials/Substrate/Glints2/dict_0007_0179" 9920
"/Engine/EngineMaterials/Substrate/Glints2/dict_0007_0184" 9921
"/Engine/EngineMaterials/Substrate/Glints2/dict_0007_0185" 9922
"/Engine/EngineMaterials/Substrate/Glints2/dict_0007_0183" 9923
"../../../Engine/Content/EngineMaterials/Substrate/Glints2/dict_0007_0182.uasset" 9924
"../../../Engine/Content/EngineMaterials/Substrate/Glints2/dict_0007_0181.uasset" 9925
"../../../Engine/Content/EngineMaterials/Substrate/Glints2/dict_0007_0180.uasset" 9926
"../../../Engine/Content/EngineMaterials/Substrate/Glints2/dict_0007_0189.uasset" 9927
"../../../Engine/Content/EngineMaterials/Substrate/Glints2/dict_0007_0188.uasset" 9928
"../../../Engine/Content/EngineMaterials/Substrate/Glints2/dict_0007_0187.uasset" 9929
"/Engine/EngineMaterials/Substrate/Glints2/dict_0007_0180" 9930
"/Engine/EngineMaterials/Substrate/Glints2/dict_0007_0189" 9931
"/Engine/EngineMaterials/Substrate/Glints2/dict_0007_0188" 9932
"/Engine/EngineMaterials/Substrate/Glints2/dict_0007_0187" 9933
"/Engine/EngineMaterials/Substrate/Glints2/dict_0007_0182" 9934
"/Engine/EngineMaterials/Substrate/Glints2/dict_0007_0181" 9935
"../../../Engine/Content/EngineMaterials/Substrate/Glints2/dict_0007_0190.uasset" 9936
"../../../Engine/Content/EngineMaterials/Substrate/Glints2/dict_0007_0186.uasset" 9937
"/Engine/EngineMaterials/Substrate/Glints2/dict_0007_0190" 9938
"/Engine/EngineMaterials/Substrate/Glints2/dict_0007_0186" 9939
"../../../Engine/Content/EngineMaterials/Substrate/Glints2/dict_0007_0198.uasset" 9940
"../../../Engine/Content/EngineMaterials/Substrate/Glints2/dict_0007_0197.uasset" 9941
"../../../Engine/Content/EngineMaterials/Substrate/Glints2/dict_0007_0195.uasset" 9942
"../../../Engine/Content/EngineMaterials/Substrate/Glints2/dict_0007_0196.uasset" 9943
"/Engine/EngineMaterials/Substrate/Glints2/dict_0007_0196" 9944
"/Engine/EngineMaterials/Substrate/Glints2/dict_0007_0195" 9945
"/Engine/EngineMaterials/Substrate/Glints2/dict_0007_0197" 9946
"/Engine/EngineMaterials/Substrate/Glints2/dict_0007_0198" 9947
"../../../Engine/Content/EngineMaterials/Substrate/Glints2/dict_0007_0192.uasset" 9948
"../../../Engine/Content/EngineMaterials/Substrate/Glints2/dict_0007_0191.uasset" 9949
"../../../Engine/Content/EngineMaterials/Substrate/Glints2/dict_0007_0199.uasset" 9950
"/Engine/EngineMaterials/Substrate/Glints2/dict_0007_0191" 9951
"/Engine/EngineMaterials/Substrate/Glints2/dict_0007_0192" 9952
"/Engine/EngineMaterials/Substrate/Glints2/dict_0007_0199" 9953
"../../../Engine/Content/EngineMaterials/Substrate/Glints2/dict_0007_0193.uasset" 9954
"/Engine/EngineMaterials/Substrate/Glints2/dict_0007_0193" 9955
"../../../Engine/Content/EngineMaterials/Substrate/Glints2/dict_0007_0200.uasset" 9956
"/Engine/EngineMaterials/Substrate/Glints2/dict_0007_0200" 9957
"../../../Engine/Content/EngineMaterials/Substrate/Glints2/dict_0007_0165.uasset" 9958
"../../../Engine/Content/EngineMaterials/Substrate/Glints2/dict_0007_0194.uasset" 9959
"/Engine/EngineMaterials/Substrate/Glints2/dict_0007_0194" 9960
"/Engine/EngineMaterials/Substrate/Glints2/dict_0007_0165" 9961
"../../../Engine/Content/EngineMaterials/Substrate/Glints2/dict_0007_0202.uasset" 9962
"../../../Engine/Content/EngineMaterials/Substrate/Glints2/dict_0007_0201.uasset" 9963
"/Engine/EngineMaterials/Substrate/Glints2/dict_0007_0201" 9964
"/Engine/EngineMaterials/Substrate/Glints2/dict_0007_0202" 9965
"../../../Engine/Content/EngineMaterials/Substrate/Glints2/dict_0007_0206.uasset" 9966
"../../../Engine/Content/EngineMaterials/Substrate/Glints2/dict_0007_0204.uasset" 9967
"../../../Engine/Content/EngineMaterials/Substrate/Glints2/dict_0007_0203.uasset" 9968
"/Engine/EngineMaterials/Substrate/Glints2/dict_0007_0206" 9969
"/Engine/EngineMaterials/Substrate/Glints2/dict_0007_0204" 9970
"/Engine/EngineMaterials/Substrate/Glints2/dict_0007_0203" 9971
"../../../Engine/Content/EngineMaterials/Substrate/Glints2/dict_0007_0205.uasset" 9972
"/Engine/EngineMaterials/Substrate/Glints2/dict_0007_0205" 9973
"../../../Engine/Content/EngineMaterials/Substrate/Glints2/dict_0007_0210.uasset" 9974
"../../../Engine/Content/EngineMaterials/Substrate/Glints2/dict_0007_0209.uasset" 9975
"../../../Engine/Content/EngineMaterials/Substrate/Glints2/dict_0007_0208.uasset" 9976
"../../../Engine/Content/EngineMaterials/Substrate/Glints2/dict_0007_0207.uasset" 9977
"/Engine/EngineMaterials/Substrate/Glints2/dict_0007_0209" 9978
"/Engine/EngineMaterials/Substrate/Glints2/dict_0007_0208" 9979
"/Engine/EngineMaterials/Substrate/Glints2/dict_0007_0207" 9980
"/Engine/EngineMaterials/Substrate/Glints2/dict_0007_0210" 9981
"../../../Engine/Content/EngineMaterials/Substrate/Glints2/dict_0007_0213.uasset" 9982
"../../../Engine/Content/EngineMaterials/Substrate/Glints2/dict_0007_0216.uasset" 9983
"../../../Engine/Content/EngineMaterials/Substrate/Glints2/dict_0007_0217.uasset" 9984
"../../../Engine/Content/EngineMaterials/Substrate/Glints2/dict_0007_0215.uasset" 9985
"../../../Engine/Content/EngineMaterials/Substrate/Glints2/dict_0007_0218.uasset" 9986
"/Engine/EngineMaterials/Substrate/Glints2/dict_0007_0218" 9987
"/Engine/EngineMaterials/Substrate/Glints2/dict_0007_0217" 9988
"/Engine/EngineMaterials/Substrate/Glints2/dict_0007_0216" 9989
"/Engine/EngineMaterials/Substrate/Glints2/dict_0007_0213" 9990
"/Engine/EngineMaterials/Substrate/Glints2/dict_0007_0215" 9991
"../../../Engine/Content/EngineMaterials/Substrate/Glints2/dict_0007_0221.uasset" 9992
"/Engine/EngineMaterials/Substrate/Glints2/dict_0007_0221" 9993
"../../../Engine/Content/EngineMaterials/Substrate/Glints2/dict_0007_0212.uasset" 9994
"../../../Engine/Content/EngineMaterials/Substrate/Glints2/dict_0007_0211.uasset" 9995
"/Engine/EngineMaterials/Substrate/Glints2/dict_0007_0212" 9996
"../../../Engine/Content/EngineMaterials/Substrate/Glints2/dict_0007_0226.uasset" 9997
"../../../Engine/Content/EngineMaterials/Substrate/Glints2/dict_0007_0224.uasset" 9998
"/Engine/EngineMaterials/Substrate/Glints2/dict_0007_0211" 9999
"../../../Engine/Content/EngineMaterials/Substrate/Glints2/dict_0007_0225.uasset" 10000
"/Engine/EngineMaterials/Substrate/Glints2/dict_0007_0225" 10001
"../../../Engine/Content/EngineMaterials/Substrate/Glints2/dict_0007_0223.uasset" 10002
"/Engine/EngineMaterials/Substrate/Glints2/dict_0007_0224" 10003
"/Engine/EngineMaterials/Substrate/Glints2/dict_0007_0226" 10004
"/Engine/EngineMaterials/Substrate/Glints2/dict_0007_0223" 10005
"../../../Engine/Content/EngineMaterials/Substrate/Glints2/dict_0007_0229.uasset" 10006
"/Engine/EngineMaterials/Substrate/Glints2/dict_0007_0229" 10007
"../../../Engine/Content/EngineMaterials/Substrate/Glints2/dict_0007_0214.uasset" 10008
"../../../Engine/Content/EngineMaterials/Substrate/Glints2/dict_0007_0219.uasset" 10009
"../../../Engine/Content/EngineMaterials/Substrate/Glints2/dict_0007_0233.uasset" 10010
"../../../Engine/Content/EngineMaterials/Substrate/Glints2/dict_0007_0234.uasset" 10011
"/Engine/EngineMaterials/Substrate/Glints2/dict_0007_0234" 10012
"/Engine/EngineMaterials/Substrate/Glints2/dict_0007_0219" 10013
"/Engine/EngineMaterials/Substrate/Glints2/dict_0007_0214" 10014
"/Engine/EngineMaterials/Substrate/Glints2/dict_0007_0233" 10015
"../../../Engine/Content/EngineMaterials/Substrate/Glints2/dict_0007_0232.uasset" 10016
"../../../Engine/Content/EngineMaterials/Substrate/Glints2/dict_0007_0231.uasset" 10017
"../../../Engine/Content/EngineMaterials/Substrate/Glints2/dict_0007_0237.uasset" 10018
"../../../Engine/Content/EngineMaterials/Substrate/Glints2/dict_0007_0236.uasset" 10019
"../../../Engine/Content/EngineMaterials/Substrate/Glints2/dict_0007_0238.uasset" 10020
"../../../Engine/Content/EngineMaterials/Substrate/Glints2/dict_0007_0235.uasset" 10021
"/Engine/EngineMaterials/Substrate/Glints2/dict_0007_0232" 10022
"/Engine/EngineMaterials/Substrate/Glints2/dict_0007_0237" 10023
"/Engine/EngineMaterials/Substrate/Glints2/dict_0007_0231" 10024
"/Engine/EngineMaterials/Substrate/Glints2/dict_0007_0238" 10025
"/Engine/EngineMaterials/Substrate/Glints2/dict_0007_0236" 10026
"/Engine/EngineMaterials/Substrate/Glints2/dict_0007_0235" 10027
"../../../Engine/Content/EngineMaterials/Substrate/Glints2/dict_0007_0228.uasset" 10028
"../../../Engine/Content/EngineMaterials/Substrate/Glints2/dict_0007_0230.uasset" 10029
"../../../Engine/Content/EngineMaterials/Substrate/Glints2/dict_0007_0222.uasset" 10030
"../../../Engine/Content/EngineMaterials/Substrate/Glints2/dict_0007_0220.uasset" 10031
"../../../Engine/Content/EngineMaterials/Substrate/Glints2/dict_0007_0227.uasset" 10032
"/Engine/EngineMaterials/Substrate/Glints2/dict_0007_0228" 10033
"/Engine/EngineMaterials/Substrate/Glints2/dict_0007_0230" 10034
"/Engine/EngineMaterials/Substrate/Glints2/dict_0007_0227" 10035
"/Engine/EngineMaterials/Substrate/Glints2/dict_0007_0220" 10036
"/Engine/EngineMaterials/Substrate/Glints2/dict_0007_0222" 10037
"../../../Engine/Content/EngineMaterials/Substrate/Glints2/dict_0007_0239.uasset" 10038
"/Engine/EngineMaterials/Substrate/Glints2/dict_0007_0239" 10039
"../../../Engine/Content/EngineMaterials/Substrate/Glints2/dict_0007_0243.uasset" 10040
"../../../Engine/Content/EngineMaterials/Substrate/Glints2/dict_0007_0246.uasset" 10041
"../../../Engine/Content/EngineMaterials/Substrate/Glints2/dict_0007_0244.uasset" 10042
"../../../Engine/Content/EngineMaterials/Substrate/Glints2/dict_0007_0241.uasset" 10043
"../../../Engine/Content/EngineMaterials/Substrate/Glints2/dict_0007_0242.uasset" 10044
"../../../Engine/Content/EngineMaterials/Substrate/Glints2/dict_0007_0240.uasset" 10045
"/Engine/EngineMaterials/Substrate/Glints2/dict_0007_0242" 10046
"/Engine/EngineMaterials/Substrate/Glints2/dict_0007_0241" 10047
"/Engine/EngineMaterials/Substrate/Glints2/dict_0007_0240" 10048
"/Engine/EngineMaterials/Substrate/Glints2/dict_0007_0246" 10049
"/Engine/EngineMaterials/Substrate/Glints2/dict_0007_0244" 10050
"/Engine/EngineMaterials/Substrate/Glints2/dict_0007_0243" 10051
"../../../Engine/Content/EngineMaterials/Substrate/Glints2/dict_0007_0250.uasset" 10052
"../../../Engine/Content/EngineMaterials/Substrate/Glints2/dict_0007_0248.uasset" 10053
"../../../Engine/Content/EngineMaterials/Substrate/Glints2/dict_0007_0247.uasset" 10054
"../../../Engine/Content/EngineMaterials/Substrate/Glints2/dict_0007_0249.uasset" 10055
"/Engine/EngineMaterials/Substrate/Glints2/dict_0007_0250" 10056
"/Engine/EngineMaterials/Substrate/Glints2/dict_0007_0249" 10057
"../../../Engine/Content/EngineMaterials/Substrate/Glints2/dict_0007_0254.uasset" 10058
"/Engine/EngineMaterials/Substrate/Glints2/dict_0007_0248" 10059
"/Engine/EngineMaterials/Substrate/Glints2/dict_0007_0247" 10060
"../../../Engine/Content/EngineMaterials/Substrate/Glints2/dict_0007_0251.uasset" 10061
"/Engine/EngineMaterials/Substrate/Glints2/dict_0007_0251" 10062
"/Engine/EngineMaterials/Substrate/Glints2/dict_0007_0254" 10063
"../../../Engine/Content/EngineMaterials/Substrate/Glints2/dict_0007_0253.uasset" 10064
"../../../Engine/Content/EngineMaterials/Substrate/Volume/SubstrateSimpleVolumeLUT3D.uasset" 10065
"../../../Engine/Content/EngineMaterials/Substrate/Glints2/dict_0007_0255.uasset" 10066
"/Engine/EngineMaterials/Substrate/Glints2/dict_0007_0253" 10067
"/Engine/EngineMaterials/Substrate/Glints2/dict_0007_0255" 10068
"../../../Engine/Content/EngineMaterials/PPM_DefaultCalibrationColor.uasset" 10069
"../../../Engine/Content/EngineMaterials/PPM_DefaultCalibrationGrayscale.uasset" 10070
"../../../Engine/Content/EngineMaterials/Substrate/Volume/SubstrateSimpleVolumeLUT2D.uasset" 10071
"/Engine/EngineMaterials/Substrate/Volume/SubstrateSimpleVolumeLUT3D" 10072
"../../../Engine/Content/EngineMaterials/Substrate/Glints2/AGlintTex2dArray2.uasset" 10073
"../../../Engine/Content/EngineMaterials/DefaultCalibrationColor.uasset" 10074
"../../../Engine/Content/EngineMaterials/DefaultCalibrationGrayscale.uasset" 10075
"/Engine/EngineMaterials/PPM_DefaultCalibrationGrayscale" 10076
"../../../Engine/Content/EngineMaterials/Substrate/Glints2/dict_0007_0245.uasset" 10077
"/Engine/EngineMaterials/PPM_DefaultCalibrationColor" 10078
"/Engine/EngineMaterials/Substrate/Glints2/dict_0007_0245" 10079
"../../../Engine/Plugins/Interchange/Assets/Content/Functions/MX_Displacement.uasset" 10080
"../../../Engine/Plugins/Interchange/Assets/Content/Functions/MX_Surface.uasset" 10081
"../../../Engine/Content/EngineMaterials/Substrate/Volume/SubstrateSimpleVolumeEnvLUT3D.uasset" 10082
"../../../Engine/Content/EngineMaterials/Substrate/Glints2/dict_0007_0252.uasset" 10083
"../../../Engine/Content/Functions/Engine_MaterialFunctions03/Procedurals/HeightToNormalSmooth.uasset" 10084
"../../../Engine/Content/Functions/MaterialLayerFunctions/MatLayerBlend_OverrideOpacity.uasset" 10085
"/Engine/Functions/MaterialLayerFunctions/MatLayerBlend_OverrideOpacity" 10086
"/Engine/EngineMaterials/Substrate/Glints2/dict_0007_0252" 10087
"/Engine/Functions/Engine_MaterialFunctions03/Procedurals/HeightToNormalSmooth" 10088
"../../../Engine/Content/Functions/Engine_MaterialFunctions02/Utility/BlendAngleCorrectedNormals.uasset" 10089
"/Engine/EngineMaterials/Substrate/Glints2/AGlintTex2dArray2" 10090
"../../../Engine/Content/EngineMaterials/Substrate/Volume/SubstrateSimpleVolumeEnvLUT2D.uasset" 10091
"../../../Engine/Plugins/NNE/NNEDenoiser/Content/NNEDTIM_ColorAlbedoNormal_Default.uasset" 10092
"../../../Engine/Plugins/NNE/NNEDenoiser/Content/NNEDTOM_Output_Alpha.uasset" 10093
"../../../Engine/Plugins/NNE/NNEDenoiser/Content/NNEDIM_ColorAlbedoNormal_Default.uasset" 10094
"../../../Engine/Plugins/NNE/NNEDenoiser/Content/NNEDTIM_ColorAlbedoNormal_Alpha.uasset" 10095
"../../../Engine/Plugins/NNE/NNEDenoiser/Content/NNEDIM_HighQuality_Alpha.uasset" 10096
"../../../Engine/Plugins/NNE/NNEDenoiser/Content/NNEDT_Oidn2-3_Balanced_Alpha.uasset" 10097
"/InterchangeAssets/Functions/MX_Surface" 10098
"/NNEDenoiser/NNEDTIM_ColorAlbedoNormal_Default" 10099
"../../../Engine/Plugins/NNE/NNEDenoiser/Content/NNEDOM_Output_Alpha.uasset" 10100
"../../../Engine/Plugins/NNE/NNEDenoiser/Content/NNEDT_Oidn2-3_Balanced.uasset" 10101
"/NNEDenoiser/NNEDTIM_ColorAlbedoNormal_Alpha" 10102
"/NNEDenoiser/NNEDT_Oidn2-3_Balanced_Alpha" 10103
"/Engine/EngineMaterials/Substrate/Volume/SubstrateSimpleVolumeEnvLUT2D" 10104
"/InterchangeAssets/Functions/MX_Displacement" 10105
"../../../Engine/Plugins/NNE/NNEDenoiser/Content/NNED_Oidn2-3_Balanced.uasset" 10106
"../../../Engine/Plugins/NNE/NNEDenoiser/Content/NNEDIM_ColorAlbedoNormal_Alpha.uasset" 10107
"../../../Engine/Plugins/NNE/NNEDenoiser/Content/NNEDOM_Output_Default.uasset" 10108
"../../../Engine/Plugins/NNE/NNEDenoiser/Content/NNEDIM_HighQuality_Default.uasset" 10109
"../../../Engine/Plugins/NNE/NNEDenoiser/Content/NNED_Oidn2-3_Balanced_Alpha.uasset" 10110
"../../../Engine/Plugins/NNE/NNEDenoiser/Content/NNED_Oidn2-3_Fast.uasset" 10111
"../../../Engine/Plugins/NNE/NNEDenoiser/Content/NNED_Oidn2-3_Fast_Alpha.uasset" 10112
"/NNEDenoiser/NNEDTOM_Output_Alpha" 10113
"../../../Engine/Plugins/NNE/NNEDenoiser/Content/NNEDTOM_Output_Default.uasset" 10114
"/NNEDenoiser/NNEDIM_HighQuality_Alpha" 10115
"/Engine/EngineMaterials/Substrate/Volume/SubstrateSimpleVolumeEnvLUT3D" 10116
"/NNEDenoiser/NNEDIM_ColorAlbedoNormal_Default" 10117
"/NNEDenoiser/NNED_Oidn2-3_Fast_Alpha" 10118
"/NNEDenoiser/NNED_Oidn2-3_Fast" 10119
"/NNEDenoiser/NNEDIM_ColorAlbedoNormal_Alpha" 10120
"/NNEDenoiser/NNEDOM_Output_Default" 10121
"/NNEDenoiser/NNEDT_Oidn2-3_Balanced" 10122
"/NNEDenoiser/NNEDTOM_Output_Default" 10123
"../../../Engine/Plugins/NNE/NNEDenoiser/Content/NNED_Oidn2-3_HighQuality_Alpha.uasset" 10124
"../../../Engine/Plugins/NNE/NNEDenoiser/Content/NNED_Oidn2-3_HighQuality.uasset" 10125
"../../../Engine/Plugins/NNE/NNEDenoiser/Content/NNE_oidn2-3-0_rt_hdr_alb_nrm__dyn__fp16_opset11_ForwardAlpha.uasset" 10126
"../../../Engine/Content/EngineDebugMaterials/DebugEditorMaterial.uasset" 10127
"../../../Engine/Plugins/NNE/NNEDenoiser/Content/NNE_oidn2-3-0_rt_hdr_alb_nrm__dyn__fp16_opset11_DenoiseAlpha.uasset" 10128
"../../../Engine/Plugins/NNE/NNEDenoiser/Content/NNE_oidn2-3-0_rt_hdr_alb_nrm_small__dyn__fp16_opset11_DenoiseAlpha.uasset" 10129
"../../../Engine/Plugins/NNE/NNEDenoiser/Content/NNE_oidn2-3-0_rt_hdr_alb_nrm_small__dyn__fp16_opset11_ForwardAlpha.uasset" 10130
"../../../Engine/Content/EditorResources/BSPVertex.uasset" 10131
"../../../Engine/Content/EngineMaterials/DefaultBloomKernel.uasset" 10132
"../../../Engine/Content/EngineMaterials/LTC/Sheen_LTC.uasset" 10133
"../../../Engine/Content/EngineMaterials/FastBlueNoise_vec2_128x128x64.uasset" 10134
"../../../Engine/Content/EngineSounds/Master.uasset" 10135
"../../../Engine/Plugins/Interchange/Runtime/Content/Pipelines/DefaultAssetsPipeline.uasset" 10136
"../../../Engine/Plugins/Interchange/Runtime/Content/Pipelines/DefaultMaterialXPipeline.uasset" 10137
"../../../Engine/Content/EngineResources/FilmGrains/Marcie_Grain_v3_128_M2_000.uasset" 10138
"../../../Engine/Plugins/NNE/NNEDenoiser/Content/NNE_oidn2-3-0_rt_hdr_calb_cnrm_large__dyn__fp16_opset11_ForwardAlpha.uasset" 10139
"../../../Engine/Plugins/NNE/NNEDenoiser/Content/NNE_oidn2-3-0_rt_hdr_calb_cnrm_large__dyn__fp16_opset11_DenoiseAlpha.uasset" 10140
"../../../Engine/Content/EngineMaterials/EnergyConservation/Diffuse_Energy.uasset" 10141
"../../../Engine/Content/EngineResources/Development/ZenLogo_64.uasset" 10142
"../../../Engine/Content/EngineMaterials/FastBlueNoise_scalar_128x128x64.uasset" 10143
"../../../Engine/Content/EngineMaterials/FastBlueNoise_scalar_128x128x8.uasset" 10144
"../../../Engine/Content/EngineMaterials/EnergyConservation/Sheen_Energy.uasset" 10145
"../../Plugins/Animation/ControlRig/Content/Controls/ControlRig_Star4_3mm.uasset" 10146
"../../Plugins/Animation/ControlRig/Content/Controls/ControlRig_Star4_1mm.uasset" 10147
"../../Plugins/Animation/ControlRig/Content/Controls/ControlRig_Square_3mm.uasset" 10148
"../../Plugins/Animation/ControlRig/Content/Controls/ControlRig_Square_1mm.uasset" 10149
"/NNEDenoiser/NNEDOM_Output_Alpha" 10150
"/NNEDenoiser/NNEDIM_HighQuality_Default" 10151
"/NNEDenoiser/NNED_Oidn2-3_Balanced_Alpha" 10152
"/NNEDenoiser/NNED_Oidn2-3_Balanced" 10153
"../../../Engine/Plugins/Interchange/Runtime/Content/Pipelines/DefaultGLTFAssetsPipeline.uasset" 10154
"../../../Engine/Plugins/Interchange/Runtime/Content/Pipelines/DefaultGLTFPipeline.uasset" 10155
"/Engine/EngineResources/Development/ZenLogo_64" 10156
"../../../Engine/Plugins/Interchange/Runtime/Content/Pipelines/DefaultMaterialPipeline.uasset" 10157
"../../../Engine/Plugins/Interchange/Runtime/Content/Pipelines/DefaultTexturePipeline.uasset" 10158
"../../../Engine/Plugins/Interchange/Runtime/Content/Pipelines/DefaultSceneAssetsPipeline.uasset" 10159
"/NNEDenoiser/NNE_oidn2-3-0_rt_hdr_alb_nrm__dyn__fp16_opset11_ForwardAlpha" 10160
"/Interchange/Pipelines/DefaultMaterialXPipeline" 10161
"../../../Engine/Plugins/Interchange/Runtime/Content/Pipelines/DefaultSceneLevelPipeline.uasset" 10162
"../../../Engine/Plugins/Interchange/Runtime/Content/Pipelines/DefaultGLTFSceneAssetsPipeline.uasset" 10163
"../../Plugins/Animation/ControlRig/Content/Controls/ControlRig_Square_solid.uasset" 10164
"/NNEDenoiser/NNE_oidn2-3-0_rt_hdr_alb_nrm__dyn__fp16_opset11_DenoiseAlpha" 10165
"/Interchange/Pipelines/DefaultAssetsPipeline" 10166
"../../../Engine/Plugins/Interchange/Assets/Content/Functions/MX_UsdPreviewSurface.uasset" 10167
"/Engine/EngineResources/FilmGrains/Marcie_Grain_v3_128_M2_000" 10168
"/Engine/EngineSounds/Master" 10169
"/NNEDenoiser/NNE_oidn2-3-0_rt_hdr_alb_nrm_small__dyn__fp16_opset11_ForwardAlpha" 10170
"/Engine/EngineMaterials/EnergyConservation/Diffuse_Energy" 10171
"/Engine/EngineMaterials/EnergyConservation/Sheen_Energy" 10172
"/Engine/EngineMaterials/LTC/Sheen_LTC" 10173
"/NNEDenoiser/NNED_Oidn2-3_HighQuality_Alpha" 10174
"../../../Engine/Plugins/Interchange/Assets/Content/Functions/MX_SurfaceUnlit.uasset" 10175
"../../../Engine/Plugins/Interchange/Assets/Content/Functions/MX_OrenNayarBSDF.uasset" 10176
"../../Plugins/Animation/ControlRig/Content/Controls/ControlRig_RoundedTriangle_3mm.uasset" 10177
"../../Plugins/Animation/ControlRig/Content/Controls/ControlRig_RoundedTriangle_1mm.uasset" 10178
"../../Plugins/Animation/ControlRig/Content/Controls/ControlRig_Sphere_1mm.uasset" 10179
"../../Plugins/Animation/ControlRig/Content/Controls/ControlRig_RoundedTriangle_solid.uasset" 10180
"../../Plugins/Animation/ControlRig/Content/Controls/ControlRig_Sphere_3mm.uasset" 10181
"../../Plugins/Animation/ControlRig/Content/Controls/ControlRig_RoundedSquare_solid.uasset" 10182
"../../Plugins/Animation/ControlRig/Content/Controls/ControlRig_RoundedSquare_3mm.uasset" 10183
"../../Plugins/Animation/ControlRig/Content/Controls/ControlRig_RoundedSquare_1mm.uasset" 10184
"../../Plugins/Animation/ControlRig/Content/Controls/ControlRig_QuarterCircle_solid.uasset" 10185
"../../Plugins/Animation/ControlRig/Content/Controls/ControlRig_QuarterCircle_3mm.uasset" 10186
"E:/Unreal Projects/NoNeedToBrain/Intermediate/ORTOptimizerPass_OptimizedE7F705FD41CB86F2652B23BDBF19DBB6.onnx" 10187
"E:/Unreal Projects/NoNeedToBrain/Intermediate/ORTOptimizerPass_Optimized1DE7CE804FF61B4DE4D2438F79451AD7.onnx" 10188
"E:/Unreal Projects/NoNeedToBrain/Intermediate/ORTOptimizerPass_Optimized6C0B339448DD7AE4063D4EB562B86A3A.onnx" 10189
"E:/Unreal Projects/NoNeedToBrain/DerivedDataCache/VT/TEXTURE_7C16439390E24F1F9468894FB4D4BC55_VTCHUNK44B429B40BB45A070EB17C1259C28734996A2F49" 10190
"E:/Unreal Projects/NoNeedToBrain/DerivedDataCache/VT/TEXTURE_7C16439390E24F1F9468894FB4D4BC55_VTCHUNK967C747FFC357A828288FA05D93CD5DCECDA891B" 10191
"E:/Unreal Projects/NoNeedToBrain/DerivedDataCache/VT/TEXTURE_7C16439390E24F1F9468894FB4D4BC55_VTCHUNK02D4C3BCAD7DFA48AB32B8281FB06B8B83DB6275" 10192
"E:/Unreal Projects/NoNeedToBrain/Intermediate/ORTOptimizerPass_Optimized2266D7384805C49CE4AB6493AB8DC366.onnx" 10193
"E:/Unreal Projects/NoNeedToBrain/DerivedDataCache/VT/TEXTURE_7C16439390E24F1F9468894FB4D4BC55_VTCHUNK2A5F9F60441DA258D18B46D59C64D5BAD50E8EE3" 10194
"E:/Unreal Projects/NoNeedToBrain/Intermediate/ORTOptimizerPass_Optimized284956CB4A55824AD03C06ADD3A8C735.onnx" 10195
"E:/Unreal Projects/NoNeedToBrain/DerivedDataCache/VT/TEXTURE_7C16439390E24F1F9468894FB4D4BC55_VTCHUNKC0393DE8C5B4673D99D1BECB92AA8C1F72FEB491" 10196
"E:/Unreal Projects/NoNeedToBrain/Intermediate/ORTOptimizerPass_Optimized18DA3E2C4294FC8B19BF698742A4EF6C.onnx" 10197
"/Engine/EngineMaterials/FastBlueNoise_vec2_128x128x64" 10198
"/NNEDenoiser/NNE_oidn2-3-0_rt_hdr_calb_cnrm_large__dyn__fp16_opset11_DenoiseAlpha" 10199
"/Engine/EngineMaterials/DefaultBloomKernel" 10200
"/Engine/EngineMaterials/FastBlueNoise_scalar_128x128x8" 10201
"/NNEDenoiser/NNED_Oidn2-3_HighQuality" 10202
"/Engine/EditorResources/BSPVertex" 10203
"/NNEDenoiser/NNE_oidn2-3-0_rt_hdr_alb_nrm_small__dyn__fp16_opset11_DenoiseAlpha" 10204
"/Engine/EngineMaterials/FastBlueNoise_scalar_128x128x64" 10205
"/NNEDenoiser/NNE_oidn2-3-0_rt_hdr_calb_cnrm_large__dyn__fp16_opset11_ForwardAlpha" 10206
"/Engine/EngineDebugMaterials/DebugEditorMaterial" 10207
"/InterchangeAssets/Functions/MX_OrenNayarBSDF" 10208
"/InterchangeAssets/Functions/MX_UsdPreviewSurface" 10209
"/InterchangeAssets/Functions/MX_SurfaceUnlit" 10210
"/Interchange/Pipelines/DefaultGLTFSceneAssetsPipeline" 10211
"/Interchange/Pipelines/DefaultSceneLevelPipeline" 10212
"/Interchange/Pipelines/DefaultSceneAssetsPipeline" 10213
"../../../Engine/Plugins/Interchange/Assets/Content/Functions/MX_DielectricBSDF.uasset" 10214
"../../../Engine/Plugins/Interchange/Assets/Content/Functions/MX_TranslucentBSDF.uasset" 10215
"../../../Engine/Plugins/Interchange/Assets/Content/Functions/MX_ConductorBSDF.uasset" 10216
"../../../Engine/Plugins/Interchange/Assets/Content/Functions/MX_BurleyDiffuseBSDF.uasset" 10217
"../../../Engine/Plugins/Interchange/Assets/Content/Functions/MX_SheenBSDF.uasset" 10218
"../../../Engine/Plugins/Interchange/Assets/Content/Functions/MX_GeneralizedSchlickBSDF.uasset" 10219
"../../../Engine/Plugins/Interchange/Assets/Content/Functions/MX_ThinFilmBSDF.uasset" 10220
"../../../Engine/Plugins/Interchange/Assets/Content/Functions/MX_SubsurfaceBSDF.uasset" 10221
"../../../Engine/Plugins/Interchange/Assets/Content/Functions/MX_UniformEDF.uasset" 10222
"../../../Engine/Plugins/Interchange/Assets/Content/Functions/MX_ConicalEDF.uasset" 10223
"../../../Engine/Plugins/Interchange/Assets/Content/Functions/MX_MeasuredEDF.uasset" 10224
"../../../Engine/Plugins/Interchange/Assets/Content/Functions/MX_AnisotropicVDF.uasset" 10225
"../../../Engine/Plugins/Interchange/Assets/Content/Functions/MX_AbsorptionVDF.uasset" 10226
"../../../Engine/Plugins/Animation/ControlRig/Content/Controls/ControlRigGizmoMaterial.uasset" 10227
"E:/Unreal Projects/NoNeedToBrain/Intermediate/ORTOptimizerPass_Optimized333C1BCB48CFC628322866BE35860F7F.onnx" 10228
"E:/Unreal Projects/NoNeedToBrain/Intermediate/ORTOptimizerPass_Optimized805C5F9A40ED158A3D5E80AFF89F2621.onnx" 10229
"E:/Unreal Projects/NoNeedToBrain/Intermediate/ORTOptimizerPass_OptimizedDE90D51E4F1F4A52299FDC90D28FBD25.onnx" 10230
"E:/Unreal Projects/NoNeedToBrain/Intermediate/ORTOptimizerPass_Optimized387ADF5448658BCCDAFB0381A504B6DB.onnx" 10231
"E:/Unreal Projects/NoNeedToBrain/Intermediate/ORTOptimizerPass_OptimizedB42498EC4615CE7067262E8DC17EFA48.onnx" 10232
"E:/Unreal Projects/NoNeedToBrain/Intermediate/ORTOptimizerPass_OptimizedCE4AE0F542C8C113E23C9799B81816E2.onnx" 10233
"/Interchange/Pipelines/DefaultTexturePipeline" 10234
"/Interchange/Pipelines/DefaultMaterialPipeline" 10235
"/Interchange/Pipelines/DefaultGLTFPipeline" 10236
"/Interchange/Pipelines/DefaultGLTFAssetsPipeline" 10237
"/ControlRig/Controls/ControlRigGizmoMaterial" 10238
"/InterchangeAssets/Functions/MX_AnisotropicVDF" 10239
"/InterchangeAssets/Functions/MX_AbsorptionVDF" 10240
"/InterchangeAssets/Functions/MX_MeasuredEDF" 10241
"/InterchangeAssets/Functions/MX_ConicalEDF" 10242
"/InterchangeAssets/Functions/MX_UniformEDF" 10243
"/InterchangeAssets/Functions/MX_ThinFilmBSDF" 10244
"/InterchangeAssets/Functions/MX_SheenBSDF" 10245
"/InterchangeAssets/Functions/MX_SubsurfaceBSDF" 10246
"/InterchangeAssets/Functions/MX_GeneralizedSchlickBSDF" 10247
"/InterchangeAssets/Functions/MX_ConductorBSDF" 10248
"/InterchangeAssets/Functions/MX_DielectricBSDF" 10249
"/InterchangeAssets/Functions/MX_TranslucentBSDF" 10250
"/InterchangeAssets/Functions/MX_BurleyDiffuseBSDF" 10251
"E:/Unreal Projects/NoNeedToBrain/Saved/Cooked/Windows/NoNeedToBrain/Metadata/CookedSettings.txt" 10252
